utc_time,sequence,device_timestamp,connection_state,battery_percent,temperature_c,raw_accel_x,raw_accel_y,raw_accel_z,accel_mps2_x,accel_mps2_y,accel_mps2_z,raw_gyro_x,raw_gyro_y,raw_gyro_z,gyro_rads_x,gyro_rads_y,gyro_rads_z,raw_mag_x,raw_mag_y,raw_mag_z,mag_ut_x,mag_ut_y,mag_ut_z,touch_x,touch_y,touch_normalized_x,touch_normalized_y,is_touched,trigger,home,back,touchpad_click,volume_up,volume_down,no_button,raw_report_hex
2026-09-12T15:23:16.9726998+00:00,89792,140515525,Connected,72,24,-904,1594,1145,-4.3287168,7.632715,5.482722,36,-110,97,0.043984495,-0.13439706,0.11851378,3355,-6135,-34,201.3,-368.1,-2.04,0,0,0,0,0,0,0,0,0,0,0,1,C518600878FC3A067904240092FF61009E2B60085DFC420671041F009CFF62005E3E600841FC450662041A009CFF5C001B0D09E8DEFF200000184048
2026-09-12T15:23:16.9889170+00:00,89793,140529950,Connected,72,24,-969,1610,1118,-4.6399627,7.7093296,5.353435,18,-99,74,0.021992248,-0.12095736,0.09041257,3353,-6138,-30,201.18,-368.28,-1.8,0,0,0,0,0,0,0,0,0,0,0,1,1E51600837FC4A065E0412009DFF4A00DE6360083BFC45065F040A0097FF3100B776600853FC3F066704FFFF86FF1400190D06E8E2FF200000184048
2026-09-12T15:23:17.0055959+00:00,89794,140544375,Connected,72,24,-911,1604,1132,-4.3622355,7.680599,5.4204726,-8,-132,0,-0.009774332,-0.16127647,0,3351,-6139,-31,201.06,-368.34,-1.86,0,0,0,0,0,0,0,0,0,0,0,1,7789600871FC44066C04F8FF7CFF0000379C60087DFC46066A04F1FF79FFF5FFF7AE60087FFC4D066904EAFF74FFF5FF170D05E8E1FF200000184048
2026-09-12T15:23:17.0222570+00:00,89795,140558800,Connected,72,24,-899,1603,1128,-4.3047748,7.675811,5.401319,-25,-141,-10,-0.030544788,-0.17227261,-0.012217915,3349,-6142,-26,200.94,-368.52,-1.56,0,0,0,0,0,0,0,0,0,0,0,1,D0C160087DFC43066804E7FF73FFF6FFC2D460086FFC36066604E5FF6AFFF5FF50E7600866FC35066D04DDFF44FFECFF150D02E8E6FF200000184048
2026-09-12T15:23:17.0390005+00:00,89797,140587625,Connected,72,24,-964,1530,1138,-4.6160207,7.326257,5.449203,-100,-299,-133,-0.12217915,-0.36531565,-0.16249827,3345,-6143,-28,200.7,-368.58,-1.68,0,0,0,0,0,0,0,0,0,0,0,1,693261083CFCFA0572049CFFD5FE7BFF2945610845FC0306710495FFC2FE5CFFE957610856FC0A0662049AFF9EFE44FF110D01E8E4FF200000184048
2026-09-12T15:23:17.0555725+00:00,89798,140602050,Connected,72,24,-919,1540,1102,-4.4005427,7.374141,5.2768207,-81,-397,-205,-0.09896511,-0.4850512,-0.25046727,3343,-6144,-26,200.58,-368.63998,-1.56,0,0,0,0,0,0,0,0,0,0,0,1,C26A610869FC04064E04AFFF73FE33FF827D610879FCF0053E04CDFF46FE28FF4290610894FCDE052F04F1FF18FE20FF0F0D00E8E6FF200000184048
2026-09-12T15:23:17.0722442+00:00,89799,140616450,Connected,72,24,-857,1491,1065,-4.1036615,7.1395097,5.0996494,24,-523,-229,0.029322997,-0.63899696,-0.27979025,3340,-6145,-24,200.4,-368.69998,-1.4399999,0,0,0,0,0,0,0,0,0,0,0,1,02A36108A7FCD30529041800F5FD1BFFDBB56108B9FCE20520044000DFFD1AFF9BC86108BDFC060621046A00D9FD1FFF0C0DFFE7E8FF200000184048
2026-09-12T15:23:17.1056305+00:00,89801,140645300,Connected,72,24,-813,1631,1111,-3.892972,7.809886,5.3199162,209,-505,-125,0.25535443,-0.6170047,-0.15272394,3336,-6144,-21,200.15999,-368.63998,-1.26,0,0,0,0,0,0,0,0,0,0,0,1,B4136208D3FC5F065704D10007FE83FF74266208E4FC5B065B04D6001BFEA0FF34396208F0FC49066804DD002BFEBCFF080D00E8EBFF200000184048
2026-09-12T15:23:17.1223951+00:00,89802,140659700,Connected,72,24,-776,1588,1135,-3.715801,7.603985,5.434838,228,-451,-42,0.27856845,-0.55102795,-0.051315244,3334,-6146,-21,200.04,-368.75998,-1.26,0,0,0,0,0,0,0,0,0,0,0,1,F44B6208F8FC34066F04E4003DFED6FFB45E6208E1FC21067F04E8003AFEE4FF8D716208C9FC19068504E60014FEE1FF060DFEE7EBFF200000184048
2026-09-12T15:23:17.1389093+00:00,89803,140674125,Connected,72,24,-837,1556,1179,-4.0078936,7.4507556,5.645528,220,-560,-49,0.26879412,-0.6842032,-0.059867784,3333,-6146,-21,199.98,-368.75998,-1.26,0,0,0,0,0,0,0,0,0,0,0,1,4D846208BBFC14069B04DC00D0FDCFFF0D976208B1FC1F06AC04C8006CFDC1FFCDA96208B5FC2206BD04AC0010FDB3FF050DFEE7EBFF200000184048
2026-09-12T15:23:17.1555822+00:00,89804,140688550,Connected,72,24,-838,1579,1233,-4.012682,7.560889,5.9041014,144,-779,-89,0.17593798,-0.95177555,-0.10873944,3328,-6147,-20,199.68,-368.81998,-1.1999999,0,0,0,0,0,0,0,0,0,0,0,1,A6BC6208BAFC2B06D1049000F5FCA7FF66CF6208AFFC2F06EF04730010FD9CFF26E2620895FC2B06F8044F0039FD96FF000DFDE7ECFF200000184048
2026-09-12T15:23:17.1722449+00:00,89805,140702950,Connected,72,24,-905,1569,1286,-4.333505,7.513005,6.157887,42,-688,-119,0.051315244,-0.84059256,-0.1453932,3325,-6148,-19,199.5,-368.88,-1.14,0,0,0,0,0,0,0,0,0,0,0,1,E6F4620877FC210606052A0050FD89FFA607630858FC0A060F0504004EFD6EFF7F1A630841FCF2051405DBFF49FD46FFFD0CFCE7EDFF200000184048
2026-09-12T15:23:17.1889344+00:00,89807,140731775,Connected,72,24,-987,1490,1330,-4.7261543,7.1347213,6.3685765,-166,-739,-345,-0.20281738,-0.9029039,-0.42151806,3317,-6149,-15,199.01999,-368.94,-0.9,0,0,0,0,0,0,0,0,0,0,0,1,7F65630825FCD20532055AFF1DFDA7FE5878630838FCBF05440549FFFFFC92FE188B63084CFCA605430541FFD1FC85FEF50CFBE7F1FF200000184048
2026-09-12T15:23:17.2055817+00:00,89808,140746200,Connected,72,24,-938,1430,1345,-4.4915223,6.847417,6.4404025,-188,-866,-391,-0.2296968,-1.0580714,-0.47772047,3316,-6150,-13,198.95999,-369,-0.78,0,0,0,0,0,0,0,0,0,0,0,1,D89D630856FC9605410544FF9EFC79FE98B063085DFC8D05480551FF6DFC71FE71C3630861FC7905500560FF40FC68FEF40CFAE7F3FF200000184048
2026-09-12T15:23:17.2222429+00:00,89809,140760625,Connected,72,24,-930,1374,1372,-4.453215,6.579266,6.5696893,-143,-994,-424,-0.17471619,-1.2144607,-0.5180396,3312,-6153,-10,198.72,-369.18,-0.59999996,0,0,0,0,0,0,0,0,0,0,0,1,31D663085EFC5E055C0571FF1EFC58FEF1E8630869FC4E0565057BFF0BFC44FEB1FB63087CFC3B05650582FFF0FB2DFEF00CF7E7F6FF200000184048
2026-09-12T15:23:17.2389259+00:00,89810,140775025,Connected,72,24,-874,1325,1364,-4.185065,6.3446345,6.531382,-120,-1078,-484,-0.14661498,-1.3170912,-0.5913471,3308,-6156,-9,198.48,-369.36,-0.53999996,0,0,0,0,0,0,0,0,0,0,0,1,710E640896FC2D05540588FFCAFB1CFE4A216408BBFC1F054C0593FFA0FB08FE0A346408DDFCFF045005A9FF7FFBF2FDEC0CF4E7F7FF200000184048
2026-09-12T15:23:17.2555974+00:00,89811,140789450,Connected,72,24,-766,1245,1364,-3.667917,5.961562,6.531382,-58,-1181,-544,-0.07086391,-1.4429357,-0.66465455,3302,-6159,-10,198.12,-369.53998,-0.59999996,0,0,0,0,0,0,0,0,0,0,0,1,CA46640802FDDD045405C6FF63FBE0FD8A59640816FDC6045C05E4FF54FBD0FD636C64082EFDBE045A05070043FBC2FDE60CF1E7F6FF200000184048
2026-09-12T15:23:17.2722586+00:00,89813,140818300,Connected,72,24,-715,1264,1442,-3.4237084,6.0525417,6.9048777,137,-1187,-554,0.16738543,-1.4502665,-0.6768725,3290,-6166,-9,197.4,-369.96,-0.53999996,0,0,0,0,0,0,0,0,0,0,0,1,7CB7640835FDF004A20589005DFBD6FD3CCA64083AFD0D05CB058F0064FBD9FDFCDC64083BFD1F05FE0582005BFBD6FDDA0CEAE7F7FF200000184048
2026-09-12T15:23:17.3222417+00:00,89816,140861725,Connected,72,24,-736,1378,1677,-3.5242648,6.5984197,8.030152,-79,-1275,-339,-0.09652153,-1.5577842,-0.4141873,3270,-6176,-3,196.2,-370.56,-0.17999999,0,0,0,0,0,0,0,0,0,0,0,1,1D61650820FD62058D06B1FF05FBADFE4773650814FD3C058906A7FF09FBC0FEEE85650811FD110571069CFF12FBC7FEC60CE0E7FDFF200000184048
2026-09-12T15:23:17.3389087+00:00,89818,140890375,Connected,72,24,-773,1305,1484,-3.7014358,6.2488666,7.1059904,-22,-1143,-348,-0.026879413,-1.3965076,-0.42518345,3255,-6186,-1,195.3,-371.16,-0.06,0,0,0,0,0,0,0,0,0,0,0,1,07D16508FBFC1905CC05EAFF89FBA4FEC7E3650801FD48059C050900B9FB9CFE87F6650816FD77055A052100E2FB97FEB70CD6E7FFFF200000184048
2026-09-12T15:23:17.3722352+00:00,89819,140904800,Connected,72,24,-708,1462,1341,-3.3901896,7.0006456,6.421249,59,-1010,-368,0.0720857,-1.2340094,-0.44961926,3248,-6188,-1,194.87999,-371.28,-0.06,0,0,0,0,0,0,0,0,0,0,0,1,600966083CFDB6053D053B000EFC90FE201C660864FDF0054305540037FC8BFEE02E660880FD24065105670064FC89FEB00CD4E7FFFF200000184048
2026-09-12T15:23:17.3889080+00:00,89820,140919200,Connected,72,24,-598,1609,1343,-2.8634653,7.704541,6.4308257,115,-882,-370,0.14050601,-1.0776201,-0.45206285,3239,-6194,-1,194.34,-371.63998,-0.06,0,0,0,0,0,0,0,0,0,0,0,1,A0416608AAFD49063F0573008EFC8EFE79546608EBFD6C061A058600B4FCAEFE396766081DFE9D061205AF00DFFCEFFEA70CCEE7FFFF200000184048
2026-09-12T15:23:17.4055799+00:00,89821,140933625,Connected,72,24,-461,1769,1306,-2.207454,8.470686,6.253655,234,-752,-179,0.28589922,-0.9187872,-0.21870068,3233,-6194,-3,193.98,-371.63998,-0.17999999,0,0,0,0,0,0,0,0,0,0,0,1,F979660833FEE9061A05EA0010FD4DFFB98C66082BFE21073A0526013FFDB9FF929F66081DFE4007490559015EFD2600A10CCEE7FDFF200000184048
2026-09-12T15:23:17.4222463+00:00,89823,140962475,Connected,72,24,-571,1786,1284,-2.7341783,8.552089,6.14831,493,-679,373,0.6023432,-0.8295964,0.45572823,3216,-6199,-5,192.95999,-371.94,-0.29999998,0,0,0,0,0,0,0,0,0,0,0,1,ABEA6608C5FDFA060405ED0159FD75016BFD6608DAFD9506E504080221FDA2012B10670833FDC905CB041B0227FD9801900CC9E7FBFF200000184048
2026-09-12T15:23:17.4389107+00:00,89824,140976875,Connected,72,24,-701,1496,1304,-3.3566709,7.1634517,6.244078,553,-705,343,0.6756507,-0.861363,0.41907448,3203,-6201,-6,192.18,-372.06,-0.35999998,0,0,0,0,0,0,0,0,0,0,0,1,EB22670843FDD805180529023FFD5701C43567085CFDEB0525052D022AFD2401844867086EFDEC0519053D021BFDFC00830CC7E7FAFF200000184048
2026-09-12T15:23:17.4555676+00:00,89825,140991300,Connected,72,24,-647,1486,1281,-3.098097,7.1155677,6.133945,612,-727,214,0.7477364,-0.8882424,0.26146337,3199,-6203,-8,191.94,-372.18,-0.48,0,0,0,0,0,0,0,0,0,0,0,1,445B670879FDCE050105640229FDD600046E670867FD9905ED048A024FFDAE00DD8067084BFD6705D704A90275FD7E007F0CC5E7F8FF200000184048
2026-09-12T15:23:17.4722448+00:00,89826,141005725,Connected,72,24,-719,1362,1212,-3.442862,6.5218053,5.803545,709,-622,72,0.86625016,-0.75995433,0.08796899,3189,-6205,-12,191.34,-372.3,-0.71999997,0,0,0,0,0,0,0,0,0,0,0,1,9D93670831FD5205BC04C50292FD48008FA6670817FD4E059B04E302B7FD05001DB9670809FD650583040A03E9FDB8FF750CC3E7F4FF200000184048
2026-09-12T15:23:17.4891308+00:00,89827,141020150,Connected,72,24,-755,1437,1162,-3.6152446,6.8809357,5.5641246,824,-500,-137,1.0067562,-0.61089575,-0.16738543,3186,-6206,-17,191.15999,-372.36,-1.02,0,0,0,0,0,0,0,0,0,0,0,1,F6CB67080DFD9D058A0438030CFE77FFB6DE67081BFDE4058A04690308FE4EFF76F167080EEA2E045D01AE03E2FDCDFE720CC2E7EFFF200000184048
2026-09-12T15:23:17.5055708+00:00,89829,141048975,Connected,72,24,-623,1615,308,-2.9831753,7.7332716,1.4748282,1998,-2498,-4921,2.4411395,-3.052035,-6.012436,3183,-6205,-32,190.98,-372.3,-1.92,0,0,0,0,0,0,0,0,0,0,0,1,8F3C680891FD4F063401CE073EF6C7EC4F4F68088DFFEB07B7010C09B5F68DEC2862680876FF14099002090A8CF629ED6F0CC3E7E0FF200000184048
2026-09-12T15:23:17.5222287+00:00,89830,141063400,Connected,72,24,-117,2515,797,-0.5602432,12.042834,3.8163576,2698,-2628,-4589,3.2963934,-3.2108681,-5.606801,3186,-6205,-40,191.15999,-372.3,-2.3999999,0,0,0,0,0,0,0,0,0,0,0,1,E87468088BFFD3091D038A0ABCF513EEA8876808E5FF150A7003AD0A2DF5F8EE689A6808F3FFE809E0038D0AFBF4DEEF720CC3E7D8FF200000184048
2026-09-12T15:23:17.5389078+00:00,89831,141077800,Connected,72,24,-28,2454,1014,-0.1340753,11.750742,4.855441,2619,-2766,-3920,3.199872,-3.3794754,-4.7894225,3193,-6206,-60,191.58,-372.36,-3.6,0,0,0,0,0,0,0,0,0,0,0,1,28AD6808E4FF9609F6033B0A32F5B0F001C06808C7FF6C090A04AF091EF63DF1C1D268085D001609E3030009BAF788F1790CC2E7C4FF200000184048
2026-09-12T15:23:17.5555729+00:00,89832,141092225,Connected,72,24,478,2201,950,2.2888567,10.539276,4.548983,2145,-1618,-3611,2.6207428,-1.9768586,-4.411889,3199,-6208,-70,191.94,-372.47998,-4.2,0,0,0,0,0,0,0,0,0,0,0,1,81E56808DE019908B6036108AEF9E5F141F86808A60302080F04DD0738FCA6F21A0B690884047B07E3046A07CDFE1EF47F0CC0E7BAFF200000184048
2026-09-12T15:23:17.5722444+00:00,89834,141121075,Connected,72,24,1348,1631,1412,6.4547677,7.809886,6.7612257,1239,560,-216,1.5137997,0.6842032,-0.26390696,3228,-6210,-109,193.68,-372.6,-6.54,0,0,0,0,0,0,0,0,0,0,0,1,3356690844055F068405D704300228FFF3686908D8048306B504EE03C8010C02B37B69086904CE06AC030F038D0178049C0CBEE793FF200000184048
2026-09-12T15:23:17.6055899+00:00,89835,141135475,Connected,72,24,-262,1758,-57,-1.2545617,8.418014,-0.272939,641,515,1598,0.7831684,0.62922263,1.9524229,3249,-6208,-139,194.94,-372.47998,-8.34,0,0,0,0,0,0,0,0,0,0,0,1,738E6908FAFEDE06C7FF810203023E064CA169084BF88F0665FC4F032C03B1050CB4690849F6CA057FFB19056E03CA03B10CC0E775FF200000184048
2026-09-12T15:23:17.6222355+00:00,89836,141149900,Connected,72,24,-2334,1320,-1478,-11.176133,6.3206925,-7.07726,1897,639,484,2.3177385,0.78072476,0.5913471,3260,-6207,-155,195.59999,-372.41998,-9.3,0,0,0,0,0,0,0,0,0,0,0,1,CCC66908E2F628053AFA69077F02E4018CD969085CF83A0512F95D0A5902F8FF65EC690875F9E6056AF8BA0DB0030EFEBC0CC1E765FF200000184048
2026-09-12T15:23:17.6389385+00:00,89837,141164375,Connected,72,24,-997,1834,-1811,-4.7740383,8.781932,-8.671799,4412,1407,-912,5.390544,1.7190607,-1.1142738,3286,-6200,-194,197.15999,-372,-11.639999,0,0,0,0,0,0,0,0,0,0,0,1,57FF69081BFC2A07EDF83C117F0570FCE5116A087FFE6A08F7F986147807C0FBA5246A083AFF020980FD4C176C09F2FBD60CC8E73EFF200000184048
2026-09-12T15:23:17.6555793+00:00,89839,141193150,Connected,72,24,-1863,1949,2946,-8.920795,9.332599,14.106636,5508,2705,-656,6.7296276,3.304946,-0.8014952,3312,-6181,-247,198.72,-370.86,-14.82,0,0,0,0,0,0,0,0,0,0,0,1,BE6F6A08B9F89D07820B8415910A70FD7E826A081BF8BE07930FE911F5060DFD3E956A082CFB9E070E12930C77036DFCF00CDBE709FF200000184048
2026-09-12T15:23:17.6722321+00:00,89840,141207550,Connected,72,24,-707,1771,3843,-3.3854012,8.480263,18.401834,1500,596,-929,1.8326873,0.72818774,-1.1350443,3334,-6161,-308,200.04,-369.66,-18.48,0,0,0,0,0,0,0,0,0,0,0,1,FEA76A083DFDEB06030FDC0554025FFCBEBA6A082BFFFE087D118BFEDE0047FD97CD6A0886FD280AC10AEDF655FEA4FE060DEFE7CCFE200000184048
2026-09-12T15:23:17.6889152+00:00,89841,141221975,Connected,72,24,-1288,2741,1122,-6.167464,13.125013,5.3725886,-3543,-870,-185,-4.3288074,-1.0629586,-0.22603142,3344,-6152,-332,200.64,-369.12,-19.92,0,0,0,0,0,0,0,0,0,0,0,1,57E06A08F8FAB50A620429F29AFC47FF17F36A08D1F9950A9FFF18F0B9FC0BFFD7056B08E2F9040A14FEF8EF7CFEB5FE100DF8E7B4FE200000184048
2026-09-12T15:23:17.7055698+00:00,89842,141236400,Connected,72,24,-1168,2405,-627,-5.592855,11.51611,-3.0023289,-3957,-96,-254,-4.834629,-0.11729199,-0.31033504,3360,-6138,-371,201.59999,-368.28,-22.26,0,0,0,0,0,0,0,0,0,0,0,1,B0186B0870FB65098DFD8BF0A0FF02FF702B6B087CFBF308F2FC5BF1D0FFBAFF303E6B0827FB46087EFD6CF2C2FF0300200D06E88DFE200000184048
2026-09-12T15:23:17.7222333+00:00,89843,141250800,Connected,72,24,-1319,1899,-353,-6.315904,9.093178,-1.6903064,-3162,-162,-32,-3.8633046,-0.19793022,-0.039097328,3365,-6131,-387,201.9,-367.86,-23.22,0,0,0,0,0,0,0,0,0,0,0,1,F0506B08D9FA6B079FFEA6F35EFFE0FFB0636B089CFA85067500F0F462FE8CFF70766B08A6FBA806CE01FBF522FD3AFF250D0DE87DFE200000184048
2026-09-12T15:23:17.7390007+00:00,89845,141279625,Connected,72,24,-885,1892,658,-4.237737,9.059659,3.1507695,-2048,-540,330,-2.502229,-0.6597674,0.40319118,3373,-6121,-415,202.37999,-367.25998,-24.9,0,0,0,0,0,0,0,0,0,0,0,1,89C16B088BFC6407920200F8E4FD4A0162D46B08CBFBC2072D0282F8E0FE150222E76B0807FB0908D401F4F850FFA0022D0D17E861FE200000184048
2026-09-12T15:23:17.7555793+00:00,89846,141294050,Connected,72,24,-1356,2044,378,-6.493075,9.787497,1.8100165,-1727,-239,719,-2.110034,-0.29200816,0.8784681,3380,-6122,-425,202.8,-367.31998,-25.5,0,0,0,0,0,0,0,0,0,0,0,1,E2F96B08B4FAFC077A0141F911FFCF02A20C6C08E1FA94073F0181F963FEB4027B1F6C085BFBF7062701C2F9AFFD7002340D16E857FE200000184048
2026-09-12T15:23:17.7722996+00:00,89847,141308625,Connected,72,24,-1047,1642,332,-5.0134583,7.8625584,1.5897499,-1523,-687,538,-1.8607885,-0.8393707,0.65732384,3380,-6127,-427,202.8,-367.62,-25.619999,0,0,0,0,0,0,0,0,0,0,0,1,D1326C08E9FB6A064C010DFA51FD1A02FB446C0868FC1B06930167FA67FDC301BB576C08C3FC1806E801CDFAD2FD7501340D11E855FE200000184048
2026-09-12T15:23:17.7891928+00:00,89848,141322900,Connected,72,24,-798,1624,603,-3.821146,7.776367,2.8874073,-1228,-453,337,-1.5003599,-0.55347157,0.41174373,3381,-6132,-425,202.86,-367.91998,-25.5,0,0,0,0,0,0,0,0,0,0,0,1,946A6C08E2FC58065B0234FB3BFE5101547D6C08B2FC90069D0290FB70FE5C0114906C086FFC7D06D402E6FBA2FE7401350D0CE857FE200000184048
2026-09-12T15:23:17.8055706+00:00,89850,141351725,Connected,72,24,-711,1592,790,-3.4045548,7.6231384,3.7828386,-843,-9,523,-1.0299702,-0.010996124,0.63899696,3374,-6160,-393,202.44,-369.6,-23.58,0,0,0,0,0,0,0,0,0,0,0,1,2DDB6C0839FD38061603B5FCF7FF0B02EDED6C08B7FD300621032CFD11007102AD006D08BBFD2B063804CCFDD3FF1E032E0DF0E777FE200000184048
2026-09-12T15:23:17.8222371+00:00,89851,141366150,Connected,72,24,-513,1473,1110,-2.456451,7.053318,5.315128,-392,-274,1003,-0.47894228,-0.33477086,1.2254568,3367,-6184,-357,202.01999,-371.03998,-21.42,0,0,0,0,0,0,0,0,0,0,0,1,86136D08FFFDC105560478FEEEFEEB0346266D085CFE5805040313FF9DFE860406396D0807FE8A05D302B7FF52FFE004270DD8E79BFE200000184048
2026-09-12T15:23:17.8389008+00:00,89852,141380550,Connected,72,24,-1442,1682,2354,-6.9048777,8.054094,11.271901,-41,77,1239,-0.05009345,0.094077945,1.5137997,3362,-6195,-342,201.72,-371.69998,-20.52,0,0,0,0,0,0,0,0,0,0,0,1,C64B6D085EFA92063209D7FF4D00D7049F5E6D08DDF8DF06C40BE9FD6A00D7035F716D086DFBA8066407D8FB4CFF0103220DCDE7AAFE200000184048
2026-09-12T15:23:17.8555717+00:00,89853,141394975,Connected,72,24,-1003,1795,1674,-4.8027687,8.595184,8.015787,-1221,-455,788,-1.4918075,-0.5559151,0.9627717,3350,-6212,-316,201,-372.72,-18.96,0,0,0,0,0,0,0,0,0,0,0,1,1F846D0815FC03078A063BFB39FE1403DF966D08A1FCAF06E50522FBC1FD3003B8A96D080FFEE805FF0372FB99FD5A03160DBCE7C4FE200000184048
2026-09-12T15:23:17.8888995+00:00,89855,141423800,Connected,72,24,-749,546,1218,-3.5865142,2.6144683,5.8322754,-168,-973,1108,-0.20526098,-1.1888031,1.353745,3331,-6230,-283,199.86,-373.8,-16.98,0,0,0,0,0,0,0,0,0,0,0,1,B8F46D0813FD2202C20458FF33FC540491076E0862FCD201500509006EFA3503511A6E08C2FC0902C404180027FADF01030DAAE7E5FE200000184048
2026-09-12T15:23:17.9055732+00:00,89856,141438225,Connected,72,24,-516,884,918,-2.4708161,4.232949,4.3957543,-183,-838,198,-0.22358784,-1.0238613,0.24191472,3324,-6236,-276,199.44,-374.16,-16.56,0,0,0,0,0,0,0,0,0,0,0,1,112D6E08FCFD7403960349FFBAFCC600D13F6E0819FF20057E020DFE55009400AA526E0883FFF90619023CFD35024801FC0CA4E7ECFE200000184048
2026-09-12T15:23:17.9222298+00:00,89857,141452650,Connected,72,24,-56,2190,453,-0.2681506,10.486604,2.1691468,-680,430,594,-0.83081824,0.52537036,0.7257441,3307,-6246,-264,198.42,-374.75998,-15.839999,0,0,0,0,0,0,0,0,0,0,0,1,6A656E08C8FF8E08C50158FDAE01520243786E08DEFF0E09850125FE14006903EA8A6E0890FFB5089B011FFF8AFEAE04EB0C9AE7F8FE200000184048
2026-09-12T15:23:17.9389053+00:00,89858,141467075,Connected,72,24,-200,2097,438,-0.9576807,10.041282,2.0973208,2,-560,1546,0.002443583,-0.6842032,1.8888897,3298,-6247,-259,197.87999,-374.81998,-15.54,0,0,0,0,0,0,0,0,0,0,0,1,C39D6E0838FF3108B6010200D0FD0A0683B06E08C7FE7B072902C60016FE230743C36E0805FEA1063A036B010BFFB407E20C99E7FDFE200000184048
2026-09-12T15:23:17.9555649+00:00,89859,141481475,Connected,72,24,-705,1547,1199,-3.3758245,7.40766,5.741296,477,-110,1996,0.58279455,-0.13439706,2.438696,3287,-6250,-255,197.22,-375,-15.299999,0,0,0,0,0,0,0,0,0,0,0,1,03D66E083FFD0B06AF04DD0192FFCC07C3E86E0855FCF30594060F0243FF8E079CFB6E08E5FA7B074B09F60128FDF106D70C96E701FF200000184048
2026-09-12T15:23:17.9722362+00:00,89861,141510300,Connected,72,24,-820,1898,1104,-3.9264908,9.088389,5.2863975,-700,-2379,942,-0.85525405,-2.906642,1.1509275,3253,-6256,-242,195.18,-375.36,-14.5199995,0,0,0,0,0,0,0,0,0,0,0,1,9C466F08CCFC6A07500444FDB5F6AE0375596F0810FE6606A904DBFC8EF8BB03356C6F0823FFE405EB045FFCBAF9E203B50C90E70EFF200000184048
2026-09-12T15:23:17.9889464+00:00,89862,141524725,Connected,72,24,-72,1496,1249,-0.34476504,7.1634517,5.9807158,-1040,-1452,1041,-1.2706631,-1.7740413,1.2718849,3224,-6265,-231,193.44,-375.9,-13.86,0,0,0,0,0,0,0,0,0,0,0,1,F57E6F08B8FFD805E104F0FB54FA1104B5916F0881FF2006FC0499FBCDFA3C048EA46F08C1FE7E06560530FB6DFB4604980C87E719FF200000184048
2026-09-12T15:23:18.0055750+00:00,89863,141539150,Connected,72,24,-584,1768,1469,-2.7964275,8.465898,7.0341644,-1371,-962,1061,-1.6750761,-1.1753634,1.2963208,3209,-6270,-226,192.54,-376.19998,-13.559999,0,0,0,0,0,0,0,0,0,0,0,1,4EB76F08B8FDE806BD05A5FA3EFC25040ECA6F08C9FC4F07FF0502FA2DFDE703CEDC6F08F6FB8407F90555F925FEA503890C82E71EFF200000184048
2026-09-12T15:23:18.0222902+00:00,89864,141553575,Connected,72,24,-1214,1931,1453,-5.813122,9.246407,6.95755,-1876,-227,854,-2.2920809,-0.27734667,1.04341,3180,-6284,-211,190.8,-377.03998,-12.66,0,0,0,0,0,0,0,0,0,0,0,1,A7EF6F0842FB8B07AD05ACF81DFF560367027008FAFA8307A10534F8ADFFD6022715700844FB63073B05FBF76FFFFA016C0C74E72DFF200000184048
2026-09-12T15:23:18.0389855+00:00,89865,141567975,Connected,72,24,-1111,1898,1336,-5.3199162,9.088389,6.397307,-2071,-234,242,-2.5303302,-0.28589922,0.29567355,3163,-6292,-205,189.78,-377.52,-12.3,0,0,0,0,0,0,0,0,0,0,0,1,E7277008A9FB6A073805E9F716FFF200C03A70083CFC54074105F1F7B4FE1D00804D7008C7FC3A074D051FF862FE93FF5B0C6CE733FF200000184048
2026-09-12T15:23:18.0555661+00:00,89867,141596825,Connected,72,24,-220,1591,1314,-1.0534488,7.61835,6.291962,-1657,-748,-258,-2.0245085,-0.9139,-0.3152222,3123,-6324,-182,187.37999,-379.44,-10.92,0,0,0,0,0,0,0,0,0,0,0,1,9998700824FF3706220587F914FDFEFE59AB70088EFFD60553050BFA4CFC16FF32BE70080F008B05FD04ABFA1EFB36FF330C4CE74AFF200000184048
2026-09-12T15:23:18.0722299+00:00,89868,141611250,Connected,72,24,67,1343,1244,0.320823,6.4308257,5.9567738,-1193,-1498,-145,-1.4575973,-1.8302437,-0.17715977,3096,-6346,-165,185.76,-380.75998,-9.9,0,0,0,0,0,0,0,0,0,0,0,1,F2D0700843003F05DC0457FB26FA6FFFB2E37008D0FFA504250512FC34F9BFFF72F67008CCFF4A04B6043EFDC9F76300180C36E75BFF200000184048
2026-09-12T15:23:18.0889020+00:00,89869,141625650,Connected,72,24,-149,1049,1144,-0.7134721,5.023035,5.4779334,-377,-2187,264,-0.4606154,-2.672058,0.32255295,3082,-6358,-156,184.92,-381.47998,-9.36,0,0,0,0,0,0,0,0,0,0,0,1,320971086BFF1904780487FE75F708010B1C71082DFF4E04AB0497FF31F81301CB2E710860FFF0040D056D00E4F80B010A0C2AE764FF200000184048
2026-09-12T15:23:18.1055718+00:00,89870,141640075,Connected,72,24,-67,1396,1337,-0.320823,6.6846113,6.4020953,272,-1653,318,0.33232728,-2.0196214,0.3885297,3070,-6369,-148,184.2,-382.13998,-8.88,0,0,0,0,0,0,0,0,0,0,0,1,8B417108BDFF7405390510018BF93E014B5471080200B1055B0578018FFA5401246771080900A7057D05B00194FB5701FE0B1FE76CFF200000184048
2026-09-12T15:23:18.1222324+00:00,89872,141668925,Connected,72,24,-19,1444,1350,-0.090979666,6.9144545,6.4643445,548,-360,342,0.6695417,-0.43984494,0.4178527,3037,-6406,-127,182.22,-384.36,-7.62,0,0,0,0,0,0,0,0,0,0,0,1,3DB27108EDFFA4054605240298FE5601FDC47108FFFF84053605430242FF4D01BDD77108FCFF370513057102D0FF5B01DD0BFAE681FF200000184048
2026-09-12T15:23:18.1555971+00:00,89873,141683325,Connected,72,24,-147,1440,1378,-0.7038953,6.895301,6.5984197,691,34,380,0.8442579,0.04154091,0.46428075,3021,-6420,-118,181.26,-385.19998,-7.08,0,0,0,0,0,0,0,0,0,0,0,1,7DEA71086DFFA0056205B30222007C013DFD7108FEFE0B068405DA020700740116107208D8FE3F069A05E9026EFF5F01CD0BECE68AFF200000184048
2026-09-12T15:23:18.1722238+00:00,89874,141697750,Connected,72,24,-177,1599,1393,-0.8475474,7.656657,6.670246,740,-346,328,0.9041257,-0.42273986,0.4007476,3014,-6426,-116,180.84,-385.56,-6.96,0,0,0,0,0,0,0,0,0,0,0,1,D62272084FFF3F067105E402A6FE48019635720864FFD0059805E00225FE2D0156487208D9FF61058105EA0290FD3D01C60BE6E68CFF200000184048
2026-09-12T15:23:18.1888963+00:00,89875,141712150,Connected,72,24,-52,1484,1505,-0.24899697,7.1059904,7.2065473,766,-704,366,0.9358923,-0.8601412,0.44717568,3001,-6432,-113,180.06,-385.91998,-6.7799997,0,0,0,0,0,0,0,0,0,0,0,1,165B7208CCFFCC05E105FE0240FD6E01EF6D72081F00F605EE05D702B7FCC601AF80720842001106D7059A02F4FCE601B90BE0E68FFF200000184048
2026-09-12T15:23:18.2055688+00:00,89877,141741000,Connected,72,24,-195,1539,1610,-0.93373865,7.369353,7.7093296,232,-132,114,0.28345564,-0.16127647,0.13928422,2980,-6430,-115,178.8,-385.8,-6.8999996,0,0,0,0,0,0,0,0,0,0,0,1,C8CB72083DFF03064A06E8007CFF720088DE720852FFE40530065B0092FF170048F1720830FFFE057906D5FF96FFBBFFA40BE2E68DFF200000184048
2026-09-12T15:23:18.2222367+00:00,89878,141755400,Connected,72,24,-148,1554,1644,-0.7086837,7.441179,7.872135,-183,-201,-128,-0.22358784,-0.24558009,-0.15638931,2973,-6427,-117,178.37999,-385.62,-7.02,0,0,0,0,0,0,0,0,0,0,0,1,080473086CFF12066C0649FF37FF80FFE1167308F8FF0906FA05D4FECEFE5FFFA12973087200C1058C0591FEC3FE4AFF9D0BE5E68BFF200000184048
2026-09-12T15:23:18.2389002+00:00,89879,141769825,Connected,72,24,59,1408,1405,0.2825158,6.742072,6.727707,-380,-253,-200,-0.46428075,-0.30911323,-0.2443583,2967,-6422,-119,178.01999,-385.31998,-7.14,0,0,0,0,0,0,0,0,0,0,0,1,613C73083B0080057D0584FE03FF38FF214F73087EFFA405D005AAFEFFFE47FFFA61730891FF9C05B605F0FE67FE8EFF970BEAE689FF200000184048
2026-09-12T15:23:18.2555684+00:00,89880,141784250,Connected,72,24,-77,1471,1493,-0.36870706,7.043741,7.1490865,-169,-524,-26,-0.20648277,-0.64021873,-0.03176658,2959,-6415,-123,177.54,-384.9,-7.3799996,0,0,0,0,0,0,0,0,0,0,0,1,BA747308B3FFBF05D50557FFF4FDE6FF7A877308C0FFEE052706B8FF94FD46003A9A7308DDFFF3055A06EDFF31FD97008F0BF1E685FF200000184048
2026-09-12T15:23:18.2722180+00:00,89881,141798675,Connected,72,24,19,1532,1645,0.090979666,7.335834,7.8769236,-19,-802,196,-0.023214038,-0.97987676,0.23947114,2956,-6412,-124,177.36,-384.72,-7.44,0,0,0,0,0,0,0,0,0,0,0,1,13AD73081300FC056D06EDFFDEFCC400D3BF730858000C067106B7FFCBFCCB0093D273089400F9054E0659FF06FDAF008C0BF4E684FF200000184048
2026-09-12T15:23:18.2889000+00:00,89883,141827500,Connected,72,24,180,1451,1448,0.8619126,6.9479733,6.933608,-506,-115,-54,-0.61822647,-0.14050601,-0.06597674,2947,-6403,-127,176.81999,-384.18,-7.62,0,0,0,0,0,0,0,0,0,0,0,1,AC1D7408B400AB05A80506FE8DFFCAFF6C307408AC00AA059905E2FDE5FFBDFF2C4374088E00AD058505E6FD1700C0FF830BFDE681FF200000184048
2026-09-12T15:23:18.3055592+00:00,89884,141841925,Connected,72,24,91,1444,1407,0.4357447,6.9144545,6.7372837,-492,49,-49,-0.6011214,0.059867784,-0.059867784,2942,-6403,-128,176.51999,-384.18,-7.68,0,0,0,0,0,0,0,0,0,0,0,1,055674085B00A4057F0514FE3100CFFFC568740818009A058C0568FE3700E0FF857B7408CFFF9C05A305D7FE2B00F1FF7E0BFDE680FF200000184048
2026-09-12T15:23:18.3222266+00:00,89885,141856325,Connected,72,24,-60,1465,1491,-0.2873042,7.015011,7.1395097,-174,25,-9,-0.21259172,0.030544788,-0.010996124,2939,-6403,-125,176.34,-384.18,-7.5,0,0,0,0,0,0,0,0,0,0,0,1,458E7408C4FFB905D30552FF1900F7FF1EA17408EFFFCE05DB05CFFFF4FFFDFFDEB374083200D505C8054400CDFF0C007B0BFDE683FF200000184048
2026-09-12T15:23:18.3388971+00:00,89886,141870750,Connected,72,24,117,1487,1462,0.5602432,7.120356,7.0006456,173,-84,36,0.21136993,-0.10263049,0.043984495,2933,-6406,-125,175.98,-384.36,-7.5,0,0,0,0,0,0,0,0,0,0,0,1,9EC674087500CF05B605AD00ACFF24005ED974089F00D00592050C019BFF3D0037EC7408AA00D10564055F018AFF5400750BFAE683FF200000184048
2026-09-12T15:23:18.3555663+00:00,89888,141899575,Connected,72,24,151,1487,1449,0.7230489,7.120356,6.9383965,510,-85,120,0.62311363,-0.10385228,0.14661498,2930,-6409,-122,175.8,-384.53998,-7.3199997,0,0,0,0,0,0,0,0,0,0,0,1,373775089700CF05A905FE01ABFF7800104A75086800C805DA05D101EAFF6C00D05C75085C00E20513067B0118005C00720BF7E686FF200000184048
2026-09-12T15:23:18.3722219+00:00,89889,141914025,Connected,72,24,94,1531,1551,0.45010993,7.3310456,7.4268136,263,70,78,0.32133117,0.0855254,0.095299736,2930,-6409,-122,175.8,-384.53998,-7.3199997,0,0,0,0,0,0,0,0,0,0,0,1,A96F75085E00FB050F06070146004E00508275085E0006060C0696007D004200299575085100100600063900B6003900720BF7E686FF200000184048
2026-09-12T15:23:18.3888870+00:00,89890,141928425,Connected,72,24,46,1565,1520,0.22026655,7.493851,7.2783732,-14,220,45,-0.01710508,0.26879412,0.054980617,2929,-6410,-122,175.73999,-384.6,-7.3199997,0,0,0,0,0,0,0,0,0,0,0,1,E9A775082E001D06F005F2FFDC002D00A9BA750823003206E105BEFFF2001A0069CD75081C003F06C9059AFFF4000D00710BF6E686FF200000184048
2026-09-12T15:23:18.4055846+00:00,89891,141942825,Connected,72,24,25,1590,1455,0.11971009,7.6135616,6.967127,-121,227,7,-0.14783677,0.27734667,0.00855254,2929,-6410,-122,175.73999,-384.6,-7.3199997,0,0,0,0,0,0,0,0,0,0,0,1,29E0750819003606AF0587FFE300070002F375081B001906860583FFC3000600C20576080F001006780594FFA9000100710BF6E686FF200000184048
2026-09-12T15:23:18.4222265+00:00,89892,141957250,Connected,72,24,21,1551,1406,0.10055647,7.4268136,6.7324953,-76,127,-1,-0.092856154,0.15516752,-0.0012217915,2927,-6411,-121,175.62,-384.66,-7.2599998,0,0,0,0,0,0,0,0,0,0,0,1,8218760815000F067E05B4FF7F00FFFF422B7608380003067B05DEFF4F0009001B3E76085700E80587051900250025006F0BF5E687FF200000184048
2026-09-12T15:23:18.4389107+00:00,89893,141971675,Connected,72,24,160,1559,1436,0.7661445,7.465121,6.8761473,103,17,73,0.12584452,0.020770455,0.08919078,2925,-6413,-120,175.5,-384.78,-7.2,0,0,0,0,0,0,0,0,0,0,0,1,DB507608A00017069C056700110049009B6376088F003806E705B5003E0056005B7676082E0059065206E700430070006D0BF3E688FF200000184048
2026-09-12T15:23:18.4555479+00:00,89894,141986100,Connected,72,24,-51,1637,1626,-0.24420857,7.8386164,7.785944,223,-50,159,0.2724595,-0.061089575,0.19426484,2923,-6413,-120,175.37999,-384.78,-7.2,0,0,0,0,0,0,0,0,0,0,0,1,34897608CDFF65065A06DF00CEFF9F00F49B760844000906DA05C6002EFFC500B4AE7608AE00D605EE05CB00FDFED3006B0BF3E688FF200000184048
2026-09-12T15:23:18.4722406+00:00,89895,142000500,Connected,72,24,202,1487,1552,0.9672575,7.120356,7.431602,200,-288,253,0.2443583,-0.35187596,0.30911323,2920,-6414,-120,175.2,-384.84,-7.2,0,0,0,0,0,0,0,0,0,0,0,1,74C17608CA00CF051006C800E0FEFD004DD47608C500CF0524069900C2FE28010DE776080301B90560062300A2FE4601680BF2E688FF200000184048
2026-09-12T15:23:18.4894259+00:00,89896,142014925,Connected,72,24,271,1393,1617,1.2976574,6.670246,7.7428484,-132,-352,363,-0.16127647,-0.4300706,0.44351032,2920,-6414,-120,175.2,-384.84,-7.2,0,0,0,0,0,0,0,1,0,0,0,0,CDF976080F01710551067CFFA0FE6B018D0C77089A00EB05D305BDFEDEFD9B014D1F77082101A2057A045AFE83FDE301680BF2E688FF200000180448
2026-09-12T15:23:18.5055773+00:00,89897,142029550,Connected,72,24,166,1587,1350,0.79487497,7.599196,6.4643445,-498,-632,482,-0.60845214,-0.7721722,0.5889035,2916,-6415,-120,174.95999,-384.9,-7.2,0,0,0,0,0,0,0,1,0,0,0,0,EE327708A600330646050EFE88FDE201E6447708AF0036065805BDFD56FDF801A657770879001D065B0560FD34FDFC01640BF1E688FF200000180448
2026-09-12T15:23:18.5222710+00:00,89899,142058175,Connected,72,24,-98,1497,1475,-0.46926352,7.16824,7.062895,-664,-695,326,-0.8112695,-0.8491451,0.39830402,2912,-6419,-120,174.72,-385.13998,-7.2,0,0,0,0,0,0,0,1,0,0,0,0,BFA277089EFFD905C30568FD49FD46017FB577083BFFB205EC05A8FD93FDF1003FC8770839FF9F05E205F3FDC4FD8C00600BEDE688FF200000180448
2026-09-12T15:23:18.5389053+00:00,89900,142072600,Connected,72,24,-155,1416,1490,-0.7422025,6.7803793,7.1347213,-422,-542,42,-0.51559603,-0.662211,0.051315244,2909,-6420,-119,174.54,-385.19998,-7.14,0,0,0,0,0,0,0,1,0,0,0,0,18DB770865FF8805D2055AFEE2FD2A00D8ED7708A1FF7A05A905E1FED8FDC3FF98007808D6FF97054D057DFFB3FD62FF5D0BECE689FF200000180448
2026-09-12T15:23:18.5555662+00:00,89901,142087000,Connected,72,24,-57,1396,1347,-0.272939,6.6846113,6.4499793,7,-595,-219,0.00855254,-0.72696596,-0.26757234,2904,-6423,-121,174.23999,-385.38,-7.2599998,0,0,0,0,0,0,0,1,0,0,0,0,58137808C7FF740543050700ADFD25FF31267808A0FF40055205750096FDF3FEF1387808A7FF50058705D40072FDACFE580BE9E687FF200000180448
2026-09-12T15:23:18.5722183+00:00,89902,142101425,Connected,72,24,-14,1450,1440,-0.06703765,6.943185,6.895301,311,-679,-413,0.37997717,-0.8295964,-0.50459987,2898,-6430,-120,173.87999,-385.8,-7.2,0,0,0,0,0,0,0,1,0,0,0,0,B14B7808F2FFAA05A005370159FD63FE715E78082F00F205B30585017EFD2FFE4A7178083D00FC05D705A701D2FD10FE520BE2E688FF200000180448
2026-09-12T15:23:18.5888965+00:00,89903,142115850,Connected,72,24,91,1566,1469,0.4357447,7.4986396,7.0341644,410,-484,-517,0.50093454,-0.5913471,-0.6316662,2893,-6431,-119,173.58,-385.86,-7.14,0,0,0,0,0,0,0,1,0,0,0,0,0A8478085B001E06BD059A011CFEFBFDCA967808A4003606AE057A0167FEECFD8AA97808E0003A06B0055E01BAFEE7FD4D0BE1E689FF200000180448
2026-09-12T15:23:18.6055694+00:00,89905,142144675,Connected,72,24,482,1521,1525,2.3080103,7.2831616,7.302315,301,-37,-440,0.36775923,-0.045206286,-0.53758824,2880,-6433,-120,172.8,-385.97998,-7.2,0,0,0,0,0,0,0,0,0,0,0,0,A3F47808E201F105F5052D01DBFF48FE630779082602D60529061801130097FE3C1A79088F0114066A0607012000F9FE400BDFE688FF200000180048
2026-09-12T15:23:18.6222158+00:00,89906,142159100,Connected,72,24,505,1399,1606,2.4181437,6.6989765,7.690176,185,-87,-166,0.22603142,-0.10629586,-0.20281738,2874,-6435,-121,172.44,-386.1,-7.2599998,0,0,0,0,0,0,0,0,0,0,0,1,FC2C7908F90177054606B900A9FF5AFFBC3F790857010D066A06D1007B006CFF7C52790890010406A106EE00A2009FFF3A0BDDE687FF200000184048
2026-09-12T15:23:18.6388896+00:00,89907,142173500,Connected,72,24,359,1523,1680,1.7190368,7.2927384,8.0445175,230,185,-54,0.28101203,0.22603142,-0.06597674,2872,-6436,-122,172.31999,-386.16,-7.3199997,0,0,0,0,0,0,0,0,0,0,0,1,3C6579086701F3059006E600B900CAFF157879082A0115069606DA00D500DAFFD58A7908250117065D06C3000201E5FF380BDCE686FF200000184048
2026-09-12T15:23:18.6722196+00:00,89910,142216750,Connected,72,24,145,1542,1283,0.6943185,7.383718,6.143522,-68,57,3,-0.08308182,0.06964211,0.0036653746,2864,-6433,-128,171.84,-385.97998,-7.68,0,0,0,0,0,0,0,0,0,0,0,1,2E0E7A08910006060305BCFF3900030007217A088E00D5054905B0FF1900FDFFC7337A085200F6059A059AFFDBFF0300300BDFE680FF200000184048
2026-09-12T15:23:18.6888895+00:00,89911,142231175,Connected,72,24,94,1581,1436,0.45010993,7.5704656,6.8761473,-126,-123,-5,-0.15394573,-0.15028036,-0.0061089573,2863,-6429,-130,171.78,-385.74,-7.7999997,0,0,0,0,0,0,0,0,0,0,0,1,87467A085E002D069C0582FF85FFFBFF47597A0873002F06880573FF62FFE2FF076C7A084F001A06990565FF5CFFBFFF2F0BE3E67EFF200000184048
2026-09-12T15:23:18.7055615+00:00,89912,142245600,Connected,72,24,42,1542,1461,0.20111294,7.383718,6.9958572,-168,-191,-89,-0.20526098,-0.23336217,-0.10873944,2864,-6426,-130,171.84,-385.56,-7.7999997,0,0,0,0,0,0,0,0,0,0,0,1,E07E7A082A000606B50558FF41FFA7FFA0917A0830000506C40551FF19FFA0FF60A47A084900E605B60558FFF4FEA1FF300BE6E67EFF200000184048
2026-09-12T15:23:18.7388799+00:00,89913,142260000,Connected,72,24,85,1475,1459,0.40701428,7.062895,6.9862804,-157,-258,-103,-0.19182126,-0.3152222,-0.12584452,2865,-6420,-132,171.9,-385.19998,-7.9199996,0,0,0,0,0,0,0,0,0,0,0,1,20B77A085500C305B30563FFFEFE99FFE0C97A086700A105B5056CFF26FF86FFB9DC7A087B008D05C1056BFF46FF73FF310BECE67CFF200000184048
2026-09-12T15:23:18.7555649+00:00,89915,142288850,Connected,72,24,191,1396,1500,0.91458505,6.6846113,7.1826053,-197,-6,-165,-0.24069293,-0.007330749,-0.20159559,2868,-6419,-131,172.08,-385.13998,-7.8599997,0,0,0,0,0,0,0,0,0,0,0,1,D2277B08BF007405DC053BFFFAFF5BFF923A7B08B000A005F50532FF170069FF524D7B08B700DC05F10538FF0D007DFF340BEDE67DFF200000184048
2026-09-12T15:23:18.7722134+00:00,89916,142303250,Connected,72,24,175,1537,1567,0.8379706,7.359776,7.503428,-183,9,-106,-0.22358784,0.010996124,-0.1295099,2870,-6419,-131,172.2,-385.13998,-7.8599997,0,0,0,0,0,0,0,0,0,0,0,1,12607B08AF0001061F0649FF090096FFEB727B08AA00130605065FFF0500B4FFAB857B08BC001606E1057BFF1100CFFF360BEDE67DFF200000184048
2026-09-12T15:23:18.7888894+00:00,89917,142317675,Connected,72,24,225,1569,1423,1.0773908,7.513005,6.813898,-93,9,-19,-0.11362661,0.010996124,-0.023214038,2870,-6420,-132,172.2,-385.19998,-7.9199996,0,0,0,0,0,0,0,0,0,0,0,1,6B987B08E10021068F05A3FF0900EDFF2BAB7B08CC0023068F05BDFF0A001100EBBD7B08BC000606AF05CDFFC8FF3B00360BECE67CFF200000184048
2026-09-12T15:23:18.8056071+00:00,89918,142332100,Connected,72,24,222,1537,1409,1.0630256,7.359776,6.7468605,-33,-175,95,-0.04031912,-0.21381351,0.11607019,2872,-6421,-131,172.31999,-385.25998,-7.8599997,0,0,0,0,0,0,0,0,0,0,0,1,C4D07B08DE0001068105DFFF51FF5F0084E37B080C01F7054205F5FF1AFF740044F67B08F500D9054E05FFFF27FF6F00380BEBE67DFF200000184048
2026-09-12T15:23:18.8222169+00:00,89919,142346500,Connected,72,24,172,1502,1421,0.82360536,7.192182,6.8043213,-6,-221,105,-0.007330749,-0.27001593,0.1282881,2874,-6422,-130,172.44,-385.31998,-7.7999997,0,0,0,0,0,0,0,0,0,0,0,1,04097C08AC00DE058D05FAFF23FF6900C41B7C08870013069505ECFFFCFE68009D2E7C089F004C069705E2FFF6FE64003A0BEAE67EFF200000184048
2026-09-12T15:23:18.8388860+00:00,89921,142375350,Connected,72,24,105,1444,1453,0.50278234,6.9144545,6.95755,-88,-292,105,-0.10751765,-0.35676312,0.1282881,2874,-6426,-125,172.44,-385.56,-7.5,0,0,0,0,0,0,0,0,0,0,0,1,B6797C086900A405AD05A8FFDCFE6900768C7C0845006A059305B9FFD5FE4600369F7C08690051059A05DBFFCBFE16003A0BE6E683FF200000184048
2026-09-12T15:23:18.8555442+00:00,89922,142389750,Connected,72,24,222,1369,1429,1.0630256,6.555324,6.8426285,-14,-300,-21,-0.01710508,-0.36653745,-0.025657622,2871,-6427,-126,172.26,-385.62,-7.56,0,0,0,0,0,0,0,0,0,0,0,1,F6B17C08DE0059059505F2FFD4FEEBFFB6C47C0848014F055605E8FF29FFC6FF8FD77C08F5003405A605CBFFA0FFAAFF370BE5E682FF200000184048
2026-09-12T15:23:18.8722132+00:00,89923,142404175,Connected,72,24,147,1376,1512,0.7038953,6.588843,7.240066,-83,-35,-94,-0.10140869,-0.0427627,-0.1148484,2869,-6430,-124,172.14,-385.8,-7.44,0,0,0,0,0,0,0,0,0,0,0,1,4FEA7C0893006005E805ADFFDDFFA2FF0FFD7C08A600D505130698FFEFFFA5FFCF0F7D08AD00070619068EFFFDFFA7FF350BE2E684FF200000184048
2026-09-12T15:23:18.8888859+00:00,89924,142418575,Connected,72,24,158,1547,1566,0.7565677,7.40766,7.4986396,-118,-11,-82,-0.1441714,-0.0134397065,-0.1001869,2869,-6432,-123,172.14,-385.91998,-7.3799996,0,0,0,0,0,0,0,0,0,0,0,1,8F227D089E000B061E068AFFF5FFAEFF68357D08A500E7050A067EFFDBFFB5FF28487D08BB00CD05000671FFC1FFBBFF350BE0E685FF200000184048
2026-09-12T15:23:18.9055606+00:00,89926,142447425,Connected,72,24,201,1492,1499,0.9624691,7.144298,7.177817,-156,-46,-44,-0.19059947,-0.056202408,-0.053758826,2866,-6433,-122,171.95999,-385.97998,-7.3199997,0,0,0,0,0,0,0,0,0,0,0,1,41937D08C900D405DB0564FFD2FFD4FF01A67D08BD00D805D8056CFFD6FFD9FFC1B87D08A200DD05CB0574FFD6FFDBFF320BDFE686FF200000184048
2026-09-12T15:23:18.9222190+00:00,89927,142461825,Connected,72,24,157,1498,1474,0.7517793,7.1730285,7.0581064,-128,-60,-43,-0.15638931,-0.07330749,-0.052537035,2864,-6434,-122,171.84,-386.03998,-7.3199997,0,0,0,0,0,0,0,0,0,0,0,1,81CB7D089D00DA05C20580FFC4FFD5FF5ADE7D089B00C705BD058DFFA2FFD1FF1AF17D089D00C205B605A0FF8BFFD3FF300BDEE686FF200000184048
2026-09-12T15:23:18.9388878+00:00,89928,142476250,Connected,72,24,165,1444,1444,0.79008657,6.9144545,6.9144545,-71,-117,-48,-0.0867472,-0.14294961,-0.058645993,2865,-6436,-122,171.9,-386.16,-7.3199997,0,0,0,0,0,0,0,0,0,0,0,1,DA037E08A500A405A405B9FF8BFFD0FFE5167E089F00B405C905D5FFA3FFC9FF5A297E08B600D705FC05DFFFB9FFC3FF310BDCE686FF200000184048
2026-09-12T15:23:18.9722174+00:00,89929,142491000,Connected,72,24,227,1518,1551,1.0869676,7.2687964,7.4268136,-46,-44,-56,-0.056202408,-0.053758826,-0.06842032,2862,-6437,-121,171.72,-386.22,-7.2599998,0,0,0,0,0,0,0,0,0,0,0,1,783D7E08E300EE050F06D2FFD4FFC8FFF34E7E080F0107062C06BBFFFEFFDAFFB3617E08FC00DF0557069BFF2E00F1FF2E0BDBE687FF200000184048
2026-09-12T15:23:18.9888948+00:00,89932,142533900,Connected,72,24,242,1481,1495,1.1587936,7.091625,7.1586633,-52,186,21,-0.06353316,0.22725321,0.025657622,2860,-6442,-121,171.59999,-386.52,-7.2599998,0,0,0,0,0,0,0,0,0,0,0,1,0CE57E08F200C905D705CCFFBA001500E5F77E080401AF059105F5FFBA003C00A50A7F081801B6058B052C00CE005F002C0BD6E687FF200000184048
2026-09-12T15:23:19.0222010+00:00,89933,142548325,Connected,72,24,279,1513,1467,1.3359646,7.2448545,7.0245876,75,254,117,0.09163436,0.31033504,0.14294961,2860,-6444,-117,171.59999,-386.63998,-7.02,0,0,0,0,0,0,0,0,0,0,0,1,651D7F081701E905BB054B00FE00750025307F083D011506BC0546002C018E00E5427F088F012D06610530007501B5002C0BD4E68BFF200000184048
2026-09-12T15:23:19.0388869+00:00,89934,142562750,Connected,72,24,452,1587,1292,2.1643584,7.599196,6.1866174,39,497,255,0.047649868,0.60723037,0.31155682,2861,-6445,-117,171.66,-386.69998,-7.02,0,0,0,0,0,0,1,0,0,0,0,0,BE557F08C40133060C052700F101FF007E687F08C901D6059B044100500253013E7B7F08A7018905F2047500CA0283012D0BD3E68BFF200000180248
2026-09-12T15:23:19.0555662+00:00,89935,142577150,Connected,72,24,306,1446,1236,1.4652514,6.9240313,5.9184666,222,908,419,0.2712377,1.1093867,0.51193064,2863,-6448,-116,171.78,-386.88,-6.96,0,0,0,0,0,0,1,0,0,0,0,0,FE8D7F083201A605D404DE008C03A301D7A07F08D3009E059E055E00B103C80197B37F0883008A05A105E3FFBF03D1012F0BD0E68CFF200000180248
2026-09-12T15:23:19.0722154+00:00,89937,142606000,Connected,72,24,93,1506,1711,0.44532153,7.2113357,8.192958,-521,1224,440,-0.63655335,1.4954728,0.53758824,2867,-6451,-115,172.01999,-387.06,-6.8999996,0,0,0,0,0,0,1,0,0,0,0,0,B0FE7F085D00E205AF06F7FDC804B801701180081E00D305B2065DFDC504A60130248008F2FFCF052F0604FDBF049601330BCDE68DFF200000180248
2026-09-12T15:23:19.0888826+00:00,89938,142620400,Connected,72,24,-60,1444,1587,-0.2873042,6.9144545,7.599196,-771,1229,380,-0.9420012,1.5015818,0.46428075,2868,-6453,-114,172.08,-387.18,-6.8399997,0,0,0,0,0,0,1,0,0,0,0,0,F0368008C4FFA4053306FDFCCD047C01C9498008AAFF9205400617FDB6045401895C80088AFF6C051F062EFD6D043601340BCBE68EFF200000180248
2026-09-12T15:23:19.1055714+00:00,89939,142634825,Connected,72,24,-146,1380,1517,-0.6991069,6.6079965,7.264008,-666,996,281,-0.81371313,1.2169043,0.3433234,2870,-6458,-106,172.2,-387.47998,-6.3599997,0,0,0,0,0,0,1,0,0,0,0,0,496F80086EFF6405ED0566FDE40319010982800840FF6805D005C4FD3C03F000E294800824FF6D05D1053BFE8602BD00360BC6E696FF200000180248
2026-09-12T15:23:19.1222139+00:00,89940,142649300,Connected,72,24,-233,1401,1544,-1.115698,6.7085533,7.393295,-330,482,136,-0.40319118,0.5889035,0.16616364,2874,-6462,-103,172.44,-387.72,-6.18,0,0,0,0,0,0,1,0,0,0,0,0,D4A7800817FF79050806B6FEE201880062BA8008E6FE6B05230629FF40014C0022CD800802FF59050206A5FF8F0005003A0BC2E699FF200000180248
2026-09-12T15:23:19.1389508+00:00,89941,142663675,Connected,72,24,-214,1368,1552,-1.0247183,6.5505357,7.431602,14,38,-56,0.01710508,0.046428077,-0.06842032,2878,-6470,-101,172.68,-388.19998,-6.06,0,0,0,0,0,0,1,0,0,0,0,0,FBDF80082AFF580510060E002600C8FFBBF2800841FF4B0515065D00D8FF93FF9405810870FF4D050806AB006CFF5BFF3E0BBAE69BFF200000180248
2026-09-12T15:23:19.1555478+00:00,89943,142692500,Connected,72,24,83,1468,1781,0.39743748,7.029376,8.528147,313,-374,-242,0.38242075,-0.45695,-0.29567355,2881,-6474,-97,172.86,-388.44,-5.8199997,0,0,0,0,0,0,1,0,0,0,0,0,945081085300BC05F50639018AFE0EFF546381089D00C3050607230175FE21FF14768108D600BF05EC0608017EFE3EFF410BB6E69FFF200000180248
2026-09-12T15:23:19.1722066+00:00,89944,142706900,Connected,72,24,210,1489,1736,1.0055647,7.129933,8.312668,240,-368,-149,0.29322997,-0.44961926,-0.18204693,2886,-6477,-94,173.16,-388.62,-5.64,0,0,0,0,0,0,1,0,0,0,0,0,D4888108D200D105C806F00090FE6BFFAD9B8108B200D6059806DF009BFEA0FF6DAE81089000DE056A06DA009BFECCFF460BB3E6A2FF200000180248
2026-09-12T15:23:19.1888796+00:00,89945,142721325,Connected,72,24,144,1498,1600,0.6895301,7.1730285,7.6614456,218,-368,-22,0.26635054,-0.44961926,-0.026879413,2888,-6478,-93,173.28,-388.68,-5.58,0,0,0,0,0,0,0,0,0,0,0,0,2DC181089000DA054006DA0090FEEAFFEDD38108770016062806DD0090FE0400C6E681086F003C065206C1007EFE2400480BB2E6A3FF200000180048
2026-09-12T15:23:19.2055834+00:00,89946,142735750,Connected,72,24,416,1691,1734,1.9919758,8.09719,8.303091,153,-501,88,0.1869341,-0.6121175,0.10751765,2887,-6481,-89,173.22,-388.86,-5.3399997,0,0,0,0,0,0,0,0,0,0,0,1,86F98108A0019B06C60699000BFE5800460C820829008F0503069A00BAFDB400061F8208C1FF0C05A405AE0034FE8800470BAFE6A7FF200000184048
2026-09-12T15:23:19.2222196+00:00,89947,142750175,Connected,72,24,92,1451,1616,0.4405331,6.9479733,7.73806,192,-371,63,0.23458397,-0.45328465,0.076972865,2888,-6484,-89,173.28,-389.03998,-5.3399997,0,0,0,0,0,0,0,0,0,0,0,1,DF3182085C00AB055006C0008DFE3F009F44820880002206B606A20068FE3A005F57820838005B06BE069C009CFD5700480BACE6A7FF200000184048
2026-09-12T15:23:19.2388841+00:00,89948,142764575,Connected,72,24,141,1570,1322,0.6751649,7.517793,6.3302693,270,-931,116,0.3298837,-1.1374879,0.14172782,2889,-6485,-88,173.34,-389.1,-5.2799997,0,0,0,0,0,0,0,0,0,0,0,1,1F6A82088D0022062A050E015DFC7400DF7C8208100092058C045E01EBFC7400B88F82088EFFF404E3047901C3FD2C00490BABE6A8FF200000184048
2026-09-12T15:23:19.2555548+00:00,89949,142779000,Connected,72,24,-134,1158,1365,-0.641646,5.544971,6.5361705,306,-388,-78,0.3738682,-0.4740551,-0.095299736,2889,-6485,-89,173.34,-389.1,-5.3399997,0,0,0,0,0,0,0,0,0,0,0,1,78A282087AFF8604550532017CFEB2FF38B58208DBFFD204E6059C001BFF2FFFF8C7820883009505AB06F5FF7CFFDAFE490BABE6A7FF200000184048
2026-09-12T15:23:19.2722058+00:00,89950,142793425,Connected,72,24,193,1556,1772,0.92416185,7.4507556,8.485051,-156,-140,-301,-0.19059947,-0.1710508,-0.36775923,2888,-6481,-92,173.28,-388.86,-5.52,0,0,0,0,0,0,0,0,0,0,0,1,D1DA8208C1001406EC0664FF74FFD3FE91ED820883000506BC06F3FE5EFFECFE510083086200E5059906B4FE4FFFFBFE480BAFE6A4FF200000184048
2026-09-12T15:23:19.2888863+00:00,89951,142807825,Connected,72,24,129,1517,1686,0.61770403,7.264008,8.073248,-359,-200,-255,-0.43862316,-0.2443583,-0.31155682,2885,-6478,-94,173.09999,-388.68,-5.64,0,0,0,0,0,0,0,0,0,0,0,1,111383088100ED05960699FE38FF01FFEA2583088F00D405840687FE1FFF14FFAA3883089F00AD055E0678FEF2FE26FF450BB2E6A2FF200000184048
2026-09-12T15:23:19.3055425+00:00,89953,142836675,Connected,72,24,218,1368,1516,1.043872,6.5505357,7.2592196,-468,-425,-119,-0.57179844,-0.51926136,-0.1453932,2881,-6472,-95,172.86,-388.31998,-5.7,0,0,0,0,0,0,0,0,0,0,0,1,C3838308DA005805EC052CFE57FE89FF83968308BA006B05D60522FE72FE93FF43A9830895006505EF0520FE7FFE94FF410BB8E6A1FF200000184048
2026-09-12T15:23:19.3222140+00:00,89954,142851075,Connected,72,24,132,1337,1650,0.63206923,6.4020953,7.9008656,-476,-421,-124,-0.5815728,-0.5143742,-0.15150215,2878,-6473,-95,172.68,-388.38,-5.7,0,0,0,0,0,0,0,0,0,0,0,1,03BC830884003905720624FE5BFE84FFDCCE8308BB004E053F062CFEDFFD64FF9CE18308A0004C0516061CFEE5FD5FFF3E0BB7E6A1FF200000184048
2026-09-12T15:23:19.3389218+00:00,89955,142865500,Connected,72,24,172,1357,1565,0.82360536,6.4978633,7.493851,-512,-447,-159,-0.62555724,-0.5461408,-0.19426484,2875,-6475,-95,172.5,-388.5,-5.7,0,0,0,0,0,0,0,0,0,0,0,1,5CF48308AC004D051D0600FE41FE61FF1C078408CF004805E905E4FDC8FE63FFDC198408EE002505B805D6FD7CFF66FF3B0BB5E6A1FF200000184048
2026-09-12T15:23:19.3555500+00:00,89956,142879925,Connected,72,24,229,1298,1503,1.0965444,6.215348,7.1969705,-534,27,-145,-0.6524367,0.03298837,-0.17715977,2872,-6477,-94,172.31999,-388.62,-5.64,0,0,0,0,0,0,0,0,0,0,0,1,B52C8408E5001205DF05EAFD1B006FFF753F8408C700FD0402061DFE640077FF35528408A700F50428065EFE750077FF380BB3E6A2FF200000184048
2026-09-12T15:23:19.3722153+00:00,89957,142894325,Connected,72,24,201,1278,1593,0.9624691,6.1195793,7.627927,-340,108,-144,-0.41540912,0.13195348,-0.17593798,2870,-6482,-91,172.2,-388.91998,-5.46,0,0,0,0,0,0,0,0,0,0,0,1,F5648408C900FE043906ACFE6C0070FFB5778408F70021053406FDFE6C0072FF8E8A8408090149053C0644FF7C0081FF360BAEE6A5FF200000184048
2026-09-12T15:23:19.3888737+00:00,89959,142923175,Connected,72,24,151,1368,1522,0.7230489,6.5505357,7.28795,12,140,-55,0.014661498,0.1710508,-0.06719853,2865,-6488,-89,171.9,-389.28,-5.3399997,0,0,0,0,0,0,0,0,0,0,0,1,A7D5840897005805F2050C008C00C9FF67E88408AC005F0503063F009300CAFF27FB8408D900610513066100A100D1FF310BA8E6A7FF200000184048
2026-09-12T15:23:19.4058033+00:00,89960,142937575,Connected,72,24,247,1382,1567,1.1827357,6.6175733,7.503428,111,181,-33,0.13561885,0.22114426,-0.04031912,2865,-6489,-86,171.9,-389.34,-5.16,0,0,0,0,0,0,0,0,0,0,0,1,E70D8508F70066051F066F00B500DFFFA7208508FD006B052C067000C300F3FF80338508EC0071052F066F00D0000900310BA7E6AAFF200000184048
2026-09-12T15:23:19.4225915+00:00,89961,142952000,Connected,72,24,174,1405,1580,0.8331822,6.727707,7.565677,117,202,27,0.14294961,0.24680188,0.03298837,2864,-6497,-83,171.84,-389.81998,-4.98,0,0,0,0,0,0,0,0,0,0,0,1,40468508AE007D052C067500CA001B00195985087F007E0523068200A0002900C06B85085E00780500069B0066002E00300B9FE6ADFF200000184048
2026-09-12T15:23:19.4391438+00:00,89962,142966400,Connected,72,24,78,1404,1540,0.37349546,6.7229185,7.374141,192,57,45,0.23458397,0.06964211,0.054980617,2865,-6498,-83,171.9,-389.88,-4.98,0,0,0,0,0,0,0,0,0,0,0,1,807E85084E007C050406C00039002D0059918508530087054106E5001C00250019A48508540094058206F20010001C00310B9EE6ADFF200000184048
2026-09-12T15:23:19.4558177+00:00,89964,142995250,Connected,72,24,-9,1389,1591,-0.04309563,6.6510925,7.61835,136,-35,7,0.16616364,-0.0427627,0.00855254,2865,-6504,-81,171.9,-390.24,-4.8599997,0,0,0,0,0,0,0,0,0,0,0,1,32EF8508F7FF6D0537068800DDFF0700F20186081100750551067E00A8FFEEFFB21486083D008C058106850081FFE3FF310B98E6AFFF200000184048
2026-09-12T15:23:19.4725258+00:00,89965,143009650,Connected,72,24,95,1432,1699,0.45489833,6.8569937,8.135497,130,-157,-23,0.1588329,-0.19182126,-0.028101204,2866,-6504,-80,171.95999,-390.24,-4.7999997,0,0,0,0,0,0,0,0,0,0,0,1,722786085F009805A306820063FFE9FF4B3A86086D008D05A4066F0057FFF2FF0B4D86086D008905A8065B0056FFF9FF320B98E6B0FF200000184048
2026-09-12T15:23:19.4891471+00:00,89966,143024075,Connected,72,24,117,1425,1689,0.5602432,6.823475,8.087613,73,-166,0,0.08919078,-0.20281738,0,2866,-6505,-82,171.95999,-390.3,-4.92,0,0,0,0,0,0,0,0,0,0,0,1,CB5F860875009105990649005AFF00008B7286087A009B057B0637006BFF06004B85860875008D0575061E008BFF0600320B97E6AEFF200000184048
2026-09-12T15:23:19.5227025+00:00,89967,143038500,Connected,72,24,122,1407,1650,0.58418524,6.7372837,7.9008656,-5,-85,2,-0.0061089573,-0.10385228,0.002443583,2867,-6505,-83,172.01999,-390.3,-4.98,0,0,0,0,0,0,0,0,0,0,0,1,249886087A007F057206FBFFABFF0200E4AA860887007C056D06CAFFC3FFFBFFA4BD86088C00820559069AFFCDFFF6FF330B97E6ADFF200000184048
2026-09-12T15:23:19.5394953+00:00,89969,143067325,Connected,72,24,127,1410,1568,0.60812724,6.751649,7.5082164,-135,-39,-16,-0.16494185,-0.047649868,-0.019548664,2866,-6504,-86,171.95999,-390.24,-5.16,0,0,0,0,0,0,0,0,0,0,0,1,BD0887087F008205200679FFD9FFF0FF7D1B87086500800539068CFFCBFFECFF3D2E870886007305310694FFBAFFE6FF320B98E6AAFF200000184048
2026-09-12T15:23:19.5560479+00:00,89970,143081750,Connected,72,24,176,1374,1564,0.842759,6.579266,7.489063,-109,-67,-26,-0.13317527,-0.08186003,-0.03176658,2868,-6502,-84,172.08,-390.12,-5.04,0,0,0,0,0,0,0,0,0,0,0,1,16418708B0005E051C0693FFBDFFE6FFD6538708A9007A05210695FFC6FFF0FF96668708AB0097052C068DFFC3FF0100340B9AE6ACFF200000184048
2026-09-12T15:23:19.5727553+00:00,89971,143096975,Connected,72,24,176,1425,1588,0.842759,6.823475,7.603985,-141,-82,29,-0.17227261,-0.1001869,0.035431955,2868,-6504,-85,172.08,-390.24,-5.1,0,0,0,0,0,0,0,0,0,0,0,1,8F7C8708B0009105340673FFAEFF1D00168C8708AA005D050B0659FF94FF3E00EF9E8708C6003E05EA054EFF7EFF5600340B98E6ABFF200000184048
2026-09-12T15:23:19.5893786+00:00,89972,143110575,Connected,72,24,276,1346,1583,1.3215994,6.445191,7.5800424,-188,-157,117,-0.2296968,-0.19182126,0.14294961,2866,-6503,-87,171.95999,-390.18,-5.22,0,0,0,0,0,0,0,0,0,0,0,1,AFB18708140142052F0644FF63FF75006FC487083A015A055D0630FF57FFAC002FD7870880018705480613FF56FFF200320B99E6A9FF200000184048
2026-09-12T15:23:19.6060663+00:00,89973,143125000,Connected,72,24,477,1488,1590,2.2840683,7.1251445,7.6135616,-261,-133,311,-0.3188876,-0.16249827,0.37997717,2866,-6504,-88,171.95999,-390.24,-5.2799997,0,0,0,0,0,0,0,0,0,1,0,0,08EA8708DD01D0053606FBFE7BFF3701C8FC8708B80117065306DDFEC3FF8301880F88082001E3055C06ABFE1200C101320B98E6A8FF200000181048
2026-09-12T15:23:19.6227857+00:00,89975,143153825,Connected,72,24,57,1290,1559,0.272939,6.1770406,7.465121,-422,150,363,-0.51559603,0.18326873,0.44351032,2861,-6511,-86,171.66,-390.66,-5.16,0,0,0,0,0,0,0,0,0,1,0,0,A15A880839000A0517065AFE96006B01616D88081600FA040D0662FE86003C0121808808E5FFEB042F0675FE69000A012D0B91E6AAFF200000181048
2026-09-12T15:23:19.6394233+00:00,89976,143168250,Connected,72,24,-52,1249,1638,-0.24899697,5.9807158,7.843405,-377,63,212,-0.4606154,0.076972865,0.2590198,2859,-6514,-87,171.54,-390.84,-5.22,0,0,0,0,0,0,0,0,0,1,0,0,FA928808CCFFE104660687FE3F00D400BAA58808F8FFF204630692FE1A009D007AB888080C00F904620698FE000070002B0B8EE6A9FF200000181048
2026-09-12T15:23:19.6560924+00:00,89977,143182650,Connected,72,24,29,1274,1621,0.1388637,6.1004257,7.762002,-364,-33,78,-0.4447321,-0.04031912,0.095299736,2856,-6519,-82,171.36,-391.13998,-4.92,0,0,0,0,0,0,0,0,0,1,0,0,3ACB88081D00FA04550694FEDFFF4E00FADD880831001B05440695FEBAFF3300D3F08808510034054C069FFE8EFF1F00280B89E6AEFF200000181048
2026-09-12T15:23:19.6727516+00:00,89978,143197075,Connected,72,24,104,1322,1640,0.49799395,6.3302693,7.8529816,-343,-146,16,-0.41907448,-0.17838156,0.019548664,2855,-6522,-82,171.3,-391.31998,-4.92,0,0,0,0,0,0,0,0,0,1,0,0,9303890868002A056806A9FE6EFF1000531689085C001E059006A6FE63FFFDFF13298908390029058D0693FE5FFFE8FF270B86E6AEFF200000181048
2026-09-12T15:23:19.6894282+00:00,89980,143225900,Connected,72,24,118,1314,1670,0.5650316,6.291962,7.9966335,-332,-277,-112,-0.40563476,-0.33843625,-0.13684064,2850,-6535,-77,171,-392.1,-4.62,0,0,0,0,0,0,0,0,0,1,0,0,2C748908760022058606B4FEEBFE90FF05878908630018059406B9FED7FE79FFC59989082E000605A506B9FECBFE5FFF220B79E6B3FF200000181048
2026-09-12T15:23:19.7061133+00:00,89981,143240325,Connected,72,24,111,1296,1723,0.5315128,6.205771,8.250419,-327,-316,-197,-0.39952582,-0.3860861,-0.24069293,2845,-6543,-76,170.7,-392.58,-4.56,0,0,0,0,0,0,0,0,0,1,0,0,85AC89086F001005BB06B9FEC4FE3BFF45BF89088B001205C506BDFEB6FE22FF05D289088F001005CC06C2FEA9FE11FF1D0B71E6B4FF200000181048
2026-09-12T15:23:19.7227695+00:00,89982,143254750,Connected,72,24,151,1313,1737,0.7230489,6.2871737,8.317456,-316,-350,-253,-0.3860861,-0.42762703,-0.30911323,2842,-6547,-75,170.51999,-392.81998,-4.5,0,0,0,0,0,0,0,0,0,1,0,0,DEE4890897002105C906C4FEA2FE03FF9EF789089E003105C606C3FE99FEF6FE5E0A8A08A1004F05B206C0FE8CFEEEFE1A0B6DE6B5FF200000181048
2026-09-12T15:23:19.7394780+00:00,89983,143269175,Connected,72,24,172,1374,1700,0.82360536,6.579266,8.1402855,-321,-401,-274,-0.39219508,-0.48993838,-0.33477086,2840,-6553,-72,170.4,-393.18,-4.3199997,0,0,0,0,0,0,0,0,0,1,0,0,371D8A08AC005E05A406BFFE6FFEEEFEF72F8A08BE0033055E06CAFE48FEF5FEB7428A08C800C504DB0507FF1BFEF7FE180B67E6B8FF200000181048
2026-09-12T15:23:19.7561041+00:00,89984,143283575,Connected,72,24,128,1237,1662,0.61291564,5.923255,7.9583263,-144,-488,-285,-0.17593798,-0.59623426,-0.34821057,2833,-6559,-68,169.98,-393.53998,-4.08,0,0,0,0,0,0,0,0,0,1,0,0,77558A088000D5047E0670FF18FEE3FE37688A088500E204A906B1FF29FEBFFE107B8A08A500E6049406E7FF11FEB8FE110B61E6BCFF200000181048
2026-09-12T15:23:19.7727525+00:00,89985,143298000,Connected,72,24,212,1261,1660,1.0151415,6.0381765,7.9487495,48,-557,-315,0.058645993,-0.6805379,-0.38486433,2831,-6562,-66,169.86,-393.72,-3.9599998,0,0,0,0,0,0,0,0,0,1,0,0,D08D8A08D400ED047C063000D3FDC5FE90A08A08EF00FB04D3067B00B9FDD3FE50B38A08CB00F704F706A800D3FDD6FE0F0B5EE6BEFF200000181048
2026-09-12T15:23:19.7895729+00:00,89986,143312400,Connected,72,24,212,1308,1760,1.0151415,6.2632318,8.42759,189,-546,-295,0.23091859,-0.66709816,-0.36042848,2825,-6567,-66,169.5,-394.02,-3.9599998,0,0,0,0,0,0,0,0,0,0,0,0,10C68A08D4001C05E006BD00DEFDD9FEE9D88A08DA002B058206CB00E7FDDFFEA9EB8A08280078059E06F2007DFDE7FE090B59E6BEFF200000180048
2026-09-12T15:23:19.8061143+00:00,89987,143326825,Connected,72,24,-25,1094,1423,-0.11971009,5.2385135,6.813898,323,-788,-332,0.39463866,-0.9627717,-0.40563476,2823,-6566,-65,169.37999,-393.96,-3.8999999,0,0,0,0,0,0,0,0,0,0,0,1,69FE8A08E7FF46048F054301ECFCB4FE29118B082E002D047B06D60138FD43FE02248B08A2002E04F0063402C6FCF1FD070B5AE6BFFF200000184048
2026-09-12T15:23:19.8227533+00:00,89988,143341250,Connected,72,24,268,1166,1635,1.283292,5.583278,7.8290396,591,-947,-576,0.7220788,-1.1570365,-0.7037519,2819,-6566,-66,169.14,-393.96,-3.9599998,0,0,0,0,0,0,0,0,0,0,0,1,C2368B080C018E0463064F024DFCC0FD82498B084901E00461063402B3FCB6FD425C8B088601E8047A06FE015BFDC6FD030B5AE6BEFF200000184048
2026-09-12T15:23:19.8394189+00:00,89989,143355650,Connected,72,24,436,1266,1697,2.087744,6.0621185,8.12592,454,-514,-544,0.55469334,-0.62800086,-0.66465455,2817,-6566,-64,169.01999,-393.96,-3.84,0,0,0,0,0,0,0,0,0,0,0,1,026F8B08B401F204A106C601FEFDE0FDDB818B088C01F804E70697015BFEFCFD9B948B0837015E066B07640152FE18FE010B5AE6C0FF200000184048
2026-09-12T15:23:19.8560887+00:00,89991,143384550,Connected,72,24,135,1160,1479,0.6464345,5.554548,7.0820484,-177,-685,-264,-0.2162571,-0.8369272,-0.32255295,2810,-6559,-67,168.59999,-393.53998,-4.02,0,0,0,0,0,0,0,0,0,0,0,1,E6DF8B0887008804C7054FFF53FDF8FE74F28B08D500AA04710556FF02FEC7FE4D058C0878011D05880596FF6FFE9FFEFA0A61E6BDFF200000184048
2026-09-12T15:23:19.8727591+00:00,89992,143398925,Connected,72,24,457,1359,1519,2.1883004,6.50744,7.273585,-39,-371,-327,-0.047649868,-0.45328465,-0.39952582,2805,-6555,-69,168.3,-393.3,-4.14,0,0,0,0,0,0,0,0,0,0,0,1,0D188C08C9014F05EF05D9FF8DFEB9FEE62A8C08BF013F056606FAFF91FEF2FE8D3D8C08AB014605A406F8FFA9FE20FFF50A65E6BBFF200000184048
2026-09-12T15:23:19.8894185+00:00,89993,143413350,Connected,72,24,415,1395,1742,1.9871874,6.679823,8.341399,-22,-322,-187,-0.026879413,-0.39341685,-0.228475,2803,-6552,-71,168.18,-393.12,-4.2599998,0,0,0,0,0,0,0,0,0,0,0,1,66508C089F017305CE06EAFFBEFE45FF26638C089D018C05FB06D5FFC7FE66FFE6758C08820192053C07B1FFB8FE8DFFF30A68E6B9FF200000184048
2026-09-12T15:23:19.9060877+00:00,89994,143427750,Connected,72,24,368,1419,1907,1.7621324,6.7947445,9.131485,-137,-387,-81,-0.16738543,-0.4728333,-0.09896511,2800,-6549,-73,168,-392.94,-4.38,0,0,0,0,0,0,0,0,0,0,0,1,A6888C0870018B05730777FF7DFEAFFF7F9B8C089D019105440739FF26FEC9FF3FAE8C0887014605DE0604FFFFFDF5FFF00A6BE6B7FF200000184048
2026-09-12T15:23:19.9227437+00:00,89995,143442175,Connected,72,24,369,1258,1631,1.7669208,6.0238113,7.809886,-277,-494,17,-0.33843625,-0.603565,0.020770455,2796,-6545,-73,167.76,-392.69998,-4.38,0,0,0,0,0,0,0,0,0,0,0,1,FFC08C087101EA045F06EBFE12FE1100BFD38C086601B604E605F8FE5BFE120098E68C085B01B204940525FFBBFE0400EC0A6FE6B7FF200000184048
2026-09-12T15:23:19.9394248+00:00,89997,143471025,Connected,72,24,371,1251,1524,1.7764976,5.9902925,7.297527,3,-183,-48,0.0036653746,-0.22358784,-0.058645993,2794,-6538,-78,167.64,-392.28,-4.68,0,0,0,0,0,0,0,0,0,0,0,1,B1318D087301E304F405030049FFD0FF71448D085301DF04040632005EFFCFFF31578D081F01ED042D065E006CFFC9FFEA0A76E6B2FF200000184048
2026-09-12T15:23:19.9561974+00:00,89998,143485425,Connected,72,24,252,1289,1630,1.2066777,6.172252,7.8050976,127,-162,-68,0.15516752,-0.19793022,-0.08308182,2791,-6535,-78,167.45999,-392.1,-4.68,0,0,0,0,0,0,0,0,0,0,0,1,F1698D08FC0009055E067F005EFFBCFFB17C8D08F20020058F0691002FFFADFF8A8F8D080E013205A206960000FF9FFFE70A79E6B2FF200000184048
2026-09-12T15:23:19.9727882+00:00,89999,143499850,Connected,72,24,265,1328,1687,1.2689269,6.3589997,8.078036,136,-236,-103,0.16616364,-0.2883428,-0.12584452,2791,-6535,-78,167.45999,-392.1,-4.68,0,0,0,0,0,0,0,0,0,0,0,1,4AA28D08090130059706880014FF99FF0AB58D08F7001205B20666005CFF8BFFCAC78D080D010A05D9062F0099FF75FFE70A79E6B2FF200000184048
2026-09-12T15:23:19.9894491+00:00,90000,143514250,Connected,72,24,311,1307,1770,1.4891934,6.2584434,8.475474,-25,-73,-154,-0.030544788,-0.08919078,-0.18815589,2791,-6535,-78,167.45999,-392.1,-4.68,0,0,0,0,0,0,0,0,0,0,0,1,8ADA8D0837011B05EA06E7FFB7FF66FF63ED8D0865013205D6069EFFC2FF6AFF23008E08A101E704900570FFC2FF7EFFE70A79E6B2FF200000184048
2026-09-12T15:23:20.0062223+00:00,90002,143543100,Connected,72,24,332,1320,1552,1.5897499,6.3206925,7.431602,49,-73,-79,0.059867784,-0.08919078,-0.09652153,2787,-6535,-80,167.22,-392.1,-4.7999997,0,0,0,0,0,0,0,0,0,0,0,1,3C4B8E084C01280510063100B7FFB1FFFC5D8E088401D10400063D00CDFFB8FFD5708E087601DD040F064D001800BEFFE30A79E6B0FF200000184048
2026-09-12T15:23:20.0394998+00:00,90004,143571925,Connected,72,24,342,1334,1611,1.6376339,6.38773,7.714118,37,57,-33,0.045206286,0.06964211,-0.04031912,2785,-6534,-84,167.09999,-392.03998,-5.04,0,0,0,0,0,0,0,0,0,0,0,1,D5BB8E08560136054B0625003900DFFF95CE8E085D011E05240625004F00E5FF55E18E084E012A05240631007100ECFFE10A7AE6ACFF200000184048
2026-09-12T15:23:20.0561268+00:00,90005,143586350,Connected,72,24,302,1348,1607,1.4460979,6.4547677,7.6949644,64,130,-13,0.078194655,0.1588329,-0.01588329,2783,-6533,-83,166.98,-391.97998,-4.98,0,0,0,0,0,0,0,0,0,0,0,1,2EF48E082E014405470640008200F3FFEE068F083D0154054D064A006E00FDFFAE198F0844015605280653003A001300DF0A7BE6ADFF200000184048
2026-09-12T15:23:20.0894661+00:00,90007,143615175,Connected,72,24,316,1314,1519,1.5131354,6.291962,7.273585,41,60,19,0.05009345,0.07330749,0.023214038,2782,-6531,-82,166.92,-391.86,-4.92,0,0,0,0,0,0,0,0,0,0,0,1,C7648F083C012205EF0529003C00130087778F085F011A05710534007B000C00608A8F085C01540597056500A2001700DE0A7DE6AEFF200000184048
2026-09-12T15:23:20.1061149+00:00,90008,143629600,Connected,72,24,360,1412,1495,1.7238252,6.7612257,7.1586633,144,151,62,0.17593798,0.18449052,0.07575107,2783,-6530,-86,166.98,-391.8,-5.16,0,0,0,0,0,0,0,0,0,0,0,1,209D8F0868018405D705900097003E00E0AF8F08650178053306A00078006B00A0C28F084F0151052B0693007A008200DF0A7EE6AAFF200000184048
2026-09-12T15:23:20.1229240+00:00,90009,143644000,Connected,72,24,294,1324,1583,1.4077905,6.339846,7.5800424,126,156,135,0.15394573,0.19059947,0.16494185,2783,-6528,-86,166.98,-391.68,-5.16,0,0,0,0,0,0,0,0,0,0,0,1,60D58F0826012C052F067E009C00870039E88F081E01300543066900BC008000F9FA8F08F300430592064F00B0008400DF0A80E6AAFF200000184048
2026-09-12T15:23:20.1394573+00:00,90010,143658425,Connected,72,24,202,1350,1724,0.9672575,6.4643445,8.255207,34,114,141,0.04154091,0.13928422,0.17227261,2781,-6528,-85,166.86,-391.68,-5.1,0,0,0,0,0,0,0,0,0,0,0,1,B90D9008CA004605BC06220072008D0079209008ED005305E606E0FF1A009600393390082E014205E00693FFC7FFA800DD0A80E6ABFF200000184048
2026-09-12T15:23:20.1561297+00:00,90011,143672850,Connected,72,24,450,1338,1850,2.1547816,6.4068837,8.858546,-188,-70,183,-0.2296968,-0.0855254,0.22358784,2783,-6528,-86,166.98,-391.68,-5.16,0,0,0,0,0,0,0,0,0,0,1,0,12469008C2013A053A0744FFBAFFB700D25890080C010E05FF05D4FE02FFAD00926B9008EF004505EE06D9FE1E00DD00DF0A80E6AAFF200000182048
2026-09-12T15:23:20.1727878+00:00,90013,143701675,Connected,72,24,458,1292,1686,2.1930888,6.1866174,8.073248,-373,184,236,-0.45572823,0.22480963,0.2883428,2781,-6526,-86,166.86,-391.56,-5.16,0,0,0,0,0,0,0,0,0,0,1,0,ABB69008CA010C0596068BFEB800EC006BC990084E01FE04B30682FED80005012BDC90084201EE0475066BFE0201FE00DD0A82E6AAFF200000182048
2026-09-12T15:23:20.1894759+00:00,90014,143716100,Connected,72,24,338,1269,1608,1.6184803,6.0764837,7.699753,-402,305,243,-0.49116018,0.3726464,0.29689533,2780,-6528,-83,166.8,-391.68,-4.98,0,0,0,0,0,0,0,0,0,0,1,0,04EF90085201F50448066EFE3101F300C40191086C011B054D068AFE4201F400841491085C0119053E06B3FEEE000C01DC0A80E6ADFF200000182048
2026-09-12T15:23:20.2061547+00:00,90015,143730500,Connected,72,24,169,1273,1689,0.80924016,6.0956373,8.087613,-304,164,276,-0.37142462,0.2003738,0.33721444,2780,-6530,-81,166.8,-391.8,-4.8599997,0,0,0,0,0,0,0,0,0,0,1,0,44279108A900F9049906D0FEA4001401043A9108BE0014056F06D4FE7700F500DD4C9108DE0016056D06E3FE5300DA00DC0A7EE6AFFF200000182048
2026-09-12T15:23:20.2228610+00:00,90016,143744925,Connected,72,24,217,1271,1661,1.0390835,6.0860605,7.953538,-264,40,193,-0.32255295,0.04887166,0.23580576,2780,-6533,-81,166.8,-391.97998,-4.8599997,0,0,0,0,0,0,0,0,0,0,1,0,9D5F9108D900F7047D06F8FE2800C1005D729108D200E4048A060BFF0900A4001D8591080001E8048A0620FFEDFF8300DC0A7BE6AFFF200000182048
2026-09-12T15:23:20.2394723+00:00,90017,143759350,Connected,72,24,141,1215,1723,0.6751649,5.81791,8.250419,-194,-100,121,-0.23702756,-0.12217915,0.14783677,2781,-6537,-79,166.86,-392.22,-4.74,0,0,0,0,0,0,0,0,0,0,1,0,F69791088D00BF04BB063EFF9CFF7900B6AA91086D00CD04AD0645FFAAFF3D0076BD9108E300E4048A065FFFA2FF0400DD0A77E6B1FF200000182048
2026-09-12T15:23:20.2562898+00:00,90019,143788175,Connected,72,24,275,1323,1831,1.316811,6.3350577,8.767567,-155,-241,-49,-0.18937768,-0.29445174,-0.059867784,2779,-6544,-75,166.73999,-392.63998,-4.5,0,0,0,0,0,0,0,0,0,0,1,0,8F08920813012B05270765FF0FFFCFFF4F1B92083B01290524074FFFF5FECFFF0F2E920861012B05F3063EFFE8FED2FFDB0A70E6B5FF200000182048
2026-09-12T15:23:20.2894640+00:00,90020,143802600,Connected,72,24,369,1300,1657,1.7669208,6.2249246,7.9343843,-197,-276,-41,-0.24069293,-0.33721444,-0.05009345,2776,-6547,-76,166.56,-392.81998,-4.56,0,0,0,0,0,0,0,0,0,0,1,0,E84092087101140579063BFFECFED7FFA85392084D01DF04D80558FF01FFCEFF6866920834019204C7059AFF25FFBAFFD80A6DE6B4FF200000182048
2026-09-12T15:23:20.3061221+00:00,90021,143817000,Connected,72,24,306,1163,1521,1.4652514,5.568913,7.2831616,-28,-172,-86,-0.03421016,-0.21014814,-0.10507407,2775,-6549,-74,166.5,-392.94,-4.44,0,0,0,0,0,0,0,0,0,0,1,0,2879920832018B04F105E4FF54FFAAFF018C92083601AD04350619007CFFA0FFC19E92082101C6043506380098FF94FFD70A6BE6B6FF200000182048
2026-09-12T15:23:20.3227860+00:00,90023,143845925,Connected,72,24,373,1210,1754,1.7860745,5.793968,8.39886,246,113,-203,0.3005607,0.13806243,-0.24802367,2773,-6558,-71,166.37999,-393.47998,-4.2599998,0,0,0,0,0,0,0,0,0,0,0,1,25EA92087501BA04DA06F600710035FF9AFC9208E100D1030707FE00910012FF5A0F9308660086034A0639010700AFFED50A62E6B9FF200000184048
2026-09-12T15:23:20.3394927+00:00,90025,143874675,Connected,72,24,356,1346,1569,1.7046716,6.445191,7.513005,534,191,-477,0.6524367,0.23336217,-0.58279455,2772,-6559,-71,166.31999,-393.53998,-4.2599998,0,0,0,0,0,0,0,0,0,0,0,1,735A93086401420521061602BF0023FE336D93083D011C0542062302B40042FEF37F93084E0110053D062D02B10059FED40A61E6B9FF200000184048
2026-09-12T15:23:20.3727927+00:00,90026,143889100,Connected,72,24,392,1351,1603,1.8770541,6.469133,7.675811,575,154,-397,0.7025301,0.18815589,-0.4850512,2775,-6558,-72,166.5,-393.47998,-4.3199997,0,0,0,0,0,0,0,0,0,0,0,1,CC9293088801470543063F029A0073FE8CA593083B014F0550064E026E009FFE4CB893089D00EB041E065C020B00CBFED70A62E6B8FF200000184048
2026-09-12T15:23:20.3894676+00:00,90027,143903500,Connected,72,24,171,1214,1507,0.81881696,5.813122,7.216124,633,-93,-315,0.773394,-0.11362661,-0.38486433,2777,-6557,-72,166.62,-393.41998,-4.3199997,0,0,0,0,0,0,0,0,0,0,0,1,0CCB9308AB00BE04E3057902A3FFC5FECCDD93080401B3046405AE0295FF8FFEA5F093084201A70455050703BBFF56FED90A63E6B8FF200000184048
2026-09-12T15:23:20.4062115+00:00,90029,143932350,Connected,72,24,451,1246,1335,2.15957,5.9663506,6.3925185,1173,-184,-460,1.4331614,-0.22480963,-0.56202406,2778,-6551,-78,166.68,-393.06,-4.68,0,0,0,0,0,0,0,0,0,0,0,1,BE3B9408C301DE043705950448FF34FE7E4E9408F90106056505BA04BDFF3DFE3E6194084D023D058205C704350064FEDA0A69E6B2FF200000184048
2026-09-12T15:23:20.4228007+00:00,90030,143946750,Connected,72,24,652,1391,1440,3.122039,6.6606693,6.895301,1216,170,-336,1.4856985,0.20770456,-0.41052195,2781,-6544,-80,166.86,-392.63998,-4.7999997,0,0,0,0,0,0,0,0,0,0,0,1,FE7394088C026F05A005C004AA00B0FED7869408A30290059105A604450110FF979994088B02A7057B05870410026DFFDD0A70E6B0FF200000184048
2026-09-12T15:23:20.4394667+00:00,90031,143961175,Connected,72,24,597,1450,1434,2.858677,6.943185,6.8665705,1133,756,-62,1.3842897,0.92367435,-0.07575107,2785,-6538,-81,167.09999,-392.28,-4.8599997,0,0,0,0,0,0,0,0,0,0,0,1,57AC94085502AA059A056D04F402C2FF17BF94082002A005AF054B04BF030800D7D19408E7017705BF0532044F044200E10A76E6AFFF200000184048
2026-09-12T15:23:20.4561154+00:00,90032,143975600,Connected,72,24,452,1343,1449,2.1643584,6.4308257,6.9383965,1062,1220,115,1.2975426,1.4905856,0.14050601,2792,-6529,-89,167.51999,-391.74,-5.3399997,0,0,0,0,0,0,0,0,0,0,0,1,B0E49408C4013F05A9052604C404730070F79408990134058A0535042F059700300A95086101400561055E048D05A600E80A7FE6A7FF200000184048
2026-09-12T15:23:20.4727953+00:00,90033,143990000,Connected,72,24,226,1353,1418,1.0821792,6.4787097,6.789956,1185,1445,171,1.4478229,1.7654887,0.20892635,2796,-6522,-93,167.76,-391.31998,-5.58,0,0,0,0,0,0,0,0,0,0,0,1,F01C9508E20049058A05A104A505AB00C92F95086B004B05BD05E50461059C00894295083F007505AC051D05DD048000EC0A86E6A3FF200000184048
2026-09-12T15:23:20.4894481+00:00,90035,144018850,Connected,72,24,80,1615,1551,0.38307226,7.7332716,7.4268136,1349,1090,34,1.6481967,1.3317528,0.04154091,2814,-6500,-104,168.84,-390,-6.24,0,0,0,0,0,0,0,0,0,0,0,1,A28D950850004F060F0645054204220062A095082E00A40636060C057B04100022B39508FCFFC9063D06BB0493040900FE0A9CE698FF200000184048
2026-09-12T15:23:20.5061168+00:00,90036,144033250,Connected,72,24,-69,1781,1599,-0.33039984,8.528147,7.656657,1118,1134,8,1.3659629,1.3855115,0.009774332,2821,-6493,-110,169.26,-389.58,-6.6,0,0,0,0,0,0,0,0,0,0,0,1,E2C59508BBFFF5063F065E046E040800BBD895088AFF09071106FF030C040C007BEB95087EFFF906C705A2039A030B00050BA3E692FF200000184048
2026-09-12T15:23:20.5227836+00:00,90037,144047675,Connected,72,24,-81,1741,1419,-0.3878607,8.336611,6.7947445,862,830,3,1.0531843,1.014087,0.0036653746,2832,-6480,-120,169.92,-388.8,-7.2,0,0,0,0,0,0,0,0,0,0,0,1,3BFE9508AFFFCD068B055E033E030300FB109608EDFF9C06530531031003FCFFD42396081000790626051E030103F9FF100BB0E688FF200000184048
2026-09-12T15:23:20.5396518+00:00,90038,144062100,Connected,72,24,39,1660,1283,0.18674773,7.9487495,6.143522,802,782,-4,0.97987676,0.95544094,-0.004887166,2838,-6472,-127,170.28,-388.31998,-7.62,0,0,0,0,0,0,0,0,0,0,0,1,9436960827007C06030522030E03FCFF544996081E00AE06020536033B030400145C9608ECFFE6063405430378030E00160BB8E681FF200000184048
2026-09-12T15:23:20.5562852+00:00,90040,144090925,Connected,72,24,-271,1896,1488,-1.2976574,9.078813,7.1251445,671,848,-11,0.8198221,1.0360792,-0.0134397065,2860,-6451,-145,171.59999,-387.06,-8.7,0,0,0,0,0,0,0,0,0,0,0,1,2DA79608F1FE6807D0059F025003F5FFEDB99608D7FE5607B90555023603CFFFC6CC9608D6FE3407AC050F021C03A6FF2C0BCDE66FFF200000184048
2026-09-12T15:23:20.5896411+00:00,90041,144105350,Connected,72,24,-222,1824,1431,-1.0630256,8.734048,6.8522053,464,763,-127,0.5669113,0.9322269,-0.15516752,2876,-6439,-158,172.56,-386.34,-9.48,0,0,0,0,0,0,0,0,0,0,0,1,86DF960822FF20079705D001FB0281FF46F2960843FF1A0777059701E00267FF0605970856FF1E0759056701C90259FF3C0BD9E662FF200000184048
2026-09-12T15:23:20.6063675+00:00,90042,144119775,Connected,72,24,-173,1826,1345,-0.8283938,8.743625,6.4404025,317,698,-175,0.3873079,0.85281044,-0.21381351,2884,-6434,-166,173.04,-386.03998,-9.96,0,0,0,0,0,0,0,0,0,0,0,1,DF17970853FF220741053D01BA0251FF9F2A970865FF1C0733051801AE0248FF5F3D970889FF06071705FB00A80245FF440BDEE65AFF200000184048
2026-09-12T15:23:20.6229589+00:00,90044,144148600,Connected,72,24,-44,1732,1232,-0.21068975,8.293514,5.899313,247,677,-109,0.3017825,0.82715285,-0.13317527,2906,-6425,-182,174.36,-385.5,-10.92,0,0,0,0,0,0,0,0,0,0,0,1,78889708D4FFC406D004F700A50293FF389B9708C0FFD606C004FF009402B3FF11AE9708C2FFDD06A1040F017502CFFF5A0BE7E64AFF200000184048
2026-09-12T15:23:20.6396098+00:00,90045,144163025,Connected,72,24,-55,1748,1155,-0.2633622,8.37013,5.530606,296,590,-19,0.3616503,0.72085696,-0.023214038,2912,-6421,-188,174.72,-385.25998,-11.28,0,0,0,0,0,0,0,0,0,0,0,1,D1C09708C9FFD406830428014E02EDFF91D39708C7FFD50688044B0126020A0051E69708B6FFD506A0047401F6012800600BEBE644FF200000184048
2026-09-12T15:23:20.6562857+00:00,90046,144177450,Connected,72,24,-76,1737,1219,-0.36391866,8.317456,5.837064,410,454,70,0.50093454,0.55469334,0.0855254,2924,-6416,-196,175.44,-384.96,-11.759999,0,0,0,0,0,0,0,0,0,0,0,1,2AF99708B4FFC906C3049A01C6014600EA0B9808BDFFC806E604B701AD015800AA1E9808B3FFCA060905C801AD0160006C0BF0E63CFF200000184048
2026-09-12T15:23:20.6729482+00:00,90047,144191850,Connected,72,24,-111,1747,1323,-0.5315128,8.365341,6.3350577,459,420,96,0.5608023,0.5131524,0.11729199,2932,-6414,-201,175.92,-384.84,-12.059999,0,0,0,0,0,0,0,0,0,0,0,1,6A31980891FFD3062B05CB01A40160002A4498087FFFC7062605BF017E016100035798087AFFBC060A05AF0149016000740BF2E637FF200000184048
2026-09-12T15:23:20.6896274+00:00,90048,144206275,Connected,72,24,-136,1711,1253,-0.6512229,8.192958,5.9998693,421,275,90,0.5143742,0.33599266,0.109961234,2942,-6410,-212,176.51999,-384.6,-12.719999,0,0,0,0,0,0,0,0,0,0,0,1,C369980878FFAF06E504A50113015A00837C98084EFFA506C604A601EE005100438F98083AFFB406A504B401D50040007E0BF6E62CFF200000184048
2026-09-12T15:23:20.7065065+00:00,90049,144220675,Connected,72,24,-227,1737,1188,-1.0869676,8.317456,5.6886234,455,203,37,0.5559151,0.24802367,0.045206286,2947,-6408,-215,176.81999,-384.47998,-12.9,0,0,0,0,0,0,0,0,0,0,0,1,03A298081DFFC906A404C701CB002500DCB4980839FFF206B404E101BF0002009CC798089AFF0B07D804FC01C000EAFF830BF8E629FF200000184048
2026-09-12T15:23:20.7229462+00:00,90051,144249525,Connected,72,24,151,1698,812,0.7230489,8.130709,3.8881836,417,423,128,0.50948703,0.5168178,0.15638931,2961,-6401,-224,177.65999,-384.06,-13.44,0,0,0,0,0,0,0,0,0,0,0,1,B51299089700A2062C03A101A70180007525990873005806060425FF2C028800353899080000790664043EFE12016F00910BFFE620FF200000184048
2026-09-12T15:23:20.7396359+00:00,90052,144263950,Connected,72,24,-140,1889,1332,-0.6703765,9.045294,6.3781533,-529,75,198,-0.6463277,0.09163436,0.24191472,2967,-6398,-229,178.01999,-383.88,-13.74,0,0,0,0,0,0,0,0,0,0,0,1,0E4B990874FF61073405EFFD4B00C600CE5D9908A1FFC8078805ABFDDFFFFE008E7099084DFFC807DC0564FDD9FF1201970B02E71BFF200000184048
2026-09-12T15:23:20.7563057+00:00,90053,144278350,Connected,72,24,-289,2065,1613,-1.3838485,9.888053,7.723695,-678,-125,295,-0.8283746,-0.15272394,0.36042848,2970,-6398,-231,178.2,-383.88,-13.86,179,245,0.568254,0.7777778,1,0,0,0,1,0,0,0,4E839908DFFE11084D065AFD83FF270127969908A0FE5E072B0652FDC7FE6B01E7A89908D8FEEE066905A0FC0DFE7D019A0B02E719FF12CCF5180848
2026-09-12T15:23:20.7729544+00:00,90054,144292775,Connected,72,24,-253,1807,1429,-1.2114661,8.652645,6.8426285,-882,-446,303,-1.0776201,-0.544919,0.3702028,2973,-6397,-235,178.37999,-383.81998,-14.099999,179,245,0.568254,0.7777778,1,0,0,0,1,0,0,0,A7BB990803FF0F0795058EFC42FE2F0167CE990863FFE1068B059DFC97FEF90040E19908B0FFDC067E059BFC03FFCC009D0B03E715FF12CCF5180848
2026-09-12T15:23:20.7896245+00:00,90056,144321600,Connected,72,24,-265,1754,1092,-1.2689269,8.39886,5.2289367,-1072,44,-38,-1.3097605,0.053758826,-0.046428077,2975,-6402,-238,178.5,-384.12,-14.28,179,245,0.568254,0.7777778,1,0,0,0,1,0,0,0,402C9A08F7FEDA064404D0FB2C00DAFF193F9A08E7FEC206250411FC730093FFD9519A08E9FE880625046DFC99005EFF9F0BFEE612FF12CCF5180848
2026-09-12T15:23:20.8064182+00:00,90057,144336025,Connected,72,24,-255,1679,1053,-1.2210429,8.039729,5.0421886,-821,137,-186,-1.0030909,0.16738543,-0.22725321,2976,-6408,-240,178.56,-384.47998,-14.4,179,245,0.568254,0.7777778,1,0,0,0,1,0,0,0,99649A0801FF8F061D04CBFC890046FF59779A083BFF7706F1032BFD5D0059FF328A9A0862FF5B06B9039DFD160081FFA00BF8E610FF12CCF5180848
2026-09-12T15:23:20.8231162+00:00,90058,144350450,Connected,72,24,-100,1612,907,-0.47884035,7.7189064,4.343082,-469,-54,-87,-0.5730202,-0.06597674,-0.10629586,2974,-6412,-241,178.44,-384.72,-14.46,179,245,0.568254,0.7777778,1,0,0,0,1,0,0,0,F29C9A089CFF4C068B032BFECAFFA9FFB2AF9A08C9FF53067103DAFE93FFD4FF72C29A08C3FF4306920395FF62FF01009E0BF4E60FFF12CCF5180848
2026-09-12T15:23:20.8396965+00:00,90059,144364875,Connected,72,24,-82,1590,950,-0.39264908,7.6135616,4.548983,65,-205,36,0.07941645,-0.25046727,0.043984495,2973,-6420,-240,178.37999,-385.19998,-14.4,178,244,0.5650794,0.7746032,1,0,0,0,1,0,0,0,4BD59A08AEFF3606B603410033FF24000BE89A08A6FF4406E303D7000EFF3D00CBFA9A08A0FF3E0617044E01EFFE4C009D0BECE610FF12C8F4180848
2026-09-12T15:23:20.8730271+00:00,90061,144393700,Connected,72,24,-88,1729,1111,-0.4213795,8.279149,5.3199162,684,-450,94,0.8357054,-0.5498062,0.1148484,2970,-6434,-238,178.2,-386.03998,-14.28,177,244,0.5619048,0.7746032,1,0,0,0,0,0,0,0,E4459B08A8FFC1065704AC023EFE5E00A4589B08ABFFD9067A04E70227FE53007D6B9B08AAFFD7069B04080321FE42009A0BDEE612FF12C4F4180048
2026-09-12T15:23:20.8897003+00:00,90062,144408125,Connected,72,24,-101,1716,1212,-0.48362875,8.2169,5.803545,777,-474,50,0.949332,-0.57912916,0.061089575,2967,-6439,-240,178.01999,-386.34,-14.4,176,243,0.5587302,0.7714286,1,0,0,0,0,0,0,1,3D7E9B089BFFB406BC04090326FE3200FD909B0860FF8006C704900218FE2400BDA39B0887FF92060E058702F4FDDAFF970BD9E610FF12C0F3184048
2026-09-12T15:23:20.9064147+00:00,90063,144422525,Connected,72,24,-115,1824,1410,-0.5506664,8.734048,6.751649,710,-528,-48,0.86747193,-0.6451059,-0.058645993,2967,-6443,-241,178.01999,-386.58,-14.46,176,243,0.5587302,0.7714286,1,0,0,0,0,0,0,1,7DB69B088DFF20078205C602F0FDD0FF56C99B088AFF0B078A056002F3FDCAFF16DC9B0837FFFC06B7051002BCFDA0FF970BD5E60FFF12C0F3184048
2026-09-12T15:23:20.9230460+00:00,90064,144437075,Connected,72,24,-214,1758,1421,-1.0247183,8.418014,6.8043213,458,-707,-124,0.5595805,-0.8638066,-0.15150215,2964,-6446,-241,177.84,-386.75998,-14.46,176,243,0.5587302,0.7714286,1,0,0,0,0,0,0,1,53EF9B082AFFDE068D05CA013DFD84FF96019C087AFFD10643056E01EFFC60FF6F149C08BFFFCB062B050D01EFFC3BFF940BD2E60FFF12C0F3184048
2026-09-12T15:23:20.9397097+00:00,90065,144452050,Connected,72,24,-29,1758,1311,-0.1388637,8.418014,6.277597,174,-761,-215,0.21259172,-0.92978334,-0.26268518,2962,-6446,-239,177.72,-386.75998,-14.34,175,243,0.5555556,0.7714286,1,0,0,0,0,0,0,1,D2299C08E3FFDE061F05AE0007FD29FFEF399C08DDFF0E0709055C0030FD2BFFE14C9C08F1FF2607F304140068FD3FFF920BD2E611FF12BCF3184048
2026-09-12T15:23:20.9563636+00:00,90067,144480200,Connected,72,24,-51,1904,1417,-0.24420857,9.11712,6.7851677,-291,-292,-53,-0.35554132,-0.35676312,-0.06475495,2961,-6445,-238,177.65999,-386.69998,-14.28,191,257,0.60634923,0.815873,1,0,0,0,0,0,0,1,C8979C08CDFF70078905DDFEDCFECBFFA1AA9C08CAFF3F077105C3FEA0FEEEFF61BD9C08AFFF1A075B05C5FE7CFE0600910BD3E612FF12FD01184048
2026-09-12T15:23:20.9732607+00:00,90068,144494625,Connected,72,24,-110,1801,1364,-0.5267244,8.623915,6.531382,-307,-414,15,-0.37508997,-0.5058217,0.018326873,2954,-6441,-239,177.23999,-386.46,-14.34,207,271,0.6571429,0.86031747,1,0,0,0,0,0,0,1,21D09C0892FF09075405CDFE62FE0F00E1E29C0884FFFB067D05CDFE4EFE0800BAF59C0895FFF3069F05ACFE5BFEECFF8A0BD7E611FF133D0F184048
2026-09-12T15:23:20.9897468+00:00,90069,144509050,Connected,72,24,-84,1773,1472,-0.40222588,8.48984,7.0485296,-400,-396,-48,-0.4887166,-0.48382944,-0.058645993,2954,-6438,-238,177.23999,-386.28,-14.28,0,0,0,0,0,0,0,0,0,0,0,1,7A089D08ACFFED06C00570FE74FED0FF3A1B9D08C4FFD006C80526FE6FFEC5FFFA2D9D08D1FFA706AF05D0FD5CFEC3FF8A0BDAE612FF000000184048
2026-09-12T15:23:21.0064085+00:00,90070,144523475,Connected,72,24,-43,1687,1415,-0.20590134,8.078036,6.775591,-643,-424,-68,-0.7856119,-0.5180396,-0.08308182,2951,-6432,-237,177.06,-385.91998,-14.219999,0,0,0,0,0,0,0,0,0,0,0,1,D3409D08D5FF970687057DFD58FEBCFF93539D08DFFF8F06510553FD4FFEB9FF53669D080500810628054BFD4AFEB8FF870BE0E613FF200000184048
2026-09-12T15:23:21.0230643+00:00,90071,144537875,Connected,72,24,43,1650,1324,0.20590134,7.9008656,6.339846,-679,-449,-63,-0.8295964,-0.5485844,-0.076972865,2949,-6430,-236,176.94,-385.8,-14.16,0,0,0,0,0,0,0,0,0,0,0,1,13799D082B0072062C0559FD3FFEC1FFD38B9D08610079062F0578FD17FEDCFFAC9E9D08BB009206630597FDDDFD0700850BE2E614FF200000184048
2026-09-12T15:23:21.0397646+00:00,90073,144566725,Connected,72,24,182,1599,1129,0.8714894,7.656657,5.4061074,-680,-946,510,-0.83081824,-1.1558148,0.62311363,2941,-6426,-229,176.45999,-385.56,-13.74,0,0,0,0,0,0,0,0,0,0,0,1,C5E99D08B6003F06690458FD4EFCFE0185FC9D085400EF05D203CAFDDFFCFE01450F9E081600A305A90365FE7BFDD5017D0BE6E61BFF200000184048
2026-09-12T15:23:21.0563954+00:00,90074,144581125,Connected,72,24,2,1387,1010,0.009576807,6.6415157,4.8362875,-258,-511,402,-0.3152222,-0.62433547,0.49116018,2934,-6428,-223,176.04,-385.68,-13.38,0,0,0,0,0,0,0,0,0,0,0,1,05229E0802006B05F203FEFE01FE9201DE349E080C004B05390470FF5FFE4B019E479E08260046054B04C5FFADFE0701760BE4E621FF200000184048
2026-09-12T15:23:21.0731152+00:00,90075,144595775,Connected,72,24,71,1395,1123,0.33997664,6.679823,5.377377,5,-278,202,0.0061089573,-0.33965802,0.24680188,2931,-6429,-220,175.86,-385.74,-13.2,0,0,0,0,0,0,0,0,0,0,0,1,3F5B9E084700730563040500EAFECA001E6D9E085D00B1058F0424001CFF9F00F77F9E086D00EA05BD041E0030FF8F00730BE3E624FF200000184048
2026-09-12T15:23:21.0897380+00:00,90076,144609975,Connected,72,24,112,1559,1254,0.5363012,7.465121,6.0046577,3,-209,153,0.0036653746,-0.25535443,0.1869341,2928,-6430,-217,175.68,-385.8,-13.0199995,0,0,0,0,0,0,0,0,0,0,0,1,B7929E0870001706E60403002FFF990077A59E08610035060205ECFF26FFA60037B89E083A003C062405E4FF37FF9B00700BE2E627FF200000184048
2026-09-12T15:23:21.1068545+00:00,90078,144638800,Connected,72,24,88,1635,1440,0.4213795,7.8290396,6.895301,-188,-123,58,-0.2296968,-0.15028036,0.07086391,2920,-6430,-215,175.2,-385.8,-12.9,0,0,0,0,0,0,0,0,0,0,0,1,50039F0858006306A00544FF85FF3A0029169F089E005D06890502FF70FF3400E9289F08DE004F067105CBFE68FF3D00680BE2E629FF200000184048
2026-09-12T15:23:21.1234124+00:00,90079,144653225,Connected,72,24,278,1614,1375,1.3311762,7.728483,6.5840545,-341,-141,89,-0.4166309,-0.17227261,0.10873944,2915,-6433,-210,174.9,-385.97998,-12.599999,0,0,0,0,0,0,0,0,0,0,0,1,A93B9F0816014E065F05ABFE73FF5900694E9F0854016006730595FE73FF7E0042619F0857016506680578FE64FFB400630BDFE62EFF200000184048
2026-09-12T15:23:21.1567591+00:00,90080,144667650,Connected,72,24,279,1622,1333,1.3359646,7.7667904,6.3829417,-420,-149,227,-0.5131524,-0.18204693,0.27734667,2910,-6436,-208,174.59999,-386.16,-12.48,0,0,0,0,0,0,0,0,0,0,0,1,02749F081701560635055CFE6BFFE300C2869F08D40053061A054AFE8AFFFA0082999F088C004806020544FEAEFF02015E0BDCE630FF200000184048
2026-09-12T15:23:21.1735132+00:00,90081,144682075,Connected,72,24,81,1582,1267,0.3878607,7.575254,6.066907,-436,-45,242,-0.5327011,-0.054980617,0.29567355,2902,-6442,-205,174.12,-386.52,-12.3,0,0,0,0,0,0,0,0,0,0,0,1,5BAC9F0851002E06F3044CFED3FFF2001BBF9F0828001E06DD0460FEF1FFCC00DBD19F0841002606CD047FFEFBFFA000560BD6E633FF200000184048
2026-09-12T15:23:21.1900795+00:00,90083,144710900,Connected,72,24,241,1570,1362,1.1540052,7.517793,6.5218053,-184,23,122,-0.22480963,0.028101204,0.14905857,2892,-6453,-200,173.51999,-387.18,-12,0,0,0,0,0,0,0,0,0,0,0,1,F41CA008F1002206520548FF17007A00B42FA0081B0122067D055EFFFDFFA4007442A0080B010C0675056CFFDDFFD8004C0BCBE638FF200000184048
2026-09-12T15:23:21.2068848+00:00,90084,144725675,Connected,72,24,228,1530,1345,1.091756,7.326257,6.4404025,-114,-66,261,-0.13928422,-0.08063824,0.3188876,2890,-6455,-200,173.4,-387.3,-12,0,0,0,0,0,0,0,0,0,0,0,1,AB56A008E400FA0541058EFFBEFF05010D68A008F000CD053205CCFF99FF2B01CD7AA0081E01930550050D0086FF40014A0BC9E638FF200000184048
2026-09-12T15:23:21.2234096+00:00,90085,144739775,Connected,72,24,316,1391,1458,1.5131354,6.6606693,6.981492,81,-110,341,0.09896511,-0.13439706,0.4166309,2884,-6462,-200,173.04,-387.72,-12,0,0,0,0,0,0,0,0,0,0,0,1,BF8DA0083C016F05B205510092FF55017FA0A0080B015C05260691009EFF6D0126B3A008C4007D054E06B300A2FF6801440BC2E638FF200000184048
2026-09-12T15:23:21.2400756+00:00,90086,144754150,Connected,72,24,158,1496,1634,0.7565677,7.1634517,7.824251,186,-106,339,0.22725321,-0.1295099,0.4141873,2883,-6465,-199,172.98,-387.9,-11.94,0,0,0,0,0,0,0,0,0,0,0,1,E6C5A0089E00D8056206BA0096FF5301A6D8A008E10019063706B7006DFF480166EBA008D7003F06FD05B9004CFF5201430BBFE639FF200000184048
2026-09-12T15:23:21.2567545+00:00,90087,144768575,Connected,72,24,160,1586,1495,0.7661445,7.5944076,7.1586633,205,-210,339,0.25046727,-0.2565762,0.4141873,2883,-6468,-198,172.98,-388.08,-11.88,0,0,0,0,0,0,0,0,0,0,0,1,3FFEA008A0003206D705CD002EFF5301FF10A108C400EA052406ED0006FF4101BF23A1083901E505C6061E014BFE2901430BBCE63AFF200000184048
2026-09-12T15:23:21.2734876+00:00,90089,144797400,Connected,72,24,-310,1169,1768,-1.484405,5.5976434,8.465898,283,-392,426,0.345767,-0.47894228,0.5204832,2877,-6480,-194,172.62,-388.8,-11.639999,0,0,0,0,0,1,0,0,0,0,0,0,D86EA108CAFE9104E8061B0178FEAA019881A10800002E0457060701E4FCA0007194A108E6008B06A605900174FC27003D0BB0E63EFF200000180148
2026-09-12T15:23:21.2900821+00:00,90090,144811825,Connected,72,24,165,1917,1428,0.79008657,9.179369,6.83784,435,-758,42,0.5314793,-0.92611796,0.051315244,2876,-6486,-195,172.56,-389.16,-11.7,0,0,0,0,0,1,0,0,0,0,0,0,31A7A108A5007D079405B3010AFD2A00F1B9A108F7FF26076B057D0177FD4600B1CCA108ECFFCF060A05460187FD30003C0BAAE63DFF200000180148
2026-09-12T15:23:21.3067489+00:00,90091,144826250,Connected,72,24,148,1680,1252,0.7086837,8.0445175,5.995081,317,-616,9,0.3873079,-0.75262356,0.010996124,2876,-6489,-198,172.56,-389.34,-11.88,0,0,0,0,0,1,0,0,0,0,0,0,8ADFA10894009006E4043D0198FD09004AF2A10823018A06E4044D01D5FD02000A05A2082E019506D8044E0138FE16003C0BA7E63AFF200000180148
2026-09-12T15:23:21.3234133+00:00,90092,144840650,Connected,72,24,258,1700,1205,1.2354081,8.1402855,5.770026,320,-354,42,0.39097327,-0.4325142,0.051315244,2877,-6492,-202,172.62,-389.52,-12.12,0,0,0,0,0,1,0,0,0,0,0,0,CA17A2080201A406B50440019EFE2A008A2AA208DA00AB06C1042901F1FE2A00633DA208C000B506CD040D0121FF1D003D0BA4E636FF200000180148
2026-09-12T15:23:21.3400861+00:00,90094,144869500,Connected,72,24,233,1769,1214,1.115698,8.470686,5.813122,109,-85,-5,0.13317527,-0.10385228,-0.0061089573,2873,-6491,-210,172.37999,-389.46,-12.599999,0,0,0,0,0,1,0,0,0,0,0,0,7C88A208E900E906BE046D00ABFFFBFF3C9BA208EF00D106CA044B00BFFFFEFFFCADA208EB00BD06CC042E00CEFFF9FF390BA5E62EFF200000180148
2026-09-12T15:23:21.3568192+00:00,90095,144883900,Connected,72,24,209,1740,1227,1.0007763,8.331821,5.875371,16,-22,-21,0.019548664,-0.026879413,-0.025657622,2872,-6492,-213,172.31999,-389.52,-12.78,0,0,0,0,0,1,0,0,0,0,0,0,BCC0A208D100CC06CB041000EAFFEBFF95D3A2089F00E006D404EFFFF8FFD6FF6EE6A2089B00ED06D504D3FFE0FFB4FF380BA4E62BFF200000180148
2026-09-12T15:23:21.3900772+00:00,90097,144912750,Connected,72,24,162,1819,1219,0.7757214,8.710106,5.837064,-203,-125,-170,-0.24802367,-0.15272394,-0.20770456,2868,-6489,-220,172.08,-389.34,-13.2,0,0,0,0,0,1,0,0,0,0,0,0,6E31A308A2001B07C30435FF83FF56FF2E44A308B4000B07DC040BFF6AFF45FFEE56A308CC00D2061005D4FE59FF37FF340BA7E624FF200000180148
2026-09-12T15:23:21.4067990+00:00,90098,144927150,Connected,72,24,239,1628,1334,1.1444284,7.795521,6.38773,-366,-158,-214,-0.44717568,-0.19304305,-0.26146337,2865,-6490,-222,171.9,-389.4,-13.32,0,0,0,0,0,0,0,0,0,0,0,0,AE69A308EF005C06360592FE62FF2AFF877CA308E800F105550555FEB2FF12FF478FA3088600DD04E20529FE1800F0FE310BA6E622FF200000180048
2026-09-12T15:23:21.4234144+00:00,90099,144941575,Connected,72,24,-54,404,1886,-0.25857377,1.934515,9.030929,-460,-55,-335,-0.56202406,-0.06719853,-0.40930015,2864,-6488,-227,171.84,-389.28,-13.62,0,0,0,0,0,0,0,0,0,0,0,1,07A2A308CAFF94015E0734FEC9FFB1FEC7B4A3089E0164066205CAFED9FDF4FDA0C7A308EF01CE083603B4FE26FEBEFD300BA8E61DFF200000184048
2026-09-12T15:23:21.4401447+00:00,90100,144956000,Connected,72,24,310,1984,1199,1.484405,9.500193,5.741296,-447,133,-341,-0.5461408,0.16249827,-0.4166309,2863,-6488,-229,171.78,-389.28,-13.74,0,0,0,0,0,0,0,0,0,0,0,1,60DAA3083601C007AF0441FE8500ABFE20EDA3089E00CE054305CCFD060100FFE0FFA308190130051D05CAFD780003FF2F0BA8E61BFF200000184048
2026-09-12T15:23:21.4568935+00:00,90101,144970400,Connected,72,24,451,1409,1284,2.15957,6.7468605,6.14831,-510,16,-254,-0.62311363,0.019548664,-0.31033504,2860,-6485,-229,171.59999,-389.1,-13.74,0,0,0,0,0,0,0,0,0,0,0,1,A012A408C3018105040502FE100002FF7925A408DB01FA05FA0447FE4C0028FF3938A40892010C06180587FEC90050FF2C0BABE61BFF200000184048
2026-09-12T15:23:21.4734104+00:00,90102,144984825,Connected,72,24,358,1535,1295,1.7142484,7.350199,6.2009826,-340,295,-163,-0.41540912,0.36042848,-0.19915201,2861,-6484,-228,171.66,-389.03998,-13.679999,0,0,0,0,0,0,0,0,0,0,0,1,F94AA4086601FF050F05ACFE27015DFFB95DA4086001EA050405D2FE4E016AFF7970A4087A01CA05F504FEFE3C017FFF2D0BACE61CFF200000184048
2026-09-12T15:23:21.4900730+00:00,90103,144999250,Connected,72,24,404,1480,1252,1.934515,7.086837,5.995081,-209,270,-100,-0.25535443,0.3298837,-0.12217915,2859,-6483,-226,171.54,-388.97998,-13.559999,0,0,0,0,0,0,0,0,0,0,0,1,5283A4089401C805E4042FFF0E019CFF1296A40890010506F00480FFDC00BFFFD2A8A408B7012006E404E7FF8E00E0FF2B0BADE61EFF200000184048
2026-09-12T15:23:21.5067440+00:00,90105,145028075,Connected,72,24,537,1649,1316,2.5713725,7.896077,6.301539,250,159,209,0.30544788,0.19426484,0.25535443,2862,-6488,-225,171.72,-389.28,-13.5,0,0,0,0,0,0,0,0,0,0,0,1,EBF3A408190271062405FA009F00D100AB06A50807024B0660050E01E10006018419A508BE012C067C052701020112012E0BA8E61FFF200000184048
2026-09-12T15:23:21.5234987+00:00,90106,145042675,Connected,72,24,396,1574,1403,1.8962077,7.536947,6.71813,325,232,234,0.39708224,0.28345564,0.28589922,2864,-6487,-225,171.84,-389.22,-13.5,0,0,0,0,0,0,0,0,0,0,0,1,F32CA5088C0126067B054501E800EA00043FA508D801A30575055C01A9009900DD51A508FC01B4054705570133005300300BA9E61FFF200000184048
2026-09-12T15:23:21.5400744+00:00,90107,145056925,Connected,72,24,539,1735,1231,2.5809495,8.307879,5.8945246,299,26,-13,0.36531565,0.03176658,-0.01588329,2866,-6489,-224,171.95999,-389.34,-13.44,0,0,0,0,0,0,0,0,0,0,0,1,9D64A5081B02C706CF042B011A00F3FF5D77A50808025607FF040501A600ACFF1D8AA508D70162075705FE00DC00C2FF320BA7E620FF200000184048
2026-09-12T15:23:21.5567708+00:00,90108,145071350,Connected,72,24,481,1886,1382,2.303222,9.030929,6.6175733,286,189,34,0.34943238,0.23091859,0.04154091,2868,-6487,-223,172.08,-389.22,-13.38,0,0,0,0,0,0,0,0,0,0,0,1,F69CA508E1015E0766051E01BD002200B6AFA5081C026207AD054401D3007B0076C2A5084A027E07EC0552012A01A000340BA9E621FF200000184048
2026-09-12T15:23:21.5734032+00:00,90110,145100175,Connected,72,24,514,2035,1500,2.4612393,9.744401,7.1826053,388,241,294,0.4740551,0.29445174,0.3592067,2872,-6483,-221,172.31999,-388.97998,-13.259999,0,0,0,0,0,0,0,0,0,0,0,1,8F0DA6080202F307DC058401F10026014F20A60811020308C305C1015A0053010F33A60848023608B6050B02B8FF8301380BADE623FF200000184048
2026-09-12T15:23:21.5900737+00:00,90111,145114600,Connected,72,24,633,2129,1499,3.0310593,10.19451,7.177817,604,-229,438,0.73796207,-0.27979025,0.5351447,2875,-6479,-221,172.5,-388.74,-13.259999,0,0,0,0,0,0,0,0,0,0,0,1,E845A60879025108DB055C021BFFB601A858A608830250081306B20251FEE701686BA608510249080A061A0367FD03023B0BB1E623FF200000184048
2026-09-12T15:23:21.6067431+00:00,90112,145129000,Connected,72,24,532,2144,1464,2.5474305,10.266336,7.0102224,937,-868,496,1.1448187,-1.060515,0.6060086,2877,-6476,-223,172.62,-388.56,-13.38,0,0,0,0,0,0,0,0,0,0,0,1,287EA60814026008B805A9039CFCF0010191A608BB018B084F056604EEFB9D01C1A3A608F601BA082005340534FB0E013D0BB4E621FF200000184048
2026-09-12T15:23:21.6234086+00:00,90113,145143425,Connected,72,24,733,2220,1601,3.5098996,10.630256,7.666234,1453,-1362,126,1.7752631,-1.66408,0.15394573,2877,-6476,-223,172.62,-388.56,-13.38,0,0,0,0,0,0,0,0,0,0,0,1,81B6A608DD02AC084106AD05AEFA7E0041C9A6081A037D084206830586FA030001DCA6083C0347087A0538056CFA87FF3D0BB4E621FF200000184048
2026-09-12T15:23:21.6401315+00:00,90114,145157850,Connected,72,24,853,2081,1292,4.084508,9.964667,6.1866174,1302,-1387,-225,1.5907725,-1.6946248,-0.2749031,2877,-6476,-223,172.62,-388.56,-13.38,0,0,0,0,0,0,0,0,0,0,0,1,DAEEA608550321080C05160595FA1FFF9A01A70835031508EC042505B2FAEDFE5A14A7080803210802054D058EFAE2FE3D0BB4E621FF200000184048
2026-09-12T15:23:21.6567424+00:00,90115,145172250,Connected,72,24,741,2091,1295,3.5482068,10.012551,6.2009826,1387,-1459,-284,1.6946248,-1.7825937,-0.3469888,2880,-6464,-228,172.8,-387.84,-13.679999,0,0,0,0,0,0,0,0,0,0,0,1,1A27A708E5022B080F056B054DFAE4FEF339A708D7023B08FD04780506FAE7FEB34CA708D20250089804700578F9E5FE400BC0E61CFF200000184048
2026-09-12T15:23:21.6733940+00:00,90117,145201100,Connected,72,24,993,2134,968,4.7548847,10.218452,4.6351743,1690,-2966,-210,2.0648277,-3.6238337,-0.2565762,2888,-6425,-247,173.28,-385.5,-14.82,0,0,0,0,0,0,0,0,0,0,0,1,CC97A708E1035608C8039A066AF42EFF8CAAA7086E048008FB0339072FF360FF4CBDA708BF04BF083304CB07E0F195FF480BE7E609FF200000184048
2026-09-12T15:23:21.6900747+00:00,90118,145215525,Connected,72,24,1200,2276,1003,5.746084,10.898406,4.8027687,2160,-3987,-59,2.6390696,-4.8712826,-0.0720857,2890,-6407,-256,173.4,-384.41998,-15.36,0,0,0,0,0,0,0,0,0,0,0,1,25D0A708B004E408EB0370086DF0C5FFE5E2A708B804020941034E09C3EEE7FFA5F5A7080B051509BF02750A38EDFEFF4A0BF9E600FF200000184048
2026-09-12T15:23:21.7233968+00:00,90119,145229925,Connected,72,24,1373,2326,695,6.5744777,11.137826,3.3279405,2993,-5114,0,3.656822,-6.248242,0,2896,-6365,-278,173.76,-381.9,-16.68,0,0,0,0,0,0,0,0,0,0,0,1,6508A8085D051609B702B10B06EC00003E1BA8089705FB08C002C80C3DEBE1FFFE2DA808B405D7089202A90DD6EAA1FF500B23E7EAFE200000184048
2026-09-12T15:23:21.7400618+00:00,90121,145258775,Connected,72,24,1296,2061,648,6.205771,9.868899,3.1028855,3706,-5194,-519,4.5279593,-6.345985,-0.6341098,2903,-6292,-321,174.18,-377.52,-19.26,0,0,0,0,0,0,0,0,0,0,0,1,1779A80810050D0888027A0EB6EBF9FDD78BA808AD04B9075502AD0D8CEC8AFD979EA8085B04C407E301AB0C58ED10FD570B6CE7BFFE200000184048
2026-09-12T15:23:21.7567456+00:00,90122,145273200,Connected,72,24,1063,2040,398,5.0900726,9.768343,1.9057846,2970,-4635,-847,3.6287208,-5.6630034,-1.0348574,2907,-6264,-341,174.42,-375.84,-20.46,0,0,0,0,0,0,0,0,0,0,0,1,70B1A8082704F8078E019A0BE5EDB1FC30C4A8082204D6073A01910A0BEE82FCF0D6A8081E048C07FC0086091FEE63FC5B0B88E7ABFE200000184048
2026-09-12T15:23:21.7733988+00:00,90123,145287600,Connected,72,24,1031,1860,97,4.936844,8.90643,0.46447513,2175,-4548,-956,2.6573966,-5.556708,-1.1680326,2917,-6205,-386,175.01999,-372.3,-23.16,0,0,0,0,0,0,0,0,0,0,0,1,B0E9A8080704440761007F083CEE44FC89FCA808EC031507C0FF9C075FEE23FC490FA908DD030B0726FFF3066BEE05FC650BC3E77EFE200000184048
2026-09-12T15:23:21.7900852+00:00,90124,145302025,Connected,72,24,1009,1776,-304,4.831499,8.504205,-1.4556746,1667,-4543,-1036,2.0367265,-5.5505986,-1.265776,2922,-6178,-409,175.31999,-370.68,-24.539999,0,0,0,0,0,0,0,0,0,0,0,1,0922A908F103F006D0FE830641EEF4FBC934A908F003B2068EFE3106D8EDFFFBA247A908DC03770697FEF30561ED1CFC6A0BDEE767FE200000184048
2026-09-12T15:23:21.8067883+00:00,90126,145330850,Connected,72,24,476,1537,-239,2.27928,7.359776,-1.1444284,1261,-4801,-976,1.5406791,-5.865821,-1.1924685,2946,-6105,-476,176.76,-366.3,-28.56,0,0,0,0,0,0,0,0,0,0,0,1,A292A908DC01010611FFED043FED30FC7BA5A9086A01DD056DFF8D04DCEDE6FB54B8A908330191058DFF0A049EEEA7FB820B27E824FE200000184048
2026-09-12T15:23:21.8233955+00:00,90127,145345275,Connected,72,24,217,1314,-172,1.0390835,6.291962,-0.82360536,872,-4222,-1131,1.0654022,-5.158404,-1.3818462,2956,-6086,-498,177.36,-365.16,-29.88,0,0,0,0,0,0,0,0,0,0,0,1,FBCAA908D900220554FF680382EF95FBBBDDA9086E00D0042FFFB90272F0B6FB94F0A908FAFF7B0487FEFB014AF105FC8C0B3AE80EFE200000184048
2026-09-12T15:23:21.8400628+00:00,90128,145359700,Connected,72,24,-111,1090,-456,-0.5315128,5.21936,-2.183512,328,-3562,-916,0.4007476,-4.352021,-1.119161,2978,-6054,-536,178.68,-363.24,-32.16,0,0,0,0,0,0,0,0,0,0,0,1,5403AA0891FF420438FE480116F26CFC1416AA0834FFEE0334FE8600B1F2DFFCD428AA0817FFAC03A4FD9CFF08F35AFDA20B5AE8E8FD200000184048
2026-09-12T15:23:21.8567333+00:00,90129,145374125,Connected,72,24,-230,923,-619,-1.1013328,4.4196963,-2.9640217,-342,-3224,-545,-0.4178527,-3.9390557,-0.6658764,2990,-6041,-553,179.4,-362.46,-33.18,0,0,0,0,0,0,0,0,0,0,0,1,AD3BAA081AFF9B0395FDAAFE68F3DFFD6D4EAA08CDFE7503D6FDA1FDDAF374FE2D61AA08BBFE3D030FFE78FC51F410FFAE0B67E8D7FD200000184048
2026-09-12T15:23:21.8734209+00:00,90130,145388525,Connected,72,24,-351,803,-340,-1.6807296,3.845088,-1.6280571,-1245,-2898,-68,-1.5211304,-3.5407517,-0.08308182,3015,-6025,-580,180.9,-361.5,-34.8,0,0,0,0,0,0,0,0,0,0,0,1,ED73AA08A1FE2303ACFE23FBAEF4BCFFC686AA087CFEFD0242FE9FF90AF576008699AA0855FE010367FE2EF8BDF52F01C70B77E8BCFD200000184048
2026-09-12T15:23:21.8900677+00:00,90132,145417375,Connected,72,24,-407,799,22,-1.9488802,3.8259344,0.10534488,-3411,-1737,1110,-4.167531,-2.1222517,1.3561885,3047,-6025,-603,182.81999,-361.5,-36.18,0,0,0,0,0,0,0,0,0,0,0,1,9FE4AA0869FE1F031600ADF237F956045FF7AA0898FE2003580050F12AFA35051F0AAB08BBFE2F03CC0007F009FB2006E70B77E8A5FD200000184048
2026-09-12T15:23:21.9067783+00:00,90133,145431800,Connected,72,24,-272,833,211,-1.3024458,3.98874,1.0103531,-4392,-1079,1807,-5.3661084,-1.318313,2.2077773,3057,-6033,-602,183.42,-361.97998,-36.12,0,0,0,0,0,0,0,0,0,0,0,1,F81CAB08F0FE4103D300D8EEC9FB0F07B82FAB081BFF75038101D7EDAFFC00087842AB0871FF4F03ED01FAEC9BFD1409F10B6FE8A6FD200000184048
2026-09-12T15:23:21.9400659+00:00,90134,145446225,Connected,72,24,-109,796,532,-0.521936,3.8115692,2.5474305,-5013,-373,2671,-6.1248407,-0.45572823,3.263405,3072,-6057,-589,184.31999,-363.41998,-35.34,0,0,0,0,0,0,0,0,0,0,0,1,5155AB0893FF1C0314026BEC8BFE6F0A1168AB0869FF2403A70236EC6BFFFB0BD17AAB0852FF2E03760321ECFDFF8F0D000C57E8B3FD200000184048
2026-09-12T15:23:21.9567287+00:00,90135,145460625,Connected,72,24,-105,796,1027,-0.50278234,3.8115692,4.9176903,-5068,34,3913,-6.1920395,0.04154091,4.78087,3077,-6071,-579,184.62,-364.25998,-34.739998,0,0,0,0,0,0,0,0,0,0,0,1,918DAB0897FF1C03030434EC2200490F6AA0AB08E1FFF6028304A6EC120059112AB3AB08FFFFC20211057AEDF7FFA113050C49E8BDFD200000184048
2026-09-12T15:23:21.9733962+00:00,90138,145503900,Connected,72,24,1264,423,3235,6.0525417,2.0254946,15.490485,-3166,469,6881,-3.868192,0.5730202,8.407147,3069,-6152,-535,184.14,-369.12,-32.1,0,0,0,0,0,0,0,0,0,0,0,1,9C36AC08F004A701A30CA2F3D501E11A5C49AC08BB0569010B0DC1F35502A01A1C5CAC080A065501540D15F4F4028A1AFD0BF8E7E9FD200000184048
2026-09-12T15:23:22.0067523+00:00,90139,145518300,Connected,72,24,1610,423,3497,7.7093296,2.0254946,16.745047,-2897,910,6786,-3.53953,1.1118302,8.291077,3052,-6201,-519,183.12,-372.06,-31.14,0,0,0,0,0,0,0,0,0,0,0,1,DC6EAC084A06A701A90DAFF48E03821AB581AC08BB066F02290E96F501044A1A7594AC087607EA02950E92F689048219EC0BC7E7F9FD200000184048
2026-09-12T15:23:22.0234021+00:00,90140,145532725,Connected,72,24,2111,647,3780,10.108319,3.098097,18.100164,-2150,1339,6207,-2.6268518,1.6359788,7.5836596,3042,-6227,-516,182.51999,-373.62,-30.96,0,0,0,0,0,0,0,0,0,0,0,1,35A7AC083F088702C40E9AF73B053F18F5B9AC089208F801AF0EDBF8C005D916B5CCAC0862081802FC0D83FADF059415E20BADE7FCFD200000184048
2026-09-12T15:23:22.0567490+00:00,90143,145575975,Connected,72,24,1785,538,2735,8.5473,2.5761611,13.096283,1457,-62,5282,1.7801502,-0.07575107,6.4535027,2962,-6322,-544,177.72,-379.31998,-32.64,0,0,0,0,0,0,0,0,0,0,0,1,2750AD08F9061A02AF0AB105C2FFA214E762AD08AE063D02200A2E0624FFFE14C075AD08B3065E02A3098506E0FE4315920B4EE7E0FD200000184048
2026-09-12T15:23:22.0733957+00:00,90144,145590400,Connected,72,24,1716,551,2365,8.2169,2.6384103,11.324574,1738,-303,5499,2.1234736,-0.3702028,6.7186313,2935,-6337,-559,176.09999,-380.22,-33.54,0,0,0,0,0,0,0,0,0,0,0,1,8088AD08B40627023D09CA06D1FE7B15409BAD0820079901E4080007FAFEA01500AEAD0870070A01B308370749FFBF15770B3FE7D1FD200000184048
2026-09-12T15:23:22.0901007+00:00,90145,145604825,Connected,72,24,1930,206,2185,9.241618,0.9864111,10.462662,1907,-81,5594,2.3299563,-0.09896511,6.8347015,2867,-6365,-592,172.01999,-381.9,-35.52,0,0,0,0,0,0,0,0,0,0,0,1,D9C0AD088A07CE0089087307AFFFDA1599D3AD089307B0005708CA071100F01559E6AD08EF076B0030084F085F00F915330B23E7B0FD200000184048
2026-09-12T15:23:22.1067445+00:00,90146,145619225,Connected,72,24,2164,-8,2083,10.362105,-0.038307227,9.974244,2313,146,5641,2.8260038,0.17838156,6.8921256,2829,-6384,-610,169.73999,-383.03998,-36.6,0,0,0,0,0,0,0,0,0,0,0,1,19F9AD087408F8FF2308090992000916D90BAE08BD08ABFF1E08FC098D003816B21EAE08FD0878FF00082C0B470063160D0B10E79EFD200000184048
2026-09-12T15:23:22.1234150+00:00,90148,145648100,Connected,72,24,2685,-451,1897,12.856863,-2.15957,9.083601,4429,-556,5592,5.4113145,-0.67931604,6.832258,2704,-6446,-646,162.23999,-386.75998,-38.76,0,0,0,0,0,0,0,0,0,0,0,1,E469AE087D0A3DFE69074D11D4FDD8158B7CAE08960AEBFD3407AD124BFD6A154B8FAE08220AC1FDDF06E313DCFCD614900AD2E67AFD200000184048
2026-09-12T15:23:22.1400737+00:00,90149,145662475,Connected,72,24,2644,-649,1668,12.660539,-3.107674,7.9870567,5351,-874,5123,6.5378065,-1.0678458,6.259238,2663,-6468,-654,159.78,-388.08,-39.239998,0,0,0,0,0,0,0,0,0,0,0,1,0BA2AE08540A77FD8406E71496FC0314E4B4AE087D0A2DFD5A06B31575FC1E13A4C7AE08800A33FD35065E166BFC3712670ABCE672FD200000184048
2026-09-12T15:23:22.1567576+00:00,90150,145676900,Connected,72,24,2710,-725,1524,12.976573,-3.4715924,7.297527,5893,-928,4434,7.2000175,-1.1338226,5.4174232,2584,-6517,-665,155.04,-391.02,-39.899998,0,0,0,0,0,0,0,0,0,0,0,1,64DAAE08960A2BFDF405051760FC52113DEDAE08DE0AF5FC9205C01748FC7410FDFFAE08D90ABBFC3C058F182BFC9E0F180A8BE667FD200000184048
2026-09-12T15:23:22.1734111+00:00,90151,145691325,Connected,72,24,2740,-869,1291,13.120225,-4.1611223,6.181829,6458,-958,3761,7.8903294,-1.1704762,4.5951576,2546,-6540,-665,152.76,-392.4,-39.899998,0,0,0,0,0,0,0,0,0,0,0,1,BD12AF08B40A9BFC0B053A1942FCB10E7D25AF08D90A6EFCE0048919B3FC9C0D5638AF085F0B25FCB9046919D1FD5F0CF20974E667FD200000184048
2026-09-12T15:23:22.1900843+00:00,90152,145705750,Connected,72,24,3064,-1069,1170,14.671668,-5.118803,5.602432,6368,-113,2831,7.7803683,-0.13806243,3.4588916,2478,-6591,-658,148.68,-395.46,-39.48,0,0,0,0,0,0,0,0,0,0,0,1,164BAF08F80BD3FB9204E0188FFF0F0BD65DAF08560CA4FB66040C189901C5099670AF08A80C9CFB310413175B038108AE0941E66EFD200000184048
2026-09-12T15:23:22.2067433+00:00,90153,145720175,Connected,72,24,3282,-1136,954,15.71554,-5.439626,4.5681367,5675,1142,1859,6.9336667,1.3952858,2.2713103,2448,-6617,-650,146.87999,-397.02,-39,0,0,0,0,0,0,0,0,0,0,0,1,6F83AF08D20C90FBBA032B16760443072F96AF08E00C64FB20038F15E204F805EFA8AF081E0D4AFBAC025115CA049C04900927E676FD200000184048
2026-09-12T15:23:22.2233930+00:00,90154,145734575,Connected,72,24,3462,-1227,646,16.577452,-5.875371,3.0933087,5481,1084,836,6.696639,1.324422,1.0214177,2403,-6668,-627,144.18,-400.08,-37.62,0,0,0,0,0,0,0,0,0,0,0,1,AFBBAF08860D35FB860269153C04440388CEAF08D30D53FB6502BA153E03FD0148E1AF08CF0D79FB440221161302B0006309F4E58DFD200000184048
2026-09-12T15:23:22.2400586+00:00,90155,145749000,Connected,72,24,3450,-1136,563,16.51999,-5.439626,2.695871,5764,267,-203,7.042406,0.32621834,-0.24802367,2385,-6689,-617,143.09999,-401.34,-37.02,0,0,0,0,0,0,0,0,0,0,0,1,08F4AF087A0D90FB330284160B0135FFC806B008080D8DFB3C02C0165B007AFDA119B008B80CAAFB5202BF16170090FB5109DFE597FD200000184048
2026-09-12T15:23:22.2567874+00:00,90156,145763425,Connected,72,24,3227,-1075,645,15.452178,-5.1475334,3.0885203,5759,48,-1637,7.0362973,0.058645993,-2.0000727,2362,-6715,-597,141.72,-402.9,-35.82,0,0,0,0,0,0,0,0,0,0,0,1,612CB0089B0CCDFB85027F1630009BF9213FB0088D0CD2FB8E020E167E00C0F7E151B008640CBDFB8B029715E70009F63A09C5E5ABFD200000184048
2026-09-12T15:23:22.2737254+00:00,90157,145778100,Connected,72,24,3104,-1102,634,14.863204,-5.2768207,3.0358477,5440,331,-2954,6.646546,0.40441298,-3.609172,2357,-6719,-586,141.42,-403.13998,-35.16,0,0,0,0,0,0,0,0,0,0,0,1,B465B008200CB2FB7A0240154B0176F47A77B008D80BC3FB4A022615A10102F33A8AB0087F0BE7FB1E024B15D901B2F13509C1E5B6FD200000184048
2026-09-12T15:23:22.2900770+00:00,90159,145806675,Connected,72,24,2764,-893,398,13.2351465,-4.2760444,1.9057846,5812,492,-4682,7.1010523,0.6011214,-5.720428,2359,-6674,-570,141.54,-400.44,-34.2,0,0,0,0,0,0,0,0,0,0,0,1,53D5B008CC0A83FC8E01B416EC01B6ED13E8B0086E0ADFFCC1010017DF010DEDD3FAB0081A0A08FDDB0113179A016BEC3709EEE5C6FD200000184048
2026-09-12T15:23:22.3067757+00:00,90160,145821100,Connected,72,24,2558,-713,425,12.248735,-3.4141316,2.0350714,5869,287,-5193,7.1706944,0.35065416,-6.3447633,2366,-6645,-568,141.95999,-398.69998,-34.079998,0,0,0,0,0,0,0,0,0,0,0,1,AC0DB108FE0937FDA901ED161F01B7EB6C20B108000A74FDA3019816B600F7EA2C33B108D30986FD36010516770032EA3E090BE6C8FD200000184048
2026-09-12T15:23:22.3567381+00:00,90163,145864350,Connected,72,24,1979,-363,-208,9.476251,-1.7381904,-0.9959879,3400,-567,-6234,4.154091,-0.69275576,-7.616648,2440,-6414,-586,146.4,-384.84,-35.16,0,0,0,0,0,0,0,0,0,0,0,1,9EB6B108BB0795FE30FF480DC9FDA6E75EC9B1082A07CFFEEEFE200C46FDA2E71EDCB1089A0617FFE2FE250BA6FCA5E78809F2E6B6FD200000184048
2026-09-12T15:23:22.3734612+00:00,90165,145893175,Connected,72,24,1110,48,-393,5.315128,0.22984336,-1.8818425,2160,-1578,-6198,2.6390696,-1.927987,-7.572664,2516,-6253,-615,150.95999,-375.18,-36.899998,0,0,0,0,0,0,0,0,0,0,0,1,3727B2085604300077FE7008D6F9CAE7F739B208D103750087FE0B087FF9BEE7D04CB208590388007BFEB50748F995E7D40993E799FD200000184048
2026-09-12T15:23:22.3900525+00:00,90166,145907600,Connected,72,24,736,129,-393,3.5242648,0.61770403,-1.8818425,1888,-1737,-6316,2.3067424,-2.1222517,-7.716835,2550,-6200,-626,153,-372,-37.559998,0,0,0,0,0,0,0,0,0,0,0,1,905FB208E002810077FE600737F954E75072B20882027A0096FEFE0626F90FE71085B208790292009BFE7E06EAF8DDE6F609C8E78EFD200000184048
2026-09-12T15:23:22.4067339+00:00,90167,145922025,Connected,72,24,629,171,-413,3.0119057,0.81881696,-1.9776106,1515,-1929,-6457,1.8510141,-2.3568358,-7.8891077,2635,-6106,-651,158.09999,-366.36,-39.059998,0,0,0,0,0,0,0,0,0,0,0,1,E997B2087502AB0063FEEB0577F8C7E6A9AAB2085502CD0035FE5B05E0F7D1E669BDB208FB01E100F4FDCD042AF7EDE64B0A26E875FD200000184048
2026-09-12T15:23:22.4233991+00:00,90168,145936525,Connected,72,24,416,197,-598,1.9919758,0.94331545,-2.8634653,1083,-2451,-6381,1.3232002,-2.994611,-7.7962513,2683,-6067,-666,160.98,-364.02,-39.96,0,0,0,0,0,0,0,0,0,0,0,1,8DD0B208A001C500AAFD3B046DF613E702E3B2084F018C008DFD9703CEF547E7DBF5B2081B015D0086FDD6023FF597E77B0A4DE866FD200000184048
2026-09-12T15:23:22.4401138+00:00,90170,145965275,Connected,72,24,17,86,-554,0.08140286,0.41180268,-2.6527755,-249,-3192,-5604,-0.30422607,-3.8999584,-6.8469195,2847,-5982,-713,170.81999,-358.91998,-42.78,0,0,0,0,0,0,0,0,0,0,0,1,DB40B30811005600D6FD07FF88F31CEA9B53B308C3FF5C00ECFD13FE25F3CCEA5B66B30885FF6500ECFD2BFDD1F281EB1F0BA2E837FD200000184048
2026-09-12T15:23:22.4567506+00:00,90171,145979700,Connected,72,24,-212,109,-540,-1.0151415,0.521936,-2.585738,-937,-3424,-5066,-1.1448187,-4.183414,-6.1895957,2905,-5969,-727,174.3,-358.13998,-43.62,0,0,0,0,0,0,0,0,0,0,0,1,3479B3082CFF6D00E4FD57FCA0F236ECF48BB308D1FE7A00F5FD98FB97F2D7ECB49EB30880FE920031FEE9FA94F262ED590BAFE829FD200000184048
2026-09-12T15:23:22.4733863+00:00,90172,145994100,Connected,72,24,-444,187,-386,-2.1260512,0.89543146,-1.8483237,-1473,-3463,-4649,-1.7996988,-4.231064,-5.6801085,3019,-5964,-747,181.14,-357.84,-44.82,0,0,0,0,0,0,0,0,0,0,0,1,74B1B30844FEBB007EFE3FFA79F2D7ED4DC4B30829FEDF00BDFEA0F94CF22BEE0DD7B30804FEF800F6FE19F925F274EECB0BB4E815FD200000184048
2026-09-12T15:23:22.4900618+00:00,90173,146008525,Connected,72,24,-593,270,-207,-2.8395233,1.292869,-0.9911995,-1872,-3592,-4422,-2.2871938,-4.388675,-5.402762,3073,-5973,-754,184.37999,-358.38,-45.239998,0,0,0,0,0,0,0,0,0,0,0,1,CDE9B308AFFD0E0131FFB0F8F8F1BAEE8DFCB30863FD0B016EFF5CF8C5F1F6EE660FB40837FDFB00D1FF13F890F12FEF010CABE80EFD200000184048
2026-09-12T15:23:22.5233889+00:00,90175,146037375,Connected,72,24,-874,295,336,-4.185065,1.412579,1.6089035,-2361,-3909,-3970,-2.8846498,-4.775983,-4.850512,3222,-6026,-760,193.31999,-361.56,-45.6,0,0,0,0,0,0,0,0,0,0,0,1,7F5AB40896FC27015001C7F6BBF07EF03F6DB4085DFC0701BF0157F6BAF0E3F0FF7FB40819FCE4003E02C8F5E2F03CF1960C76E808FD200000184048
2026-09-12T15:23:22.5400696+00:00,90176,146051775,Connected,72,24,-1057,203,731,-5.0613422,0.9720459,3.5003228,-2796,-3805,-3715,-3.416129,-4.6489167,-4.538955,3307,-6086,-754,198.42,-365.16,-45.239998,0,0,0,0,0,0,0,0,0,0,0,1,BF92B408DFFBCB00DB0214F523F17DF17FA5B408C7FBBF00890336F474F1AAF158B8B408CDFBB900300434F3D9F1D8F1EB0C3AE80EFD200000184048
2026-09-12T15:23:22.5567442+00:00,90177,146067050,Connected,72,24,-1078,166,1223,-5.161899,0.79487497,5.8562174,-3548,-3493,-3577,-4.334916,-4.267718,-4.370348,3344,-6122,-746,200.64,-367.31998,-44.76,0,0,0,0,0,0,0,0,0,0,0,1,6ACEB408CAFBA600C70424F25BF207F2D8DDB40891FB9E00570529F101F333F298F0B4083EFB9C00DE054EF0B1F356F2100D16E816FD200000184048
2026-09-12T15:23:22.5733900+00:00,90178,146080750,Connected,72,24,-1291,147,1606,-6.181829,0.7038953,7.690176,-4203,-2979,-3479,-5.1351895,-3.6397169,-4.2506127,3406,-6201,-724,204.36,-372.06,-43.44,0,0,0,0,0,0,0,0,0,0,0,1,EE03B508F5FA9300460695EF5DF469F29516B508BBFA830089060DEF17F56DF2F128B50874FA7E00DD06B9EEDDF56BF24E0DC7E72CFD200000184048
2026-09-12T15:23:22.5905668+00:00,90180,146109450,Connected,72,24,-1801,106,2130,-8.623915,0.50757074,10.199299,-4309,-1960,-3423,-5.2646995,-2.3947113,-4.1821923,3454,-6286,-700,207.23999,-377.16,-42,0,0,0,0,0,0,0,0,0,0,0,1,0A74B508F7F86A0052082BEF58F8A1F2CA86B50892F881008A08BBEFD0F8EAF28A99B5082EF89000B9086DF035F957F37E0D72E744FD200000184048
2026-09-12T15:23:22.6072381+00:00,90181,146123875,Connected,72,24,-2081,159,2256,-9.964667,0.7613561,10.802638,-3760,-1673,-3089,-4.593936,-2.0440571,-3.774114,3489,-6376,-678,209.34,-382.56,-40.68,0,0,0,0,0,0,0,0,0,0,0,1,63ACB508DFF79F00D00850F177F9EFF323BFB508C6F79C00060961F2AAF9BCF4E3D1B508BBF7AD005C0988F3CBF9AFF5A10D18E75AFD200000184048
2026-09-12T15:23:22.6238960+00:00,90182,146138275,Connected,72,24,-2132,210,2447,-10.208876,1.0055647,11.717223,-2883,-1545,-2379,-3.522425,-1.8876679,-2.906642,3502,-6418,-671,210.12,-385.08,-40.26,0,0,0,0,0,0,0,0,0,0,0,1,A3E4B508ACF7D2008F09BDF4F7F9B5F67CF7B5088BF70A01BB09F2F528FABBF73C0AB60872F72A01D40922F753FAAAF8AE0DEEE661FD200000184048
2026-09-12T15:23:22.6405669+00:00,90183,146152700,Connected,72,24,-2167,328,2509,-10.376471,1.5705963,12.014104,-1967,-1435,-1666,-2.4032638,-1.7532707,-2.0355046,3519,-6496,-662,211.14,-389.75998,-39.719997,0,0,0,0,0,0,0,0,0,0,0,1,FC1CB60889F74801CD0951F865FA7EF9BC2FB608B3F74401AC097DF94CFA3FFA7C42B608E8F721017C09A3FAFBF9F8FABF0DA0E66AFD200000184048
2026-09-12T15:23:22.6572428+00:00,90184,146167125,Connected,72,24,-2027,281,2447,-9.706094,1.3455414,11.717223,-1106,-1675,-1103,-1.3513014,-2.0465007,-1.347636,3525,-6532,-661,211.5,-391.91998,-39.66,0,0,0,0,0,0,0,0,0,0,0,1,5555B60815F819018F09AEFB75F9B1FB1568B60841F85801010A7CFCCEF85DFCD57AB60856F8B301880AE6FC54F8DBFCC50D7CE66BFD200000184048
2026-09-12T15:23:22.6739035+00:00,90186,146195950,Connected,72,24,-2097,710,3040,-10.041282,3.3997664,14.5567465,-1268,-1332,-837,-1.5492316,-1.6274263,-1.0226395,3534,-6624,-670,212.04,-397.44,-40.2,0,0,0,0,0,0,0,0,0,0,0,1,EEC5B608CFF7C602E00B0CFBCCFABBFCAED8B608B4F737033A0C43FAE6FBCFFC87EBB60897F7C103AA0C76F90DFDF0FCCE0D20E662FD200000184048
2026-09-12T15:23:22.6905747+00:00,90187,146210375,Connected,72,24,-2200,1099,3338,-10.534488,5.2624555,15.98369,-1874,-445,-762,-2.2896373,-0.54369724,-0.9310051,3536,-6667,-688,212.15999,-400.02,-41.28,0,0,0,0,0,0,0,0,0,0,0,1,47FEB60868F74B040A0DAEF843FE06FD0711B7082DF7B5044B0D0BF868FF11FDC723B70804F7EE04780DB2F752001CFDD00DF5E550FD200000184048
2026-09-12T15:23:22.7072388+00:00,90188,146224800,Connected,72,24,-2287,1304,3518,-10.951078,6.244078,16.845604,-2118,250,-729,-2.5877545,0.30544788,-0.890686,3539,-6682,-700,212.34,-400.91998,-42,0,0,0,0,0,0,0,0,0,0,0,1,A036B70811F71805BE0DBAF7FA0027FD6049B7083AF72D051B0E20F8740128FD205CB70853F72D058C0ED9F8D6011DFDD30DE6E544FD200000184048
2026-09-12T15:23:22.7405671+00:00,90190,146253625,Connected,72,24,-2274,1063,4098,-10.888829,5.0900726,19.622877,-369,327,-756,-0.45084107,0.39952582,-0.92367435,3542,-6711,-751,212.51999,-402.66,-45.059998,0,0,0,0,0,0,0,0,0,0,0,1,39A7B7081EF7270402108FFE47010CFDF9B9B708E1F6E7030B10B000C3004BFDB9CCB708A6F6A8030D10EA026C00A9FDD60DC9E511FD200000184048
2026-09-12T15:23:22.7572543+00:00,90192,146282450,Connected,72,24,-2358,653,3923,-11.291056,3.1268275,18.784906,2667,129,115,3.258518,0.1576111,0.14050601,3541,-6726,-788,212.45999,-403.56,-47.28,0,0,0,0,0,0,0,0,0,0,0,1,D217B808CAF68D02530F6B0A81007300AB2AB808DCF65302DE0EC80BB30046016B3DB80809F71F02690EEB0CEB000302D50DBAE5ECFC200000184048
2026-09-12T15:23:22.7905770+00:00,90193,146296875,Connected,72,24,-2228,484,3586,-10.668563,2.3175871,17.171215,3535,302,667,4.319033,0.36898103,0.8149349,3540,-6729,-792,212.4,-403.74,-47.52,0,0,0,0,0,0,0,0,0,0,0,1,2B50B8084CF7E401020ECF0D2E019B02EB62B8088CF7B6019E0D760E78011303C475B808CBF787013B0DEE0EBC018603D40DB7E5E8FC200000184048
2026-09-12T15:23:22.8075822+00:00,90194,146311300,Connected,72,24,-2031,331,3238,-9.725247,1.5849615,15.50485,3919,498,1042,4.788201,0.60845214,1.2731067,3538,-6737,-794,212.28,-404.22,-47.64,0,0,0,0,0,0,0,0,0,0,0,1,8488B80811F84B01A60C4F0FF2011204449BB80844F81901010CB80F1D02BE0404AEB8085BF8FE006F0B361035028305D20DAFE5E6FC200000184048
2026-09-12T15:23:22.8241947+00:00,90195,146325700,Connected,72,24,-1950,228,2794,-9.337387,1.091756,13.378799,4294,574,1622,5.2463727,0.7013083,1.9817458,3535,-6740,-789,212.09999,-404.4,-47.34,0,0,0,0,0,0,0,0,0,0,0,1,C4C0B80862F8E400EA0AC6103E0256069DD3B8088BF8CC00660A67114C022A075DE6B808C5F8B200040A15126E02F607CF0DACE5EBFC200000184048
2026-09-12T15:23:22.8408423+00:00,90197,146354575,Connected,72,24,-1600,78,2147,-7.6614456,0.37349546,10.280702,5371,842,2772,6.562242,1.0287484,3.386806,3530,-6734,-757,211.79999,-404.03998,-45.42,0,0,0,0,0,0,0,0,0,0,0,1,8F31B908C0F94E006308FB144A03D40A3644B90805FA2700F20783159F03890BF656B90836FA14007C07E8150204480CCA0DB2E50BFD200000184048
2026-09-12T15:23:22.8575043+00:00,90198,146368975,Connected,72,24,-1446,18,1786,-6.9240313,0.08619126,8.552089,5675,1131,3342,6.9336667,1.3818462,4.083227,3523,-6718,-724,211.37999,-403.08,-43.44,0,0,0,0,0,0,0,0,0,0,0,1,CF69B9085AFA1200FA062B166B040E0D8F7CB90872FA140068064B16D904D20D4F8FB9088AFAFDFFE805451651058B0EC30DC2E52CFD200000184048
2026-09-12T15:23:22.8741658+00:00,90199,146383450,Connected,72,24,-1360,-27,1400,-6.5122285,-0.12928689,6.703765,5657,1496,3896,6.9116745,1.8278,4.7601,3520,-6708,-706,211.2,-402.47998,-42.36,0,0,0,0,0,0,0,0,0,0,0,1,5AA2B908B0FAE5FF78051916D805380FE8B4B908EFFAC5FF1905CB156906E40FC1C7B9082AFBA8FFA104651506079910C00DCCE53EFD200000184048
2026-09-12T15:23:22.8908382+00:00,90200,146397800,Connected,72,24,-1205,-127,1040,-5.770026,-0.60812724,4.9799395,5355,1946,4437,6.5426936,2.3776062,5.4210887,3509,-6672,-665,210.54,-400.31998,-39.899998,0,0,0,0,0,0,0,0,0,0,0,1,68DAB9084BFB81FF1004EB149A07551128EDB9086DFB61FF840363142A080E121A00BA0897FB54FF1103CE13A808C512B50DF0E567FD200000184048
2026-09-12T15:23:22.9075036+00:00,90202,146426650,Connected,72,24,-868,-283,456,-4.156334,-1.3551182,2.183512,4306,2517,5487,5.261034,3.0752492,6.70397,3493,-6619,-630,209.58,-397.13998,-37.8,0,0,0,0,0,0,0,0,0,0,0,1,1A4BBA089CFCE5FEC801D210D5096F15DA5DBA08E8FCDBFE5A01F00F3A0A12169A70BA081EFDD1FEE600100FB70AA416A50D25E68AFD200000184048
2026-09-12T15:23:22.9241741+00:00,90203,146441050,Connected,72,24,-665,-327,124,-3.1842883,-1.5658079,0.59376204,3628,2869,5914,4.4326596,3.5053198,7.225675,3472,-6545,-605,208.31999,-392.69998,-36.3,0,0,0,0,0,0,0,0,0,0,0,1,5A83BA0867FDB9FE7C002C0E350B1A173396BA08C9FD8EFE2500380DA50B7117F3A8BA0830FE6DFEF2FF310C070CB017900D6FE6A3FD200000184048
2026-09-12T15:23:22.9408375+00:00,90204,146455475,Connected,72,24,-366,-410,-65,-1.7525556,-1.9632454,-0.31124622,2835,3165,6118,3.463779,3.86697,7.4749203,3457,-6501,-598,207.42,-390.06,-35.88,0,0,0,0,0,0,0,0,0,0,0,1,B3BBBA0892FE66FEBFFF130B5D0CE61773CEBA08E3FE87FE84FFEF09B90C22184CE1BA082EFFAEFE36FFDA08100D6618810D9BE6AAFD200000184048
2026-09-12T15:23:22.9574887+00:00,90205,146469900,Connected,72,24,-114,-339,-262,-0.545878,-1.6232687,-1.2545617,2011,3421,6313,2.4570227,4.1797485,7.7131696,3421,-6404,-591,205.26,-384.24,-35.46,0,0,0,0,0,0,0,0,0,0,0,1,0CF4BA088EFFADFEFAFEDB075D0DA918CC06BB0800008BFEE5FEEA069A0DE0188C19BB08670065FEDBFEF905CA0D0B195D0DFCE6B1FD200000184048
2026-09-12T15:23:22.9741634+00:00,90206,146484325,Connected,72,24,207,-444,-298,0.9911995,-2.1260512,-1.4269443,1278,3563,6442,1.5614495,4.353243,7.870781,3401,-6353,-593,204.06,-381.18,-35.579998,0,0,0,0,0,0,0,0,0,0,0,1,652CBB08CF0044FED6FEFE04EB0D2A19253FBB08650115FEF0FEF603070E3E19E551BB08EA01E2FD0AFFE0021E0E5819490D2FE7AFFD200000184048
2026-09-12T15:23:22.9908480+00:00,90208,146513150,Connected,72,24,708,-516,-383,3.3901896,-2.4708161,-1.8339585,-267,3787,6649,-0.32621834,4.6269245,8.123692,3310,-6205,-611,198.59999,-372.3,-36.66,0,0,0,0,0,0,0,0,0,0,0,1,FE9CBB08C402FCFD81FEF5FECB0EF919BEAFBB081A03BBFD87FE4BFEEA0E281A7EC2BB08280398FDB6FEB7FD240F461AEE0CC3E79DFD200000184048
2026-09-12T15:23:23.0241599+00:00,90210,146541975,Connected,72,24,1169,-798,-106,5.5976434,-3.821146,-0.50757074,-1189,4049,6894,-1.45271,4.947034,8.423031,3184,-6086,-627,191.04,-365.16,-37.62,0,0,0,0,0,0,0,0,0,0,0,1,970DBC089104E2FC96FF5BFBD10FEE1A5720BC08F004BEFCC9FFC9FAFF0F281B3033BC08DF054CFC260042FAF20F741B700C3AE88DFD200000184048
2026-09-12T15:23:23.0408380+00:00,90211,146556400,Connected,72,24,1758,-1023,172,8.418014,-4.8985367,0.82360536,-1591,4002,7116,-1.9438703,4.8896093,8.694268,3135,-6057,-632,188.09999,-363.41998,-37.92,0,0,0,0,0,0,0,0,0,0,0,1,F045BC08DE0601FCAC00C9F9A20FCC1BB058BC08E307A3FCBE0081F9B00E181C706BBC08AA08C6FD2900A2F9DD0C3A1C3F0C57E888FD200000184048
2026-09-12T15:23:23.0741598+00:00,90213,146585225,Connected,72,24,3172,231,-115,15.188815,1.1061212,-0.5506664,-1189,1361,6543,-1.45271,1.6628582,7.9941816,2968,-6014,-632,178.08,-360.84,-37.92,0,0,0,0,0,0,0,0,0,0,0,1,89B6BC08640CE7008DFF5BFB51058F1949C9BC089A0DC0FFA5FFACFA87049E1822DCBC08C70DADFD84FF47F9EC047217980B82E888FD200000184048
2026-09-12T15:23:23.0908388+00:00,90214,146599650,Connected,72,24,3284,-973,-45,15.725117,-4.6591167,-0.21547815,-2199,1482,5562,-2.6867194,1.8106949,6.795604,2852,-6028,-623,171.12,-361.68,-37.38,0,0,0,0,0,0,0,0,0,0,0,1,E2EEBC08D40C33FCD3FF69F7CA05BA15A201BD08770C41FCC7FF6CF53D0642136214BD081F0DD4FCCAFFA2F34D066710240B74E891FD200000184048
2026-09-12T15:23:23.1074928+00:00,90215,146614050,Connected,72,24,3598,-638,43,17.228676,-3.0550013,0.20590134,-3558,1561,3505,-4.347134,1.9072165,4.282379,2796,-6046,-615,167.76,-362.75998,-36.899998,0,0,0,0,0,0,0,0,0,0,0,1,2227BD080E0E82FD2B001AF21906B10DFB39BD08950EB3FD7B00D4F0D005850BBB4CBD08BA0E7DFDDC00BEEFAC05DF09EC0A62E899FD200000184048
2026-09-12T15:23:23.1241705+00:00,90216,146628475,Connected,72,24,3764,-767,333,18.02355,-3.6727054,1.5945383,-4375,1428,2185,-5.345338,1.7447182,2.6696143,2693,-6101,-595,161.58,-366.06,-35.7,0,0,0,0,0,0,0,0,0,0,0,1,7B5FBD08B40E01FD4D01E9EE940589083B72BD08800E8EFCB7015EEE810557071485BD080F0E66FC19022CEE74053506850A2BE8ADFD200000184048
2026-09-12T15:23:23.1408351+00:00,90218,146657325,Connected,72,24,3423,-718,1161,16.390705,-3.4380736,5.559336,-4497,1490,674,-5.494396,1.8204694,0.82348746,2568,-6224,-555,154.08,-373.44,-33.3,0,0,0,0,0,0,0,0,0,0,0,1,2DD0BD085F0D32FD89046FEED205A202EDE2BD08830D8DFDDE0470EEEB05F201ADF5BD08070ED6FD5E0574EEEA052F01080AB0E7D5FD200000184048
2026-09-12T15:23:23.1575482+00:00,90219,146671725,Connected,72,24,3564,-309,1495,17.06587,-1.4796166,7.1586633,-4485,1382,66,-5.479735,1.6885158,0.08063824,2536,-6274,-540,152.16,-376.44,-32.399998,0,0,0,0,0,0,0,0,0,0,0,1,6D08BE08EC0DCBFED7057BEE660542002D1BBE08AC0DDAFF020683EE5304E6FE062EBE08820D56002A0695EE2B0311FDE8097EE7E4FD200000184048
2026-09-12T15:23:23.1741663+00:00,90220,146686150,Connected,72,24,3417,92,1673,16.361975,0.4405331,8.010999,-4446,562,-1304,-5.432085,0.6866468,-1.5932161,2488,-6374,-512,149.28,-382.44,-30.72,0,0,0,0,0,0,0,0,0,0,0,1,C640BE08590D5C008906A2EE3202E8FA8653BE08300D200015078AEE6601ABF84666BE08C80CD6FF95073CEEDF0090F6B8091AE700FE200000184048
2026-09-12T15:23:23.1908352+00:00,90221,146700550,Connected,72,24,3129,-128,2029,14.982914,-0.61291564,9.715671,-4683,150,-2909,-5.7216496,0.18326873,-3.5541914,2471,-6423,-497,148.26,-385.38,-29.82,0,0,0,0,0,0,0,0,0,0,0,1,0679BE08390C80FFED07B5ED9600A3F4F88BBE08BD0B3AFF4D0804ED7900E3F29F9EBE08410B01FF7B0844EC5C0056F1A709E9E60FFE200000184048
2026-09-12T15:23:23.2074967+00:00,90222,146714975,Connected,72,24,2709,-317,2196,12.971785,-1.5179238,10.515334,-5221,67,-4084,-6.3789735,0.08186003,-4.9897966,2456,-6468,-481,147.36,-388.08,-28.859999,0,0,0,0,0,0,0,0,0,0,0,1,5FB1BE08950AC3FE94089BEB43000CF01FC4BE08E1099DFE600827EB33000BEFF8D6BE084F09A1FE260800EB220058EE9809BCE61FFE200000184048
2026-09-12T15:23:23.2241609+00:00,90224,146743800,Connected,72,24,1929,-37,2131,9.23683,-0.17717093,10.204087,-4790,-336,-4327,-5.852381,-0.41052195,-5.2866917,2437,-6582,-438,146.22,-394.91998,-26.279999,0,0,0,0,0,0,0,0,0,0,0,1,F821BF088907DBFF53084AEDB0FE19EFD134BF0857073900F9076FEE1CFE06F09147BF085A075E008D07B9EFA0FD21F185094AE64AFE200000184048
2026-09-12T15:23:23.2408260+00:00,90225,146758225,Connected,72,24,1877,86,1937,8.987833,0.41180268,9.275137,-3847,-678,-3521,-4.700232,-0.8283746,-4.301928,2434,-6633,-420,146.04,-397.97998,-25.199999,0,0,0,0,0,0,0,0,0,0,0,1,515ABF08550756009107F9F05AFD3FF2116DBF0870077F00D507F2F166FD0DF3D17FBF0881070C01EF0793F2C6FD6AF3820917E65CFE200000184048
2026-09-12T15:23:23.2575088+00:00,90226,146772650,Connected,72,24,1955,389,2072,9.361329,1.8626889,9.921572,-3336,-442,-3237,-4.0758963,-0.54003185,-3.9549391,2434,-6633,-420,146.04,-397.97998,-25.199999,0,0,0,0,0,0,0,0,0,0,0,1,AA92BF08A30785011808F8F246FE5BF36AA5BF08E907BE0170083FF3C0FEEFF22AB8BF083B08B801B30885F329FF39F2820917E65CFE200000184048
2026-09-12T15:23:23.2741589+00:00,90227,146787050,Connected,72,24,2147,444,2315,10.280702,2.1260512,11.085154,-3102,-133,-3750,-3.789997,-0.16249827,-4.581718,2434,-6633,-420,146.04,-397.97998,-25.199999,0,0,0,0,0,0,0,0,0,0,0,1,EACABF086308BC010B09E2F37BFF5AF1C3DDBF088008EB01570959F4B7FF68F083F0BF088A0803028C0901F5D2FF80EF820917E65CFE200000184048
2026-09-12T15:23:23.3074984+00:00,90230,146830625,Connected,72,24,1881,631,2542,9.006987,3.0214825,12.172121,-1248,-300,-4629,-1.5247958,-0.36653745,-5.655673,2449,-6654,-440,146.94,-399.24,-26.4,0,0,0,0,0,0,0,0,0,0,0,1,2175C00859077702EE0920FBD4FEEBEDB586C0081E078C02110A89FBB6FE36EE7599C008DD069E02530AD1FB8EFE88EE910902E648FE200000184048
2026-09-12T15:23:23.3408226+00:00,90232,146859150,Connected,72,24,1639,814,3071,7.848193,3.8977604,14.705187,-722,-626,-4366,-0.8821335,-0.7648415,-5.3343415,2499,-6620,-480,149.94,-397.19998,-28.8,0,0,0,0,0,0,0,0,0,0,0,1,8EE4C00867062E03FF0B2EFD8EFDF2EE4EF7C00830066D036F0CD6FD73FD93EE0E0AC108F3058B03E40C98FE66FDF9EDC30924E620FE200000184048
2026-09-12T15:23:23.3741601+00:00,90233,146873550,Connected,72,24,1479,913,3425,7.0820484,4.3718123,16.400282,-143,-687,-4809,-0.17471619,-0.8393707,-5.875595,2525,-6602,-493,151.5,-396.12,-29.58,0,0,0,0,0,0,0,0,0,0,0,1,CE1CC108C7059103610D71FF51FD37EDA72FC1089A05A203D90D5D0042FD65EC6742C1089105C003470E510140FD8FEBDD0936E613FE200000184048
2026-09-12T15:23:23.3909410+00:00,90235,146902400,Connected,72,24,1294,869,3591,6.196194,4.1611223,17.195156,1456,-770,-5667,1.7789284,-0.94077945,-6.9238925,2612,-6550,-521,156.72,-393,-31.26,0,0,0,0,0,0,0,0,0,0,0,1,808DC1080E056503070EB005FEFCDDE940A0C108AF047A03A70DB40692FCFAE900B3C10854048E03360DA0071CFC40EA340A6AE6F7FD200000184048
2026-09-12T15:23:23.4075125+00:00,90236,146916800,Connected,72,24,1016,910,3253,4.865018,4.357447,15.576676,2155,-1092,-5463,2.6329606,-1.3341963,-6.674647,2681,-6522,-535,160.86,-391.31998,-32.1,0,0,0,0,0,0,0,0,0,0,0,1,C0C5C108F8038E03B50C6B08BCFBA9EA99D8C108A5038103310C11098AFB37EB59EBC1085A037303B70B990980FBF0EB790A86E6E9FD200000184048
2026-09-12T15:23:23.4242340+00:00,90237,146931225,Connected,72,24,794,902,2906,3.8019924,4.31914,13.9151,2578,-1145,-4927,3.1497784,-1.3989513,-6.019767,2718,-6507,-539,163.08,-390.41998,-32.34,0,0,0,0,0,0,0,0,0,0,0,1,19FEC1081A0386035A0B120A87FBC1ECD910C208AA02C103150B860A96FB8CED9923C2080C0209049E0AF60AA4FB31EE9E0A95E6E5FD200000184048
2026-09-12T15:23:23.4408308+00:00,90238,146945650,Connected,72,24,369,1078,2564,1.7669208,5.161899,12.277467,2907,-1084,-4446,3.5517478,-1.324422,-5.432085,2792,-6477,-538,167.51999,-388.62,-32.28,0,0,0,0,0,0,0,0,0,0,0,1,7236C20871013604040A5B0BC4FBA2EE3249C208F30038046409B60B07FCFBEEF25BC208AB002A04D908000C5DFC5AEFE80AB3E6E6FD200000184048
2026-09-12T15:23:23.4574933+00:00,90240,146974475,Connected,72,24,33,1060,1994,0.15801731,5.0757074,9.548077,3277,-388,-3600,4.003811,-0.4740551,-4.3984494,2872,-6452,-525,172.31999,-387.12,-31.5,0,0,0,0,0,0,0,0,0,0,0,1,0BA7C20821002404CA07CD0C7CFEF0F1CBB9C208ECFF2D049407040D19FF92F28BCCC208CEFF23045307390DAFFF1EF3380BCCE6F3FD200000184048
2026-09-12T15:23:23.4742262+00:00,90241,146988900,Connected,72,24,-69,1039,1792,-0.33039984,4.975151,8.580819,3436,40,-3152,4.198076,0.04887166,-3.8510869,2942,-6433,-491,176.51999,-385.97998,-29.46,0,0,0,0,0,0,0,0,0,0,0,1,64DFC208BBFF0F0400076C0D2800B0F324F2C2089FFFE70394069F0D69005BF4E404C3084BFFEB035506D90D750029F57E0BDFE615FE200000184048
2026-09-12T15:23:23.4908294+00:00,90242,147003400,Connected,72,24,-281,1016,1561,-1.3455414,4.865018,7.4746976,3599,98,-2548,4.397228,0.11973557,-3.1131246,2974,-6426,-471,178.44,-385.56,-28.26,0,0,0,0,0,0,0,0,0,0,0,1,0818C308E7FEF80319060F0E62000CF6642AC308BAFEE203C205450E380002F73D3DC308AEFEB5037205900E0B000BF89E0BE6E629FE200000184048
2026-09-12T15:23:23.5075483+00:00,90243,147017725,Connected,72,24,-357,897,1330,-1.70946,4.295198,6.3685765,3816,-20,-1773,4.6623564,-0.02443583,-2.1662364,3022,-6411,-434,181.31999,-384.66,-26.039999,0,0,0,0,0,0,0,0,0,0,0,1,FD4FC3089BFE81033205E80EECFF13F9BD62C3087BFE52030C053D0FEBFF01FA7D75C30857FE2503ED04870F0700CBFACE0BF5E64EFE200000184048
2026-09-12T15:23:23.5250511+00:00,90244,147032150,Connected,72,24,-464,774,1225,-2.2218192,3.7062242,5.865794,4026,53,-1171,4.9189324,0.06475495,-1.4307178,3037,-6399,-418,182.22,-383.94,-25.08,0,0,0,0,0,0,0,0,0,0,0,1,5688C30830FE0603C904BA0F35006DFB169BC308F6FDEB029904D00F7F00E6FBD6ADC308D2FDE1025A04C80FDC003EFCDD0B01E75EFE200000184048
2026-09-12T15:23:23.5575631+00:00,90246,147060975,Connected,72,24,-576,627,755,-2.7581203,3.0023289,3.6152446,3844,554,-624,4.6965666,0.6768725,-0.7623979,3072,-6347,-395,184.31999,-380.81998,-23.699999,0,0,0,0,0,0,0,0,0,0,0,1,EFF8C308C0FD7302F302040F2A0290FDAF0BC408F6FD59028402C50EB10213FE881EC40827FE6E0214029B0E2303C8FE000C35E775FE200000184048
2026-09-12T15:23:23.5741608+00:00,90247,147075400,Connected,72,24,-457,620,455,-2.1883004,2.96881,2.1787236,3724,898,-82,4.5499516,1.0971688,-0.1001869,3089,-6299,-399,185.34,-377.94,-23.939999,0,0,0,0,0,0,0,0,0,0,0,1,4831C40837FE6C02C7018C0E8203AEFF0844C4082EFE5D0258018C0EDC039F00C856C4081FFE6002E900A20E3D048701110C65E771FE200000184048
2026-09-12T15:23:23.5908349+00:00,90248,147089825,Connected,72,24,-440,614,131,-2.1068976,2.9400797,0.62728083,3782,1196,604,4.6208153,1.4612626,0.73796207,3096,-6274,-407,185.76,-376.44,-24.42,0,0,0,0,0,0,0,0,0,0,0,1,A169C40848FE66028300C60EAC045C02617CC40891FE29023200E70E2D053103218FC408BBFE2802C9FFF80E94052004180C7EE769FE200000184048
2026-09-12T15:23:23.6074897+00:00,90249,147104225,Connected,72,24,-292,546,-149,-1.3982137,2.6144683,-0.7134721,3836,1500,1302,4.6867924,1.8326873,1.5907725,3106,-6220,-434,186.36,-373.19998,-26.039999,0,0,0,0,0,0,0,0,0,0,0,1,E1A1C408DCFE22026BFFFC0EDC051605BAB4C40809FF08023BFFF10E0206F9057AC7C40845FF060255FFCD0E0A06BD06220CB4E74EFE200000184048
2026-09-12T15:23:23.6241700+00:00,90251,147133275,Connected,72,24,-257,401,-302,-1.2306197,1.9201498,-1.4460979,3283,1644,2068,4.0111413,2.0086253,2.5266647,3109,-6139,-486,186.54,-368.34,-29.16,0,0,0,0,0,0,0,0,0,0,0,1,5B13C508FFFE9101D2FED30C6C0614085325C50834FF9601E0FE0B0CC20602081338C5088EFF960101FF220B1E07E807250C05E81AFE200000184048
2026-09-12T15:23:23.6408338+00:00,90252,147147500,Connected,72,24,-45,357,-300,-0.21547815,1.70946,-1.436521,2592,1925,2009,3.1668835,2.3519487,2.454579,3107,-6112,-509,186.42,-366.72,-30.539999,0,0,0,0,0,0,0,0,0,0,0,1,EC4AC508D3FF6501D4FE200A8507D907AC5DC508E4FF1E019CFE1B091308CA076C70C508ECFFDA0046FE1F08AD08B907230C20E803FE200000184048
2026-09-12T15:23:23.6575010+00:00,90253,147161900,Connected,72,24,28,205,-538,0.1340753,0.9816227,-2.5761611,1848,2387,1969,2.2578707,2.9164164,2.4057074,3101,-6086,-533,186.06,-365.16,-31.98,0,0,0,0,0,0,0,0,0,0,0,1,2C83C5081C00CD00E6FD38075309B1070596C5087D00D60091FD6C06040AC707C5A8C508FB00DF0061FDBB05BC0A04081D0C3AE8EBFD200000184048
2026-09-12T15:23:23.6741856+00:00,90254,147176325,Connected,72,24,343,234,-700,1.6424223,1.1204864,-3.3518825,1309,2939,2144,1.5993251,3.590845,2.619521,3082,-6035,-580,184.92,-362.1,-34.8,0,0,0,0,0,0,0,0,0,0,0,1,85BBC5085701EA0044FD1D057B0B600845CEC5088B01F40045FD8A04390CD5081EE1C508C001F80045FDF703E50C55090A0C6DE8BCFD200000184048
2026-09-12T15:23:23.6908500+00:00,90255,147190750,Connected,72,24,496,239,-724,2.3750482,1.1444284,-3.466804,870,3462,2522,1.0629586,4.229842,3.0813582,3070,-6015,-603,184.2,-360.9,-36.18,0,0,0,0,0,0,0,0,0,0,0,1,DEF3C508F001EF002CFD6603860DDA099E06C6082602D30001FDDB02310E540A5E19C6087002A900B2FC60020C0FAB0AFE0B81E8A5FD200000184048
2026-09-12T15:23:23.7075081+00:00,90257,147219575,Connected,72,24,834,39,-691,3.9935284,0.18674773,-3.3087866,64,4703,2268,0.078194655,5.746085,2.771023,3018,-5963,-668,181.08,-357.78,-40.079998,0,0,0,0,0,0,0,0,0,0,0,1,7764C608420327004DFD40005F12DC083777C60882034E0040FDA0FFC9129607108AC608C10368002BFD16FFB6122C06CA0BB5E864FD200000184048
2026-09-12T15:23:23.7241637+00:00,90258,147234000,Connected,72,24,1053,173,-769,5.0421886,0.8283938,-3.6822822,-338,4592,1214,-0.41296554,5.6104665,1.4832549,2974,-5939,-704,178.44,-356.34,-42.239998,0,0,0,0,0,0,0,0,0,0,0,1,D09CC6081D04AD00FFFCAEFEF011BE0490AFC6087B044A01EDFC5DFEBC103F0350C2C6088B053D02FDFC14FE7B0F8E019E0BCDE840FD200000184048
2026-09-12T15:23:23.7408215+00:00,90259,147248425,Connected,72,24,1690,907,-718,8.0924015,4.343082,-3.4380736,-554,3842,-164,-0.6768725,4.694123,-0.2003738,2947,-5930,-717,176.81999,-355.8,-43.02,0,0,0,0,0,0,0,0,0,0,0,1,29D5C6089A068B0332FDD6FD020F5CFFE9E7C6088907EE04B3FC69FD370FC2FCC2FAC60811085D061DFCB4FC321038FA830BD6E833FD200000184048
2026-09-12T15:23:23.7574980+00:00,90260,147262825,Connected,72,24,2113,1753,-954,10.117896,8.394072,-4.5681367,-1071,4405,-2039,-1.3085387,5.3819914,-2.4912329,2900,-5921,-732,174,-355.25998,-43.92,0,0,0,0,0,0,0,0,0,0,0,1,690DC7084108D90646FCD1FB351109F84220C708CA087A06ABFCE3FA421150F60233C7084509D60533FDF8F919112FF5540BDFE824FD200000184048
2026-09-12T15:23:23.7742373+00:00,90262,147291675,Connected,72,24,2576,1664,176,12.334928,7.967903,0.842759,-2247,4250,-2825,-2.7453654,5.192614,-3.451561,2841,-5918,-729,170.45999,-355.08,-43.739998,0,0,0,0,0,0,0,0,0,0,0,1,1B7EC708100A8006B00039F79A10F7F4DB90C7080F0A6F07890197F6471071F59BA3C708BC0965089202E1F50F10F5F5190BE2E827FD200000184048
2026-09-12T15:23:23.7908473+00:00,90263,147306100,Connected,72,24,2412,2382,944,11.549629,11.405977,4.5202527,-2810,4008,-2457,-3.433234,4.89694,-3.0019417,2825,-5922,-721,169.5,-355.31998,-43.26,0,0,0,0,0,0,0,0,0,0,0,1,74B6C7086C094E09B00306F5A80F67F634C9C7086E09DD09410409F4C70EC9F6F4DBC7086409320A6B04FCF2B30D2DF7090BDEE82FFD200000184048
2026-09-12T15:23:23.8074927+00:00,90264,147320500,Connected,72,24,2371,2612,1018,11.353305,12.50731,4.8745947,-3593,3271,-2161,-4.389897,3.99648,-2.6402915,2813,-5929,-707,168.78,-355.74,-42.42,0,0,0,0,0,0,0,0,0,0,0,1,B4EEC7084309340AFA03F7F1C70C8FF78D01C8081D09E90963032DF1030CFAF74D14C808D4086C09D702BBF0410B7FF8FD0AD7E83DFD200000184048
2026-09-12T15:23:23.8241572+00:00,90265,147334925,Connected,72,24,2168,2419,544,10.381259,11.583148,2.6048915,-3921,2638,-1765,-4.7906446,3.2230859,-2.156462,2793,-5951,-668,167.58,-357.06,-40.079998,0,0,0,0,0,0,0,0,0,0,0,1,0D27C808780873092002AFF04E0A1BF9CD39C8080A088B09B60108F16009ACF98D4CC80877079D09C801B3F1B00823FAE90AC1E864FD200000184048
2026-09-12T15:23:23.8408239+00:00,90266,147349350,Connected,72,24,1781,2484,534,8.528147,11.894394,2.5570073,-3431,2105,-1419,-4.1919665,2.571871,-1.7337221,2786,-5963,-647,167.16,-357.78,-38.82,0,0,0,0,0,0,0,0,0,0,0,1,665FC808F506B409160299F2390875FA2672C8087006EC09C802B8F3DD07B2FAE684C8080D06780A11040CF56507DBFAE20AB5E879FD200000184048
2026-09-12T15:23:23.8575283+00:00,90267,147363750,Connected,72,24,1457,2785,1363,6.9767036,13.335704,6.5265937,-2512,1808,-1295,-3.0691402,2.208999,-1.58222,2785,-5991,-595,167.09999,-359.46,-35.7,0,0,0,0,0,0,0,0,0,0,0,1,A697C808B105E10A530530F61007F1FA7FAAC8087C05070B270622F7B306F3FA3FBDC80817051F0BB106E8F77D06E3FAE10A99E8ADFD200000184048
2026-09-12T15:23:23.8741740+00:00,90268,147378175,Connected,72,24,1123,2837,1874,5.377377,13.584701,8.973468,-1913,1646,-1338,-2.3372872,2.0110688,-1.634757,2789,-6009,-569,167.34,-360.53998,-34.14,0,0,0,0,0,0,0,0,0,0,0,1,FFCFC8086304150B520787F86E06C6FABFE2C8088E03030BB507EFF84E0692FA7FF5C808E802CC0AB7072EF92B0636FAE50A87E8C7FD200000184048
2026-09-12T15:23:23.8908521+00:00,90269,147392600,Connected,72,24,632,2717,1925,3.0262709,13.010092,9.217676,-1707,1572,-1598,-2.085598,1.9206562,-1.9524229,2801,-6042,-515,168.06,-362.52,-30.9,0,0,0,0,0,0,0,0,0,0,0,1,5808C90878029D0A850755F92406C2F9181BC90801029B0A2F0773F93C064AF9D82DC9087801A60AF90690F94C06DFF8F10A66E8FDFD200000184048
2026-09-12T15:23:23.9075463+00:00,90270,147407000,Connected,72,24,274,2678,1727,1.3120226,12.823344,8.269572,-1616,1610,-1908,-1.9744151,1.9670843,-2.3311782,2813,-6061,-489,168.78,-363.66,-29.34,0,0,0,0,0,0,0,0,0,0,0,1,9840C9081201760ABF06B0F94A068CF85853C908E0003B0A6006D9F93D0652F83166C9080A01C909360612FA09063CF8FD0A53E817FE200000184048
2026-09-12T15:23:23.9241793+00:00,90271,147422000,Connected,72,24,407,2351,1578,1.9488802,11.257536,7.5561004,-1451,1362,-1935,-1.7728194,1.66408,-2.3641665,2840,-6097,-438,170.4,-365.81998,-26.279999,0,0,0,0,0,0,0,0,0,0,0,1,307BC90897012F092A0655FA520571F8B18BC908E50199080F0693FA6904ECF8719EC908EE012708E005C7FAD00374F9180B2FE84AFE200000184048
2026-09-12T15:23:23.9408483+00:00,90273,147450250,Connected,72,24,460,1810,1150,2.2026656,8.66701,5.506664,-739,865,-1227,-0.9029039,1.0568496,-1.4991381,2868,-6135,-393,172.08,-368.1,-23.58,0,0,0,0,0,0,0,0,0,0,0,1,8AE9C908CC0112077E041DFD610335FB63FCC908AA01ED06070433FE63039BFB230FCA087F010807CF034AFFA703DCFB340B09E877FE200000184048
2026-09-12T15:23:23.9575108+00:00,90274,147464675,Connected,72,24,291,1870,1008,1.3934253,8.954314,4.8267107,70,1021,-1018,0.0855254,1.2474492,-1.2437837,2894,-6174,-355,173.64,-370.44,-21.3,0,0,0,0,0,0,0,0,0,0,0,1,E321CA0823014E07F0034600FD0306FCA334CA08B000D8075A041701200435FC6347CA0812006A080D05AD01D30388FC4E0BE2E79DFE200000184048
2026-09-12T15:23:23.9741775+00:00,90275,147479100,Connected,72,24,-142,2278,1487,-0.6799533,10.907983,7.120356,498,764,-765,0.60845214,0.9334487,-0.9346705,2907,-6188,-342,174.42,-371.28,-20.52,0,0,0,0,0,0,0,0,0,0,0,1,3C5ACA0872FFE608CF05F201FC0203FDFC6CCA0860FFFC08BE05E201BE018FFDBC7FCA0893FFC1084F05A001AA0022FE5B0BD4E7AAFE200000184048
2026-09-12T15:23:23.9908559+00:00,90276,147493500,Connected,72,24,-56,2124,1259,-0.2681506,10.170568,6.0285997,338,-4,-331,0.41296554,-0.004887166,-0.40441298,2937,-6212,-326,176.22,-372.72,-19.56,0,0,0,0,0,0,0,0,0,0,0,1,7C92CA08C8FF4C08EB045201FCFFB5FE55A5CA08F7FFBF07A0041401A6FF3AFF15B8CA08020022077A04F50083FFABFF790BBCE7BAFE200000184048
2026-09-12T15:23:24.0075286+00:00,90278,147522350,Connected,72,24,68,1593,1155,0.32561144,7.627927,5.530606,443,-385,148,0.5412536,-0.47038972,0.18082514,2971,-6236,-312,178.26,-374.16,-18.72,0,0,0,0,0,0,0,0,0,0,0,1,2E03CB08440039068304BB017FFE9400EE15CB0820005506AE04FE0143FEB300AE28CB08EBFF8306C604250228FEB1009B0BA4E7C8FE200000184048
2026-09-12T15:23:24.0247371+00:00,90279,147536775,Connected,72,24,-87,1704,1254,-0.4165911,8.159439,6.0046577,558,-444,136,0.68175966,-0.5424754,0.16616364,2982,-6239,-310,178.92,-374.34,-18.6,0,0,0,0,0,0,0,0,0,0,0,1,873BCB08A9FFA806E6042E0244FE8800474ECB0881FFAF06DF041D0269FE3F000761CB088AFFA806D104FA01ABFEE5FFA60BA1E7CAFE200000184048
2026-09-12T15:23:24.0413738+00:00,90280,147551175,Connected,72,24,-98,1688,1217,-0.46926352,8.082825,5.827487,451,-253,-108,0.55102795,-0.30911323,-0.13195348,3001,-6244,-309,180.06,-374.63998,-18.539999,0,0,0,0,0,0,0,0,0,0,0,1,C773CB089EFF9806C104C30103FF94FFA086CB08B6FF8306AB04830163FF58FF6099CB08CBFF7A06A1043C01D6FF35FFB90B9CE7CBFE200000184048
2026-09-12T15:23:24.0580750+00:00,90281,147565600,Connected,72,24,-39,1633,1189,-0.18674773,7.819463,5.693412,253,64,-212,0.30911323,0.078194655,-0.2590198,3010,-6242,-308,180.59999,-374.52,-18.48,0,0,0,0,0,0,0,0,0,0,0,1,20ACCB08D9FF6106A504FD0040002CFFE0BECB08F4FF50068304DE008E0036FFA0D1CB0828004E066304E400CE0052FFC20B9EE7CCFE200000184048
2026-09-12T15:23:24.0913676+00:00,90284,147608850,Connected,72,24,190,1611,1163,0.90979666,7.714118,5.568913,594,709,219,0.7257441,0.86625016,0.26757234,3029,-6237,-314,181.73999,-374.22,-18.84,0,0,0,0,0,0,0,0,0,0,0,1,1255CC08BE004B068B045202C502DB00D267CC089A006606960468022A03FD00AB7ACC086E00900692047302A0030C01D50BA3E7C6FE200000184048
2026-09-12T15:23:24.1080192+00:00,90285,147623275,Connected,72,24,59,1706,1184,0.2825158,8.169016,5.66947,636,1062,263,0.7770594,1.2975426,0.32133117,3033,-6227,-323,181.98,-373.62,-19.38,0,0,0,0,0,0,0,0,0,0,0,1,6B8DCC083B00AA06A0047C02260407012BA0CC080000CA06BA048C02A004E300EBB2CC08D5FFE006B204A402FF04A400D90BADE7BDFE200000184048
2026-09-12T15:23:24.1246936+00:00,90286,147637700,Connected,72,24,-71,1772,1187,-0.33997664,8.485051,5.683835,711,1351,84,0.86869377,1.6506402,0.10263049,3036,-6223,-325,182.15999,-373.38,-19.5,0,0,0,0,0,0,0,0,0,0,0,1,C4C5CC08B9FFEC06A304C7024705540084D8CC08BBFFEE068904F3027405F9FF44EBCC08B7FFEF0685041503B1059EFFDC0BB1E7BBFE200000184048
2026-09-12T15:23:24.1580453+00:00,90287,147652100,Connected,72,24,-84,1788,1156,-0.40222588,8.561666,5.535394,806,1511,-171,0.9847639,1.8461269,-0.20892635,3040,-6216,-330,182.4,-372.96,-19.8,0,0,0,0,0,0,0,0,0,0,0,1,04FECC08ACFFFC0684042603E70555FFDD10CD0890FF050777042103040626FF9D23CD087DFF060756041403E4051AFFE00BB8E7B6FE200000184048
2026-09-12T15:23:24.1747354+00:00,90289,147680950,Connected,72,24,-146,1790,973,-0.6991069,8.571242,4.6591167,735,1096,49,0.89801675,1.3390834,0.059867784,3050,-6203,-340,183,-372.18,-20.4,0,0,0,0,0,0,0,0,0,0,0,1,B66ECD086EFFFE06CD03DF02480431007681CD087BFF0607B303CD021304A2003694CD087DFF1207C103AF0201041601EA0BC5E7ACFE200000184048
2026-09-12T15:23:24.1913598+00:00,90290,147700175,Connected,72,24,-197,1904,1185,-0.94331545,9.11712,5.674258,460,729,505,0.56202406,0.890686,0.6170047,3052,-6199,-344,183.12,-371.94,-20.64,0,0,0,0,0,0,0,0,0,0,0,1,CFB9CD083BFF7007A104CC01D902F9018FCCCD08B4FF15079C02F300790184024FDFCD0894FF29070F030C01CC017A02EC0BC9E7A8FE200000184048
2026-09-12T15:23:24.2080303+00:00,90291,147714675,Connected,72,24,-166,1878,1100,-0.79487497,8.992621,5.267244,330,548,558,0.40319118,0.6695417,0.68175966,3058,-6189,-355,183.48,-371.34,-21.3,0,0,0,0,0,0,0,0,0,0,0,1,73F2CD085AFF56074C044A0124022E02E804CE0886FF87078C0455010202F101A817CE08BFFF9F074B0446012602BE01F20BD3E79DFE200000184048
2026-09-12T15:23:24.2246903+00:00,90292,147729000,Connected,72,24,-76,1948,1089,-0.36391866,9.32781,5.2145715,314,688,392,0.38364252,0.84059256,0.47894228,3064,-6181,-368,183.84,-370.86,-22.08,0,0,0,0,0,0,0,0,0,0,0,1,682ACE08B4FF9C0741043A01B0028801283DCE088EFF8D072F04250125036401E84FCE0870FF6D07F303100158035101F80BDBE790FE200000184048
2026-09-12T15:23:24.2413639+00:00,90294,147757825,Connected,72,24,-43,1954,1020,-0.20590134,9.356541,4.8841715,232,867,321,0.28345564,1.0592933,0.39219508,3068,-6174,-381,184.08,-370.44,-22.859999,16,103,0.05079365,0.32698414,1,0,0,0,0,0,0,1,019BCE08D5FFA207FC03E80063034101DAADCE08D6FFC607FA03CD004C033D019AC0CE08C4FFDD07E603AC0019033401FC0BE2E783FE104067184048
2026-09-12T15:23:24.2580332+00:00,90295,147772250,Connected,72,24,-76,2037,962,-0.36391866,9.753978,4.606444,145,713,287,0.17715977,0.8711373,0.35065416,3075,-6165,-388,184.5,-369.9,-23.279999,21,92,0.06666667,0.2920635,1,0,0,0,0,0,0,1,5AD3CE08B4FFF507C2039100C9021F011AE6CE08ADFFF807AF037A006402F700F3F8CE08C0FFED07A6036200DE01C600030CEBE77CFE10545C184048
2026-09-12T15:23:24.2746831+00:00,90296,147786675,Connected,72,24,-32,2023,895,-0.15322891,9.68694,4.285621,85,340,143,0.10385228,0.41540912,0.17471619,3079,-6163,-394,184.73999,-369.78,-23.64,25,86,0.07936508,0.2730159,1,0,0,0,0,0,0,1,B30BCF08E0FFE7077F03550054018F00731ECF08F1FFE4077C036700E20056003331CF08F6FFD507AB037F0077001C00070CEDE776FE106456184048
2026-09-12T15:23:24.3080234+00:00,90297,147801100,Connected,72,24,2,1994,929,0.009576807,9.548077,4.4484267,125,4,-27,0.15272394,0.004887166,-0.03298837,3079,-6157,-404,184.73999,-369.41998,-24.24,28,78,0.08888889,0.24761905,1,0,0,0,0,0,0,1,0C44CF080200CA07A1037D000400E5FFCC56CF080B00CA0780037A00A3FFB0FF8C69CF08FDFFBF078A038A005CFF8DFF070CF3E76CFE10704E184048
2026-09-12T15:23:24.3246887+00:00,90299,147829925,Connected,72,24,-17,1901,884,-0.08140286,9.102755,4.232949,162,-429,-115,0.19793022,-0.5241485,-0.14050601,3079,-6147,-418,184.73999,-368.81998,-25.08,51,51,0.16190477,0.16190477,1,0,0,0,0,0,0,1,A5B4CF08EFFF6D077403A20053FE8DFF65C7CF08E4FF8307890394003DFE8AFF3EDACF08D6FF8107BA0374002DFE77FF070CFDE75EFE10CC33184048
2026-09-12T15:23:24.3413498+00:00,90300,147844350,Connected,72,24,-8,1904,944,-0.038307227,9.11712,4.5202527,59,-488,-169,0.0720857,-0.59623426,-0.20648277,3080,-6143,-420,184.8,-368.58,-25.199999,61,42,0.1936508,0.13333334,1,0,0,0,0,0,0,1,FEECCF08F8FF7007B0033B0018FE57FFBEFFCF081F004607B10307004AFE24FF7E12D00849001D07CD03DDFF99FEF1FE080C01E85CFE10F42A184048
2026-09-12T15:23:24.3580364+00:00,90301,147858775,Connected,72,24,83,1794,1020,0.39743748,8.590396,4.8841715,-79,-290,-301,-0.09652153,-0.35431954,-0.36775923,3082,-6140,-423,184.92,-368.4,-25.38,80,33,0.25396827,0.104761906,1,0,0,0,0,0,0,1,5725D00853000207FC03B1FFDEFED3FE1738D0085200F906E90380FF06FFD5FED74AD0084E000107CD0355FF21FFE8FE0A0C04E859FE114021184048
2026-09-12T15:23:24.3747810+00:00,90302,147873175,Connected,72,24,94,1789,924,0.45010993,8.566454,4.4244847,-193,-213,-254,-0.23580576,-0.2602416,-0.31033504,3081,-6139,-425,184.86,-368.34,-25.5,98,28,0.31111112,0.08888889,1,0,0,0,0,0,0,1,975DD0085E00FD069C033FFF2BFF02FF7070D00854000107A80338FF2EFF0EFF3083D00844000B07C0032EFF1BFF0FFF090C05E857FE11881C184048
2026-09-12T15:23:24.3913712+00:00,90303,147887600,Connected,72,24,43,1808,982,0.20590134,8.6574335,4.7022123,-231,-256,-251,-0.28223383,-0.31277862,-0.30666965,3083,-6138,-424,184.98,-368.28,-25.439999,98,28,0.31111112,0.08888889,1,0,0,0,0,0,0,1,F095D0082B001007D60319FF00FF05FFB0A8D0080C001907CC0302FFD7FEF4FE89BBD008EEFF1207B70304FFB7FED7FE0B0C06E858FE11881C184048
2026-09-12T15:23:24.4080306+00:00,90305,147916425,Connected,72,24,-67,1810,961,-0.320823,8.66701,4.6016555,-175,-349,-522,-0.21381351,-0.42640522,-0.6377752,3082,-6135,-427,184.92,-368.1,-25.619999,192,39,0.60952383,0.123809524,1,0,0,0,0,0,0,1,8906D108BDFF1207C10351FFA3FEF6FD6219D108BDFF0607AB0355FF7DFEE8FD222CD108C7FFF206AA0354FF54FEEDFD0A0C09E855FE130027184048
2026-09-12T15:23:24.4246849+00:00,90306,147930850,Connected,72,24,-27,1769,943,-0.12928689,8.470686,4.5154643,-175,-466,-522,-0.21381351,-0.56935483,-0.6377752,3083,-6135,-425,184.98,-368.1,-25.5,253,64,0.8031746,0.2031746,1,0,0,0,0,0,0,1,E23ED108E5FFE906AF0351FF2EFEF6FDBB51D108EBFFFA06B80344FF1AFE02FE7B64D108D1FFFF06C40333FF22FE19FE0B0C09E857FE13F440184048
2026-09-12T15:23:24.4413925+00:00,90307,147945275,Connected,72,24,-85,1805,974,-0.40701428,8.643068,4.663905,-224,-454,-444,-0.27368128,-0.55469334,-0.5424754,3085,-6133,-425,185.09999,-367.97998,-25.5,268,73,0.85079366,0.23174603,1,0,0,0,0,0,0,1,3B77D108ABFF0D07CE0320FF3AFE44FEFB89D1087FFF1E07C3030DFF3AFE81FED49CD1085FFF2D07B8030AFF35FEBFFE0D0C0BE857FE143049184048
2026-09-12T15:23:24.4580151+00:00,90308,147959700,Connected,72,24,-195,1844,952,-0.93373865,8.829816,4.55856,-234,-452,-272,-0.28589922,-0.5522497,-0.33232728,3089,-6135,-423,185.34,-368.1,-25.38,281,83,0.8920635,0.26349208,1,0,0,0,0,0,0,1,94AFD1083DFF3407B80316FF3CFEF0FE54C2D1081FFF4B07CA0323FF49FE1BFF14D5D10813FF5907DA032BFF56FE40FF110C09E859FE146453184048
2026-09-12T15:23:24.4746931+00:00,90310,147988525,Connected,72,24,-173,1929,1024,-0.8283938,9.23683,4.903325,-217,-440,-63,-0.26512876,-0.53758824,-0.076972865,3093,-6143,-419,185.58,-368.58,-25.14,300,106,0.95238096,0.33650795,1,0,0,0,0,0,0,1,2D20D20853FF8907000427FF48FEC1FF0633D2085FFF6E07EE0333FF33FED7FFC645D20860FF6707EB0343FF27FEE1FF150C01E85DFE14B06A184048
2026-09-12T15:23:24.4913524+00:00,90311,148002950,Connected,72,24,-124,1949,942,-0.59376204,9.332599,4.510676,-175,-467,-27,-0.21381351,-0.5705766,-0.03298837,3093,-6145,-417,185.58,-368.69998,-25.019999,303,115,0.96190476,0.36507937,1,0,0,0,0,0,0,1,8658D20884FF9D07AE0351FF2DFEE5FF466BD20881FFBF07B80349FF9BFEF2FF1F7ED2084AFF7C0728043EFFDBFE0500150CFFE75FFE14BC73184048
2026-09-12T15:23:24.5080240+00:00,90312,148017375,Connected,72,24,-195,1823,1074,-0.93373865,8.7292595,5.142745,-180,-396,4,-0.21992247,-0.48382944,0.004887166,3094,-6149,-415,185.64,-368.94,-24.9,307,147,0.9746032,0.46666667,1,0,0,0,0,0,0,1,DF90D2083DFF1F0732044CFF74FE04009FA3D2085BFFF006FB036DFFE7FDF0FF5FB6D20881FF0107C20395FF7BFDDFFF160CFBE761FE14CC93184048
2026-09-12T15:23:24.5246834+00:00,90313,148031800,Connected,72,24,-120,1831,975,-0.5746084,8.767567,4.6686935,-79,-685,-28,-0.09652153,-0.8369272,-0.03421016,3094,-6151,-413,185.64,-369.06,-24.779999,306,157,0.9714286,0.4984127,1,0,0,0,0,0,0,1,38C9D20888FF2707CF03B1FF53FDE4FFF8DBD20888FF35070504B3FF42FD0000B8EED20892FF27071B04A7FF3EFD2600160CF9E763FE14C89D184048
2026-09-12T15:23:24.5413570+00:00,90314,148046200,Connected,72,24,-89,1809,1047,-0.4261679,8.662222,5.0134583,-101,-681,72,-0.12340094,-0.83204,0.08796899,3094,-6153,-412,185.64,-369.18,-24.72,299,173,0.94920635,0.5492064,1,0,0,0,0,0,0,1,7801D308A7FF110717049BFF57FD48003814D308B9FF0507070497FF8FFD65001127D308B8FFFF060B049BFFD5FD8500160CF7E764FE14ACAD184048
2026-09-12T15:23:24.5580181+00:00,90316,148075050,Connected,72,24,-118,1854,1024,-0.5650316,8.8777,4.903325,-77,-384,247,-0.094077945,-0.46916795,0.3017825,3094,-6160,-406,185.64,-369.6,-24.359999,274,206,0.8698413,0.6539683,1,0,0,0,0,0,0,1,2A72D3088AFF3E070004B3FF80FEF700EA84D30895FF4007E603C1FF8FFE0601AA97D308A3FF4107EC03D2FFB0FE0801160CF0E76AFE1448CE184048
2026-09-12T15:23:24.5913527+00:00,90317,148089450,Connected,72,24,-80,1864,1013,-0.38307226,8.925584,4.8506527,-25,-314,275,-0.030544788,-0.38364252,0.33599266,3092,-6164,-405,185.51999,-369.84,-24.3,257,220,0.815873,0.6984127,1,0,0,0,0,0,0,1,6AAAD308B0FF4807F503E7FFC6FE130143BDD308C0FF5807F5030000DCFE200103D0D308D4FF6107F8031600FCFE2501140CECE76BFE1404DC184048
2026-09-12T15:23:24.6080241+00:00,90318,148103875,Connected,72,24,-23,1894,1024,-0.110133275,9.069236,4.903325,39,-207,289,0.047649868,-0.25291085,0.35309774,3090,-6168,-404,185.4,-370.08,-24.24,223,240,0.7079365,0.7619048,1,0,0,0,0,0,0,1,C3E2D308E9FF66070004270031FF210183F5D308F8FF78070304330060FF1E015C08D408F9FF840706043D009DFF0501120CE8E76CFE137CF0184048
2026-09-12T15:23:24.6246839+00:00,90319,148118300,Connected,72,24,24,1871,978,0.11492168,8.959103,4.6830587,76,-30,196,0.092856154,-0.036653746,0.23947114,3086,-6169,-403,185.15999,-370.13998,-24.18,204,250,0.64761907,0.7936508,1,0,0,0,0,0,0,1,1C1BD40818004F07D2034C00E2FFC400DC2DD40850001E07D8036C00600057009C40D40893001007F8039E00FA00F6FF0E0CE7E76DFE1330FA184048
2026-09-12T15:23:24.6413511+00:00,90321,148147125,Connected,72,24,58,1782,1034,0.2777274,8.532935,4.951209,294,627,-44,0.3592067,0.7660633,-0.053758826,3082,-6167,-401,184.92,-370.02,-24.06,155,256,0.4920635,0.8126984,1,0,0,0,0,0,0,1,B58BD4083A00F6060A0426017302D4FF759ED4081300FA06F9033E01860200004EB1D408ECFF1807090447017A023D000A0CE9E76FFE126D00184048
2026-09-12T15:23:24.6580216+00:00,90322,148161550,Connected,72,24,-53,1829,1025,-0.25378537,8.75799,4.9081135,311,564,132,0.37997717,0.68909043,0.16127647,3082,-6167,-401,184.92,-370.02,-24.06,122,244,0.3873016,0.7746032,1,0,0,0,0,0,0,1,0EC4D408CBFF25070104370134028400CED6D408ADFF2E07DA031801D901CA00D9E9D40879FF3B07B00303018A0104010A0CE9E76FFE11E8F4184048
2026-09-12T15:23:24.6746796+00:00,90323,148175950,Connected,72,24,-174,1867,920,-0.8331822,8.939949,4.405331,247,328,296,0.3017825,0.4007476,0.3616503,3082,-6166,-403,184.92,-369.96,-24.18,91,228,0.2888889,0.72380954,1,0,0,0,0,0,0,1,4EFCD40852FF4B079803F70048012801270FD5083FFF5807A503F50028013501E721D5084CFF5B07B703EA00080133010A0CEAE76DFE116CE4184048
2026-09-12T15:23:24.6913563+00:00,90324,148190375,Connected,72,24,-149,1869,958,-0.7134721,8.949526,4.5872903,222,247,295,0.2712377,0.3017825,0.36042848,3080,-6165,-404,184.8,-369.9,-24.24,58,203,0.18412699,0.64444447,1,0,0,0,0,0,0,1,A734D5086BFF4D07BE03DE00F70027016747D50887FF5407D403D10001011401275AD50892FF5807E503BC000C010601080CEBE76CFE10E8CB184048
2026-09-12T15:23:24.7080309+00:00,90325,148204800,Connected,72,24,-101,1882,981,-0.48362875,9.011775,4.697424,160,271,255,0.19548663,0.3311055,0.31155682,3078,-6164,-406,184.68,-369.84,-24.359999,46,192,0.14603175,0.60952383,1,0,0,0,0,0,0,1,006DD5089BFF5A07D503A0000F01FF00C07FD5089AFF5707C1038A000801F5008092D5088AFF5607B6037E00EB00E400060CECE76AFE10B8C0184048
2026-09-12T15:23:24.7246833+00:00,90327,148233625,Connected,72,24,22,1884,1006,0.10534488,9.021352,4.817134,100,33,110,0.12217915,0.04031912,0.13439706,3077,-6158,-409,184.62,-369.47998,-24.539999,26,163,0.082539685,0.51746035,1,0,0,0,0,0,0,1,99DDD50816005C07EE03640021006E0059F0D5082A004807F4034500ECFF79001903D60842002A07E6032C00AFFF9500050CF2E767FE1068A3184048
2026-09-12T15:23:24.7413417+00:00,90328,148248025,Connected,72,24,104,1762,939,0.49799395,8.437167,4.4963107,36,-128,186,0.043984495,-0.15638931,0.22725321,3076,-6155,-415,184.56,-369.3,-24.9,21,153,0.06666667,0.4857143,1,0,0,0,0,0,0,1,D915D6086800E206AB03240080FFBA00B228D6088500BC06B8033E0085FFD200723BD6088C00DD06CC035B008AFFED00040CF5E761FE105499184048
2026-09-12T15:23:24.7580316+00:00,90329,148262450,Connected,72,24,125,1777,994,0.59855044,8.508993,4.759673,107,-110,261,0.13073169,-0.13439706,0.3188876,3075,-6152,-415,184.5,-369.12,-24.9,18,144,0.057142857,0.45714286,1,0,0,0,0,0,0,1,324ED6087D00F106E2036B0092FF0501F260D6080900AC07650460006FFF0201B273D608FFFF54082604EEFFB0FEDD00030CF8E761FE104890184048
2026-09-12T15:23:24.7746832+00:00,90330,148276875,Connected,72,24,-37,2114,891,-0.17717093,10.1226845,4.2664676,-151,-518,216,-0.18449052,-0.632888,0.26390696,3076,-6151,-418,184.56,-369.06,-25.08,17,144,0.053968254,0.45714286,1,0,0,0,0,0,0,1,8B86D608DBFF42087B0369FFFAFDD8004B99D60899FFD607430330FF72FDC6000BACD60898FF6C0751033CFF0BFD9200040CF9E75EFE104490184048
2026-09-12T15:23:24.7913589+00:00,90332,148305700,Connected,72,24,149,1836,1133,0.7134721,8.791509,5.425261,-81,-733,12,-0.09896511,-0.89557314,0.014661498,3069,-6151,-419,184.14,-369.06,-25.14,14,142,0.044444446,0.45079365,1,0,0,0,0,0,0,1,24F7D60895002C076D04AFFF23FD0C00E409D7087E002E0750049DFF68FD0900A41CD70851003107190497FFB9FDFBFFFD0BF9E75DFE10388E184048
2026-09-12T15:23:24.8246837+00:00,90333,148320150,Connected,72,24,69,1848,996,0.33039984,8.848969,4.76925,-96,-493,-33,-0.11729199,-0.6023432,-0.04031912,3067,-6151,-421,184.01999,-369.06,-25.26,7,158,0.022222223,0.50158733,1,0,0,0,0,0,0,1,962FD70845003807E403A0FF13FEDFFF5043D70855004707BA03B6FF6CFEBEFFFD54D70864005E07C603D6FFCDFE93FFFB0BF9E75BFE101C9E184048
2026-09-12T15:23:24.8413523+00:00,90335,148348950,Connected,72,24,161,1856,955,0.770933,8.887277,4.572925,9,-137,-160,0.010996124,-0.16738543,-0.19548663,3067,-6151,-421,184.01999,-369.06,-25.26,8,181,0.025396826,0.5746032,1,0,0,0,0,0,0,1,16A0D708A1004007BB03090077FF60FFD6B2D708B0001507AA032500AFFF6AFF96C5D708C6000907A2034200EBFF77FFFB0BF9E75BFE1020B5184048
2026-09-12T15:23:24.8581508+00:00,90336,148363350,Connected,72,24,214,1820,949,1.0247183,8.714894,4.5441947,84,34,-119,0.10263049,0.04154091,-0.1453932,3067,-6151,-421,184.01999,-369.06,-25.26,11,206,0.034920637,0.6539683,1,0,0,0,0,0,0,1,56D8D708D6001C07B5035400220089FF2FEBD708D4003407C6035A004E009BFFEFFDD708A7003407D1034D005E00AFFFFB0BF9E75BFE102CCE184048
2026-09-12T15:23:24.8747917+00:00,90337,148377775,Connected,72,24,101,1870,941,0.48362875,8.954314,4.5058875,57,81,-55,0.06964211,0.09896511,-0.06719853,3063,-6151,-419,183.78,-369.06,-25.14,11,206,0.034920637,0.6539683,1,0,0,0,0,0,0,1,AF10D80865004E07AD0339005100C9FF6F23D8082C006C077B0332003E00D3FF2F36D80811007F076A033A002C00CCFFF70BF9E75DFE102CCE184048
2026-09-12T15:23:24.8914562+00:00,90338,148392200,Connected,72,24,24,1915,900,0.11492168,9.169792,4.309563,68,35,-66,0.08308182,0.0427627,-0.08063824,3062,-6150,-418,183.72,-369,-25.08,17,214,0.053968254,0.6793651,1,0,0,0,0,0,0,1,0849D80818007B07840344002300BEFFC85BD8081A006C07AB0345001E00AEFF886ED80818006807BB0334002400A2FFF60BFAE75EFE1044D6184048
2026-09-12T15:23:24.9081506+00:00,90339,148406600,Connected,72,24,12,1870,972,0.05746084,8.954314,4.654328,32,53,-96,0.039097328,0.06475495,-0.11729199,3062,-6149,-417,183.72,-368.94,-25.019999,44,231,0.13968255,0.73333335,1,0,0,0,0,0,0,1,4881D8080C004E07CC0320003500A0FF0894D808FBFF4C07BF030E003400ACFFE1A6D80803003C07AA0304002A00C0FFF60BFBE75FFE10B0E7184048
2026-09-12T15:23:24.9247967+00:00,90340,148421025,Connected,72,24,11,1853,929,0.05267244,8.872911,4.4484267,8,73,-47,0.009774332,0.08919078,-0.0574242,3061,-6150,-417,183.65999,-369,-25.019999,72,241,0.22857143,0.7650794,1,0,0,0,0,0,0,1,A1B9D8080B003D07A10308004900D1FF61CCD80814004307C50316007900E6FF21DFD8081B003507EA031900A900FBFFF50BFAE75FFE1120F1184048
2026-09-12T15:23:24.9414562+00:00,90341,148435425,Connected,72,24,26,1834,1003,0.12449849,8.781932,4.8027687,14,205,9,0.01710508,0.25046727,0.010996124,3060,-6151,-416,183.59999,-369.06,-24.96,84,245,0.26666668,0.7777778,1,0,0,0,0,0,0,1,E1F1D8081A002A07EB030E00CD000900BA04D90816002507F103FCFFE40011007A17D90819003007D203EDFFE6001200F40BF9E760FE1150F5184048
2026-09-12T15:23:24.9581168+00:00,90343,148464275,Connected,72,24,7,1902,963,0.033518825,9.107543,4.6112323,-89,232,-49,-0.10873944,0.28345564,-0.059867784,3057,-6151,-413,183.42,-369.06,-24.779999,131,257,0.41587302,0.815873,1,0,0,0,0,0,0,1,9362D90807006E07C303A7FFE800CFFF5375D90802006007BA03A1FFCE00D4FF1388D90811005807B703AAFFB300DEFFF10BF9E763FE120D01184048
2026-09-12T15:23:24.9748538+00:00,90344,148478700,Connected,72,24,36,1861,970,0.17238252,8.911219,4.644751,-72,165,-21,-0.08796899,0.20159559,-0.025657622,3057,-6150,-413,183.42,-369,-24.779999,157,261,0.4984127,0.82857144,1,0,0,0,0,0,0,1,EC9AD90824004507CA03B8FFA500EBFFACADD9083F003807DA03CAFFAF00FAFF6CC0D90842003207DC03D9FFD4000C00F10BFAE763FE127505184048
2026-09-12T15:23:24.9914745+00:00,90345,148493125,Connected,72,24,55,1827,989,0.2633622,8.748413,4.735731,-33,257,34,-0.04031912,0.31400043,0.04154091,3061,-6150,-412,183.65999,-369,-24.72,174,261,0.552381,0.82857144,1,0,0,0,0,0,0,1,45D3D90837002307DD03DFFF01012200ECE5D90817002207DA03E4FF23013900ACF8D908FBFF2107CC03E9FF24015100F50BFAE764FE12B905184048
2026-09-12T15:23:25.0081294+00:00,90346,148507525,Connected,72,24,-21,1827,958,-0.10055647,8.748413,4.5872903,-3,280,106,-0.0036653746,0.3421016,0.1295099,3064,-6149,-413,183.84,-368.94,-24.779999,197,261,0.62539685,0.82857144,1,0,0,0,0,0,0,1,850BDA08EBFF2307BE03FDFF18016A00451EDA08F2FF2307C403190010017F000531DA08FBFF1C07C60339001F018C00F80BFBE763FE131505184048
2026-09-12T15:23:25.0247882+00:00,90347,148521925,Connected,72,24,19,1809,972,0.090979666,8.662222,4.654328,89,349,148,0.10873944,0.42640522,0.18082514,3065,-6150,-414,183.9,-369,-24.84,214,255,0.6793651,0.8095238,1,0,0,0,0,0,0,1,C543DA0813001107CC0359005D0194008556DA0826001607D0037D00AC01A3005E69DA0811001A07E7039800F501B500F90BFAE762FE1358FF184048
2026-09-12T15:23:25.0416088+00:00,90349,148550750,Connected,72,24,-100,1883,992,-0.47884035,9.016563,4.7500963,163,583,186,0.19915201,0.7123044,0.22725321,3065,-6150,-416,183.9,-369,-24.96,251,228,0.7968254,0.72380954,1,0,0,0,0,0,0,1,5EB4DA089CFF5B07E003A3004702BA0037C7DA0888FF5E07E5039D004102A600F7D9DA087EFF6507E203930038028A00F90BFAE760FE13ECE4184048
2026-09-12T15:23:25.0581217+00:00,90350,148565175,Connected,72,24,-133,1898,993,-0.6368576,9.088389,4.7548847,134,561,98,0.16372006,0.68542504,0.11973557,3065,-6150,-421,183.9,-369,-25.26,276,187,0.8761905,0.5936508,1,0,0,0,0,0,0,1,B7ECDA087BFF6A07E10386003102620077FFDA0877FF6C07F203790034022F005012DB0878FF7A07F60365003402F5FFF90BFAE75BFE1450BB184048
2026-09-12T15:23:25.0749159+00:00,90351,148579600,Connected,72,24,-131,1932,1012,-0.62728083,9.251195,4.8458643,75,565,-64,0.09163436,0.6903122,-0.078194655,3067,-6148,-421,184.01999,-368.88,-25.26,285,160,0.9047619,0.50793654,1,0,0,0,0,0,0,1,1025DB087DFF8C07F4034B003502C0FFD037DB0888FF8C07EF0327002D029BFF904ADB08A1FF8A07E203F9FF0D0291FFFB0BFCE75BFE1474A0184048
2026-09-12T15:23:25.1081233+00:00,90353,148608425,Connected,72,24,4,1879,780,0.019153614,8.99741,3.7349546,-182,347,214,-0.22236605,0.42396164,0.26146337,3071,-6148,-422,184.26,-368.88,-25.32,289,118,0.9174603,0.37460318,1,0,0,0,0,0,0,1,A995DB08040057070C034AFF5B01D60069A8DB089BFF2907C60328FFDB013C0129BBDB0877FFE906F80321FFA7018301FF0BFCE75AFE148476184048
2026-09-12T15:23:25.1247936+00:00,90355,148637250,Connected,72,24,-67,1824,930,-0.320823,8.734048,4.453215,13,121,324,0.01588329,0.14783677,0.39586043,3074,-6146,-423,184.44,-368.75998,-25.38,272,84,0.8634921,0.26666668,1,0,0,0,0,0,0,1,4206DC08BDFF2007A2030D00790044010219DC08BEFF5207D8032C00A9002401DB2BDC08BCFF5E07E1033800E000FA00020CFEE759FE144054184048
2026-09-12T15:23:25.1414484+00:00,90356,148651675,Connected,72,24,-61,1873,985,-0.29209262,8.968679,4.7165775,64,279,194,0.078194655,0.34087983,0.23702756,3073,-6146,-424,184.37999,-368.75998,-25.439999,262,79,0.83174604,0.25079367,1,0,0,0,0,0,0,1,9B3EDC08C3FF5107D90340001701C2005B51DC08E5FF4507C8035400480185001B64DC08FFFF3607CA0374007C014700010CFEE758FE14184F184048
2026-09-12T15:23:25.1749079+00:00,90357,148666100,Connected,72,24,34,1832,949,0.16280572,8.772355,4.5441947,171,392,38,0.20892635,0.47894228,0.046428077,3071,-6145,-424,184.26,-368.69998,-25.439999,243,67,0.7714286,0.21269841,1,0,0,0,0,0,0,1,F476DC0822002807B503AB0088012600B489DC0838002E07C803DC00A3011100749CDC0841004A07DE03EE00A1011000FF0BFFE758FE13CC43184048
2026-09-12T15:23:25.1915793+00:00,90359,148694925,Connected,72,24,64,1891,970,0.30645782,9.054871,4.644751,186,312,101,0.22725321,0.38119894,0.12340094,3073,-6140,-425,184.37999,-368.4,-25.5,218,52,0.6920635,0.16507937,1,0,0,0,0,0,0,1,8DE7DC0840006307CA03BA00380165004DFADC0845004F07C2039E001F016F000D0DDD084C004C07D60381001C017000010C04E857FE136834184048
2026-09-12T15:23:25.2082535+00:00,90360,148709350,Connected,72,24,78,1855,986,0.37349546,8.882488,4.721366,98,291,109,0.11973557,0.35554132,0.13317527,3074,-6140,-427,184.44,-368.4,-25.619999,196,44,0.62222224,0.13968255,1,0,0,0,0,0,0,1,E61FDD084E003F07DA03620023016D00A632DD083C004107E1034800340169006645DD0830004507C303290031016600020C04E855FE13102C184048
2026-09-12T15:23:25.2249195+00:00,90361,148723750,Connected,72,24,23,1877,942,0.110133275,8.987833,4.510676,16,288,96,0.019548664,0.35187596,0.11729199,3073,-6139,-425,184.37999,-368.34,-25.5,192,43,0.60952383,0.13650794,1,0,0,0,0,0,0,1,2658DD0817005507AE03100020016000E66ADD08F8FF62079603FEFFF6005300BF7DDD08E4FF75079203EEFFC5003700010C05E857FE13002B184048
2026-09-12T15:23:25.2415810+00:00,90362,148738175,Connected,72,24,-26,1940,941,-0.12449849,9.289502,4.5058875,-33,141,5,-0.04031912,0.17227261,0.0061089573,3072,-6139,-427,184.31999,-368.34,-25.619999,182,40,0.5777778,0.12698413,1,0,0,0,0,0,0,1,7F90DD08E6FF9407AD03DFFF8D0005003FA3DD08F5FFA807C003C6FF4500CDFFFFB5DD081100B507CC03A5FF070096FF000C05E855FE12D828184048
2026-09-12T15:23:25.2582578+00:00,90364,148767000,Connected,72,24,-2,1946,951,-0.009576807,9.3182335,4.5537715,-145,-196,-258,-0.17715977,-0.23947114,-0.3152222,3070,-6140,-429,184.2,-368.4,-25.74,146,35,0.46349207,0.11111111,1,0,0,0,0,0,0,1,1801DE08FEFF9A07B7036FFF3CFFFEFED813DE081B008F07BE037CFFF9FEEEFEB126DE0832007A07D7038AFFD2FEEDFEFE0B04E853FE124823184048
2026-09-12T15:23:25.2749971+00:00,90365,148781425,Connected,72,24,65,1894,1020,0.31124622,9.069236,4.8841715,-107,-306,-260,-0.13073169,-0.3738682,-0.3176658,3071,-6143,-434,184.26,-368.58,-26.039999,146,35,0.46349207,0.11111111,1,0,0,0,0,0,0,1,7139DE0841006607FC0395FFCEFEFCFE314CDE084700590712049CFFDEFE10FFF15EDE08370052070F0496FFF2FE21FFFF0B01E84EFE124823184048
2026-09-12T15:23:25.2915867+00:00,90366,148795825,Connected,72,24,30,1887,1025,0.1436521,9.035717,4.9081135,-124,-255,-210,-0.15150215,-0.31155682,-0.2565762,3069,-6143,-433,184.14,-368.58,-25.98,136,35,0.43174604,0.11111111,1,0,0,0,0,0,0,1,B171DE081E005F07010484FF01FF2EFF8A84DE0807006807F3036FFF06FF3BFF4A97DE08FBFF6F07DD0363FFF7FE4CFFFD0B01E84FFE122023184048
2026-09-12T15:23:25.3082486+00:00,90367,148810250,Connected,72,24,-10,1895,973,-0.047884032,9.074024,4.6591167,-155,-289,-156,-0.18937768,-0.35309774,-0.19059947,3071,-6144,-433,184.26,-368.63998,-25.98,119,40,0.37777779,0.12698413,1,0,0,0,0,0,0,1,0AAADE08F6FF6707CD0365FFDFFE64FFCABCDE08FBFF6007CD0373FFD6FE7FFFA3CFDE08FCFF5007D10388FFE3FE97FFFF0B00E84FFE11DC28184048
2026-09-12T15:23:25.3249313+00:00,90368,148824675,Connected,72,24,-4,1859,983,-0.019153614,8.901642,4.7070007,-100,-253,-86,-0.12217915,-0.30911323,-0.10507407,3072,-6146,-434,184.31999,-368.75998,-26.039999,86,47,0.2730159,0.14920636,1,0,0,0,0,0,0,1,63E2DE08FCFF4307D7039CFF03FFAAFF23F5DE08EFFF3C07D903A9FF27FFBCFFE307DF08E6FF3907D503B8FF4FFFD2FF000CFEE74EFE11582F184048
2026-09-12T15:23:25.3415877+00:00,90370,148853500,Connected,72,24,-77,1882,978,-0.36870706,9.011775,4.6830587,-57,-102,-19,-0.06964211,-0.12462273,-0.023214038,3073,-6151,-433,184.37999,-369.06,-25.98,53,60,0.16825397,0.1904762,1,0,0,0,0,0,0,1,FC52DF08B3FF5A07D203C7FF9AFFEDFFBC65DF08B9FF5A07D403BEFFABFFCEFF7C78DF08B7FF5E07E003B4FFB6FFB3FF010CF9E74FFE10D43C184048
2026-09-12T15:23:25.3582452+00:00,90371,148867925,Connected,72,24,-62,1864,994,-0.29688102,8.925584,4.759673,-84,-62,-95,-0.10263049,-0.07575107,-0.11607019,3073,-6152,-432,184.37999,-369.12,-25.92,43,66,0.13650794,0.20952381,1,0,0,0,0,0,0,1,558BDF08C2FF4807E203ACFFC2FFA1FF159EDF08C1FF3F07E603A5FFD7FF98FFD5B0DF08BEFF4307E403A4FFEEFF9EFF010CF8E750FE10AC42184048
2026-09-12T15:23:25.3915786+00:00,90372,148882325,Connected,72,24,-72,1861,998,-0.34476504,8.911219,4.7788267,-84,-1,-85,-0.10263049,-0.0012217915,-0.10385228,3076,-6154,-432,184.56,-369.24,-25.92,32,74,0.1015873,0.23492064,1,0,0,0,0,0,0,1,95C3DF08B8FF4507E603ACFFFFFFABFF6ED6DF08AFFF4E07E603BBFF0700C4FF2EE9DF0896FF5A07DA03CCFF0900DFFF040CF6E750FE10804A184048
2026-09-12T15:23:25.4082564+00:00,90373,148896750,Connected,72,24,-131,1906,987,-0.62728083,9.126697,4.7261543,-43,4,-18,-0.052537035,0.004887166,-0.021992248,3076,-6155,-429,184.56,-369.3,-25.74,25,87,0.07936508,0.2761905,1,0,0,0,0,0,0,1,EEFBDF087DFF7207DB03D5FF0400EEFFAE0EE00873FF6F07C903D3FFFAFFEEFF8721E00870FF5E07C403D0FFF5FFDEFF040CF5E753FE106457184048
2026-09-12T15:23:25.4249246+00:00,90375,148925575,Connected,72,24,-117,1850,946,-0.5602432,8.858546,4.5298295,-49,18,-66,-0.059867784,0.021992248,-0.08063824,3080,-6157,-428,184.8,-369.41998,-25.68,21,95,0.06666667,0.3015873,1,0,0,0,0,0,0,1,876CE0088BFF3A07B203CFFF1200BEFF607FE0087EFF20079A03CFFF3700BBFF2092E00858FF1A078703DCFF6200A7FF080CF3E754FE10545F184048
2026-09-12T15:23:25.4415869+00:00,90376,148940000,Connected,72,24,-155,1828,892,-0.7422025,8.7532015,4.271256,-9,180,-151,-0.010996124,0.21992247,-0.18449052,3082,-6157,-428,184.92,-369.41998,-25.68,21,95,0.06666667,0.3015873,1,0,0,0,0,0,0,1,E0A4E00865FF24077C03F7FFB40069FFA0B7E00834FF5807BE0325000D0131FF79CAE0081CFF6107D00349002E0111FF0A0CF3E754FE10545F184048
2026-09-12T15:23:25.4582404+00:00,90377,148954425,Connected,72,24,-189,1857,939,-0.90500826,8.892065,4.4963107,111,299,-251,0.13561885,0.36531565,-0.30666965,3084,-6157,-428,185.04,-369.41998,-25.68,20,96,0.06349207,0.30476192,1,0,0,0,0,0,0,1,39DDE00843FF4107AB036F002B0105FFF9EFE0085DFF21079B03870036010AFFB902E10868FF1907A5039A00440115FF0C0CF3E754FE105060184048
2026-09-12T15:23:25.4749155+00:00,90378,148968825,Connected,72,24,-143,1812,934,-0.6847417,8.676587,4.4723687,161,342,-219,0.19670843,0.4178527,-0.26757234,3082,-6157,-430,184.92,-369.41998,-25.8,19,98,0.06031746,0.31111112,1,0,0,0,0,0,0,1,7915E10871FF1407A603A100560125FF5228E1087FFF0107AD03A000640145FF123BE10875FF0807CE039400540175FF0A0CF3E752FE104C62184048
2026-09-12T15:23:25.4915756+00:00,90379,148983250,Connected,72,24,-134,1831,964,-0.641646,8.767567,4.6160207,131,278,-89,0.16005468,0.33965802,-0.10873944,3085,-6156,-431,185.09999,-369.36,-25.859999,19,98,0.06031746,0.31111112,1,0,0,0,0,0,0,1,D24DE1087AFF2707C40383001601A7FF9260E10874FF5907D4036C00D900DBFF5273E10860FF7407E5034C008B000A000D0CF4E751FE104C62184048
2026-09-12T15:23:25.5082522+00:00,90381,149012075,Connected,72,24,-190,1925,982,-0.90979666,9.217676,4.7022123,42,-3,7,0.051315244,-0.0036653746,0.00855254,3089,-6155,-433,185.34,-369.3,-25.98,29,99,0.092063494,0.31428573,1,0,0,0,0,0,0,1,6BBEE10842FF8507D6032A00FDFF070044D1E10847FF7207E8033E000600DEFF04E4E1084FFF4207F70342000D00B3FF110CF5E74FFE107463184048
2026-09-12T15:23:25.5249120+00:00,90382,149026500,Connected,72,24,-159,1869,1020,-0.7613561,8.949526,4.8841715,48,26,-132,0.058645993,0.03176658,-0.16127647,3092,-6154,-434,185.51999,-369.24,-26.039999,34,99,0.10793651,0.31428573,1,0,0,0,0,0,0,1,C4F6E10861FF4D07FC0330001A007CFF8409E2085DFF7407F503160026004DFF5D1CE20864FF9207E7030E003E0030FF140CF6E74EFE108863184048
2026-09-12T15:23:25.5415799+00:00,90383,149040925,Connected,72,24,-155,1928,1020,-0.7422025,9.232041,4.8841715,15,94,-212,0.018326873,0.1148484,-0.2590198,3091,-6155,-434,185.45999,-369.3,-26.039999,45,100,0.14285715,0.31746033,1,0,0,0,0,0,0,1,1D2FE20865FF8807FC030F005E002CFFDD41E20874FF5807F4030E006E0034FF9D54E20892FF3D07EE030E008A0042FF130CF5E74EFE10B464184048
2026-09-12T15:23:25.5582796+00:00,90384,149055325,Connected,72,24,-85,1844,1026,-0.40701428,8.829816,4.912902,13,160,-166,0.01588329,0.19548663,-0.20281738,3091,-6157,-435,185.45999,-369.41998,-26.099998,61,99,0.1936508,0.31428573,1,0,0,0,0,0,0,1,5D67E208ABFF340702040D00A0005AFF367AE208C0FF4207D5030000B60075FF0F8DE208A6FF5307F803FAFFCE009FFF130CF3E74DFE10F463184048
2026-09-12T15:23:25.5749061+00:00,90386,149084175,Connected,72,24,-124,1889,942,-0.59376204,9.045294,4.510676,-34,86,96,-0.04154091,0.10507407,0.11729199,3094,-6155,-434,185.64,-369.3,-26.039999,84,94,0.26666668,0.2984127,1,0,0,0,0,0,0,1,0FD8E20884FF6107AE03DEFF56006000E8EAE20893FF5707B203D8FF2F007E008FFDE2089CFF4207BD03CBFF11009000160CF5E74EFE11505E184048
2026-09-12T15:23:25.5915776+00:00,90387,149098575,Connected,72,24,-103,1833,972,-0.49320555,8.7771435,4.654328,-77,-6,153,-0.094077945,-0.007330749,0.1869341,3095,-6155,-435,185.7,-369.3,-26.099998,99,88,0.31428573,0.2793651,1,0,0,0,0,0,0,1,4F10E30899FF2907CC03B3FFFAFF99002823E308AEFF1907CE039DFFD9FF9500E835E308BEFF1F07E5038DFFC0FF7E00170CF5E74DFE118C58184048
2026-09-12T15:23:25.6083251+00:00,90388,149113000,Connected,72,24,-48,1830,996,-0.22984336,8.762778,4.76925,-125,-85,91,-0.15272394,-0.10385228,0.111183025,3097,-6158,-435,185.81999,-369.47998,-26.099998,119,80,0.37777779,0.25396827,1,0,0,0,0,0,0,1,A848E308D0FF2607E40383FFABFF5B00685BE308C1FF2707F2037BFFA7FF2800416EE308B0FF2B070C046CFFA3FFEEFF190CF2E74DFE11DC50184048
2026-09-12T15:23:25.6249209+00:00,90389,149127425,Connected,72,24,-110,1857,1029,-0.5267244,8.892065,4.927267,-185,-131,-60,-0.22603142,-0.16005468,-0.07330749,3098,-6157,-432,185.87999,-369.41998,-25.92,139,65,0.44126984,0.20634921,1,0,0,0,0,0,0,1,0181E30892FF4107050447FF7DFFC4FFC193E30895FF6C07D00327FF3CFFB7FF81A6E3089EFF6207B9031AFFFCFEB8FF1A0CF3E750FE122C41184048
2026-09-12T15:23:25.6415960+00:00,90390,149141850,Connected,72,24,-83,1885,961,-0.39743748,9.02614,4.6016555,-226,-311,-69,-0.27612486,-0.37997717,-0.08430361,3099,-6158,-430,185.94,-369.47998,-25.8,139,65,0.44126984,0.20634921,1,0,0,0,0,0,0,1,5AB9E308ADFF5D07C1031EFFC9FEBBFF1ACCE308BFFF5207DE032BFF9CFEB9FFDADEE308CCFF2207030437FF8EFEAFFF1B0CF2E752FE122C41184048
2026-09-12T15:23:25.6582626+00:00,90391,149156250,Connected,72,24,-25,1809,1068,-0.11971009,8.662222,5.1140146,-195,-364,-99,-0.23824935,-0.4447321,-0.12095736,3100,-6159,-430,186,-369.53998,-25.8,155,54,0.4920635,0.17142858,1,0,0,0,0,0,0,1,9AF1E308E7FF11072C043DFF94FE9DFF5A04E40801003107410432FFA8FE9AFF3317E4081A003307310425FFB8FEABFF1C0CF1E752FE126C36184048
2026-09-12T15:23:25.6749135+00:00,90392,149170675,Connected,72,24,23,1817,1044,0.110133275,8.700529,4.999093,-224,-296,-67,-0.27368128,-0.3616503,-0.08186003,3099,-6162,-427,185.94,-369.72,-25.619999,234,44,0.74285716,0.13968255,1,0,0,0,0,0,0,1,F329E40817001907140420FFD8FEBDFFB33CE4080F0006070C0428FFFAFEC9FF734FE408010009071B0430FF0CFFD8FF1B0CEEE755FE13A82C184048
2026-09-12T15:23:25.6915929+00:00,90393,149185100,Connected,72,24,-15,1824,1062,-0.07182605,8.734048,5.085284,-214,-225,-21,-0.26146337,-0.2749031,-0.025657622,3100,-6164,-424,186,-369.84,-25.439999,244,45,0.7746032,0.14285715,1,0,0,0,0,0,0,1,4C62E408F1FF200726042AFF1FFFEBFF0C75E408D7FF300727041DFF2BFF0300CC87E408CAFF4007140418FF2DFF16001C0CECE758FE13D02D184048
2026-09-12T15:23:25.7082573+00:00,90394,149199500,Connected,72,24,-60,1871,1023,-0.2873042,8.959103,4.8985367,-227,-205,27,-0.27734667,-0.25046727,0.03298837,3101,-6167,-421,186.06,-370.02,-25.26,259,48,0.82222223,0.15238096,1,0,0,0,0,0,0,1,8C9AE408C4FF4F07FF031DFF33FF1B004CADE4089BFF5007030422FF4BFF0E0025C0E4088BFF5907F70325FF48FFF4FF1D0CE9E75BFE140C30184048
2026-09-12T15:23:25.7249237+00:00,90395,149214900,Connected,72,24,-123,1880,1020,-0.58897364,9.002198,4.8841715,-218,-192,-45,-0.26635054,-0.23458397,-0.054980617,3101,-6166,-419,186.06,-369.96,-25.14,273,55,0.8666667,0.17460318,1,0,0,0,0,0,0,1,B4D6E40885FF5807FC0326FF40FFD3FFA5E5E40890FF540711041FFF24FFB6FF65F8E40893FF40070E0411FFEFFE97FF1D0CEAE75DFE144437184048
2026-09-12T15:23:25.7415813+00:00,90397,149242750,Connected,72,24,-120,1837,1049,-0.5746084,8.796297,5.023035,-259,-413,-155,-0.316444,-0.50459987,-0.18937768,3100,-6173,-415,186,-370.38,-24.9,278,58,0.8825397,0.18412699,1,0,0,0,0,0,0,1,7E43E50888FF2D071904FDFE63FE65FF3E56E5086DFF27071904F1FE59FE6CFF1769E50856FF30070C04F0FE5AFE75FF1C0CE3E761FE14583A184048
2026-09-12T15:23:25.7582625+00:00,90398,149257175,Connected,72,24,-189,1808,1027,-0.90500826,8.6574335,4.9176903,-254,-417,-139,-0.31033504,-0.50948703,-0.16982901,3097,-6173,-412,185.81999,-370.38,-24.72,283,68,0.8984127,0.21587302,1,0,0,0,0,0,0,1,D77BE50843FF1007030402FF5FFE75FF978EE5084CFF0E07120421FF74FE6CFF57A1E5084EFF2807270437FF99FE64FF190CE3E764FE146C44184048
2026-09-12T15:23:25.7749103+00:00,90399,149271600,Connected,72,24,-176,1841,1065,-0.842759,8.815451,5.0996494,-174,-341,-145,-0.21259172,-0.4166309,-0.17715977,3096,-6175,-406,185.76,-370.5,-24.359999,295,100,0.93650794,0.31746033,1,0,0,0,0,0,0,1,30B4E50850FF3107290452FFABFE6FFFF0C6E5085EFF2607230477FFB1FE86FFB0D9E50860FF0A072204A2FFBBFEA0FF180CE1E76AFE149C64184048
2026-09-12T15:23:25.7915958+00:00,90400,149286000,Connected,72,24,-150,1786,1061,-0.7182605,8.552089,5.080496,-56,-305,-65,-0.06842032,-0.3726464,-0.07941645,3096,-6176,-405,185.76,-370.56,-24.3,295,100,0.93650794,0.31746033,1,0,0,0,0,0,0,1,70ECE5086AFFFA062504C8FFCFFEBFFF30FFE50876FFFD062F04E9FFDFFEE7FF0912E6087AFFFB063A040000EEFE1900180CE0E76BFE149C64184048
2026-09-12T15:23:25.8082608+00:00,90402,149314825,Connected,72,24,-200,1842,1031,-0.9576807,8.820239,4.936844,-11,-203,127,-0.0134397065,-0.24802367,0.15516752,3094,-6182,-396,185.64,-370.91998,-23.76,297,146,0.94285715,0.46349207,1,0,0,0,0,0,0,1,095DE60838FF32070704F5FF35FF7F00E26FE60839FF4D071404DFFF28FF7300A282E6084FFF4B070104C0FFD3FE5500160CDAE774FE14A492184048
2026-09-12T15:23:25.8249166+00:00,90403,149329250,Connected,72,24,-165,1852,984,-0.79008657,8.868123,4.711789,-90,-367,45,-0.109961234,-0.4483975,0.054980617,3092,-6184,-394,185.51999,-371.03998,-23.64,296,154,0.93968254,0.4888889,1,0,0,0,0,0,0,1,6295E6085BFF3C07D803A6FF91FE2D003BA8E60860FF3007DB0399FF85FE0B00FBBAE60871FF1807E50390FF88FEF2FF140CD8E776FE14A09A184048
2026-09-12T15:23:25.8415849+00:00,90404,149343675,Connected,72,24,-126,1802,1006,-0.60333884,8.628703,4.817134,-117,-342,-34,-0.14294961,-0.4178527,-0.04154091,3090,-6186,-392,185.4,-371.16,-23.519999,284,176,0.9015873,0.5587302,1,0,0,0,0,0,0,1,BBCDE60882FF0A07EE038BFFAAFEDEFF7BE0E6087AFFFF06F90389FFE0FED3FF3BF3E6087AFFF50613048CFF20FFD2FF120CD6E778FE1470B0184048
2026-09-12T15:23:25.8582442+00:00,90405,149358100,Connected,72,24,-135,1768,1047,-0.6464345,8.465898,5.0134583,-116,-162,-35,-0.14172782,-0.19793022,-0.0427627,3088,-6188,-389,185.28,-371.28,-23.34,272,194,0.8634921,0.61587304,1,0,0,0,0,0,0,1,1406E70879FFE80617048CFF5EFFDDFFD418E70875FFED06110485FF9CFFF3FF942BE70876FF0A070F0475FFE4FF1800100CD4E77BFE1440C2184048
2026-09-12T15:23:25.8749189+00:00,90406,149372525,Connected,72,24,-123,1846,1008,-0.58897364,8.839393,4.8267107,-170,67,75,-0.20770456,0.08186003,0.09163436,3089,-6190,-388,185.34,-371.4,-23.279999,262,203,0.83174604,0.64444447,1,0,0,0,0,0,0,1,6D3EE70885FF3607F00356FF43004B002D51E70858FF3307380435FFC7007400ED63E70837FF2A0775042CFFEB008600110CD2E77CFE1418CB184048
2026-09-12T15:23:25.8915875+00:00,90408,149401350,Connected,72,24,-157,1818,1054,-0.7517793,8.7053175,5.046977,-43,146,85,-0.052537035,0.17838156,0.10385228,3089,-6193,-383,185.34,-371.58,-22.98,209,227,0.6634921,0.72063494,1,0,0,0,0,0,0,1,06AFE70863FF1A071E04D5FF92005500C6C1E70856FF030725041900C1003B0086D4E7086CFFE40620046600ED001900110CCFE781FE1344E3184048
2026-09-12T15:23:25.9082593+00:00,90409,149415775,Connected,72,24,-121,1744,1074,-0.5793968,8.350976,5.142745,179,302,-22,0.21870068,0.36898103,-0.026879413,3089,-6194,-382,185.34,-371.63998,-22.92,185,229,0.5873016,0.72698414,1,0,0,0,0,0,0,1,5FE7E70887FFD0063204B3002E01EAFF1FFAE70891FFD5065704E5006F01B2FFDF0CE80896FFE5066F04F5008E018BFF110CCEE782FE12E4E5184048
2026-09-12T15:23:25.9416053+00:00,90410,149430175,Connected,72,24,-90,1773,1113,-0.4309563,8.48984,5.329493,232,402,-121,0.28345564,0.49116018,-0.14783677,3087,-6196,-380,185.22,-371.75998,-22.8,157,226,0.4984127,0.71746033,1,0,0,0,0,0,0,1,9F1FE808A6FFED065904E800920187FF7832E808A6FFED065704D4009901A2FF3845E80891FFE9065704C0008F01D1FF0F0CCCE784FE1274E2184048
2026-09-12T15:23:25.9582567+00:00,90411,149444600,Connected,72,24,-137,1728,1128,-0.6560113,8.274361,5.401319,188,360,4,0.2296968,0.43984494,0.004887166,3086,-6198,-381,185.15999,-371.88,-22.859999,95,198,0.3015873,0.62857145,1,0,0,0,0,0,0,1,F857E80877FFC0066804BC0068010400B86AE80886FFC6065404CF0022012D00917DE80888FF04072804E600F80050000E0CCAE783FE117CC6184048
2026-09-12T15:23:25.9749247+00:00,90413,149473450,Connected,72,24,-207,1879,1059,-0.9911995,8.99741,5.070919,202,295,201,0.24680188,0.36042848,0.24558009,3082,-6200,-383,184.92,-372,-22.98,45,167,0.14285715,0.53015876,1,0,0,0,0,0,0,1,AAC8E80831FF57072304CA002701C9006ADBE80837FF4E072F04C3002C01CD002AEEE80836FF4E077104B7001801D0000A0CC8E781FE10B4A7184048
2026-09-12T15:23:25.9915857+00:00,90414,149487850,Connected,72,24,-187,1873,1142,-0.89543146,8.968679,5.4683566,145,193,232,0.17715977,0.23580576,0.28345564,3083,-6200,-382,184.98,-372,-22.92,31,156,0.0984127,0.4952381,1,0,0,0,0,0,0,1,EA00E90845FF510776049100C100E800AA13E90861FF3E074C0457004B0016018326E90881FFFE0620042200E6FF55010B0CC8E782FE107C9C184048
2026-09-12T15:23:26.0083146+00:00,90415,149502275,Connected,72,24,-102,1728,1047,-0.48841715,8.274361,5.0134583,10,-81,397,0.012217915,-0.09896511,0.4850512,3083,-6199,-382,184.98,-371.94,-22.92,24,151,0.07619048,0.47936508,1,0,0,0,0,0,0,1,4339E9089AFFC00617040A00AFFF8D01034CE908A3FFC40639040C00B1FF9501C35EE908A7FF12076C04FFFFBCFF74010B0CC9E782FE106097184048
2026-09-12T15:23:26.0251238+00:00,90416,149516700,Connected,72,24,-92,1917,1131,-0.4405331,9.179369,5.415684,-72,-115,316,-0.08796899,-0.14050601,0.3860861,3082,-6198,-382,184.92,-371.88,-22.92,15,143,0.04761905,0.45396826,1,0,0,0,0,0,0,1,9C71E908A4FF7D076B04B8FF8DFF3C015C84E90892FFBE0719044DFF23FF0B011C97E9087DFFA307CC03FDFE94FEE5000A0CCAE782FE103C8F184048
2026-09-12T15:23:26.0416006+00:00,90417,149531100,Connected,72,24,-146,1902,992,-0.6991069,9.107543,4.7500963,-286,-535,203,-0.34943238,-0.65365845,0.24802367,3080,-6199,-380,184.8,-371.94,-22.8,14,142,0.044444446,0.45079365,1,0,0,0,0,0,0,1,DCA9E9086EFF6E07E003E2FEE9FDCB00B5BCE90885FF38072C04DEFE4CFDAB0075CFE908C8FF05072B04D4FEB0FC8C00080CC9E784FE10388E184048
2026-09-12T15:23:26.0582582+00:00,90419,149559950,Connected,72,24,-42,1808,1144,-0.20111294,8.6574335,5.4779334,-290,-1195,122,-0.35431954,-1.4600408,0.14905857,3070,-6198,-377,184.2,-371.88,-22.619999,6,157,0.01904762,0.4984127,1,0,0,0,0,0,0,1,8E1AEA08D6FF10077804DEFE55FB7A004E2DEA08EEFF14079304C5FEF3FA83000E40EA08E3FF46072A04A2FE91FA8D00FE0BCAE787FE10189D184048
2026-09-12T15:23:26.0749185+00:00,90420,149574350,Connected,72,24,-45,1868,1019,-0.21547815,8.944737,4.879383,-343,-1361,129,-0.41907448,-1.6628582,0.1576111,3069,-6201,-374,184.14,-372.06,-22.439999,6,168,0.01904762,0.53333336,1,0,0,0,0,0,0,1,CE52EA08D3FF4C07FB03A9FEAFFA8100A765EA08C2FF2B073204C8FE03FB72006778EA08D6FF01074504E0FE4BFB6000FD0BC7E78AFE1018A8184048
2026-09-12T15:23:26.0916033+00:00,90421,149588775,Connected,72,24,-5,1784,1110,-0.023942016,8.542512,5.315128,-269,-1109,66,-0.32866192,-1.3549668,0.08063824,3062,-6202,-372,183.72,-372.12,-22.32,7,179,0.022222223,0.568254,1,0,0,0,0,0,0,1,278BEA08FBFFF8065604F3FEABFB4200E79DEA082100E2066D0406FF2CFC2100A7B0EA084700C9069A0418FFAAFC1000F60BC6E78CFE101CB3184048
2026-09-12T15:23:26.1082467+00:00,90422,149603200,Connected,72,24,86,1735,1154,0.41180268,8.307879,5.5258174,-217,-735,15,-0.26512876,-0.89801675,0.018326873,3059,-6202,-367,183.54,-372.12,-22.02,13,205,0.041269843,0.6507937,1,0,0,0,0,0,0,1,80C3EA085600C706820427FF21FD0F0040D6EA085300C906670437FF93FD260000E9EA085700D1064F0449FFE9FD4700F30BC6E791FE1034CD184048
2026-09-12T15:23:26.1249293+00:00,90424,149632025,Connected,72,24,4,1774,1144,0.019153614,8.494628,5.4779334,-121,-59,50,-0.14783677,-0.0720857,0.061089575,3048,-6208,-355,182.87999,-372.47998,-21.3,21,226,0.06666667,0.71746033,1,0,0,0,0,0,0,1,1934EB080400EE06780487FFC5FF3200D946EB083E001D0743048AFFDEFF2200B259EB080500130748048AFFFCFF2700E80BC0E79DFE1054E2184048
2026-09-12T15:23:26.1416044+00:00,90425,149646450,Connected,72,24,7,1797,1126,0.033518825,8.604761,5.391742,-129,36,24,-0.1576111,0.043984495,0.029322997,3042,-6213,-349,182.51999,-372.78,-20.939999,31,245,0.0984127,0.7777778,1,0,0,0,0,0,0,1,726CEB080700050766047FFF24001800327FEB08FDFFD506830469FF3D00F8FFF291EB080700FA06740449FF1B00D8FFE20BBBE7A3FE107CF5184048
2026-09-12T15:23:26.1582616+00:00,90426,149660850,Connected,72,24,-14,1851,1142,-0.06703765,8.863335,5.4683566,-236,-36,-45,-0.2883428,-0.043984495,-0.054980617,3038,-6214,-345,182.28,-372.84,-20.699999,36,252,0.114285715,0.8,1,0,0,0,0,0,0,1,B2A4EB08F2FF3B07760414FFDCFFD3FF8BB7EB08F9FF4F075404D0FE8EFFE1FF64CAEB0823003A07350490FE6DFFE8FFDE0BBAE7A7FE1090FC184048
2026-09-12T15:23:26.1915956+00:00,90428,149689700,Connected,72,24,107,1790,1108,0.51235914,8.571242,5.305551,-574,11,126,-0.7013083,0.0134397065,0.15394573,3026,-6223,-336,181.56,-373.38,-20.16,49,266,0.15555556,0.84444445,1,0,0,0,0,0,0,1,6415EC086B00FE065404C2FD0B007E002428EC084A00FB06890493FD4F00D800E43AEC082B00C606E0045EFD57002501D20BB1E7B0FE10C50A184048
2026-09-12T15:23:26.2082593+00:00,90429,149704125,Connected,72,24,109,1702,1197,0.521936,8.149862,5.731719,-736,56,333,-0.8992385,0.06842032,0.40685657,3022,-6228,-331,181.31999,-373.68,-19.859999,59,276,0.18730159,0.8761905,1,0,0,0,0,0,0,1,BD4DEC086D00A606AD0420FD38004D017D60EC08BF00AA066B04F0FC4D0054013D73EC08D600A1065804D6FC8A004301CE0BACE7B5FE10ED14184048
2026-09-12T15:23:26.2249212+00:00,90430,149718525,Connected,72,24,219,1695,1106,1.0486604,8.1163435,5.2959743,-833,187,294,-1.0177523,0.228475,0.3592067,3015,-6236,-322,180.9,-374.16,-19.32,67,283,0.21269841,0.8984127,1,0,0,0,0,0,0,1,FD85EC08DB009F065204BFFCBB002601D698EC08CA00D6067204A9FCD500050196ABEC08BA00FC06760496FCC700F800C70BA4E7BEFE110D1B184048
2026-09-12T15:23:26.2415823+00:00,90431,149732950,Connected,72,24,179,1814,1156,0.8571242,8.686164,5.535394,-888,188,237,-1.0849508,0.2296968,0.28956458,3011,-6239,-316,180.65999,-374.34,-18.96,90,297,0.2857143,0.94285715,1,0,0,0,0,0,0,1,56BEEC08B3001607840488FCBC00ED0016D1EC08AE00F306870482FCAA00DC00EFE3EC08BE00B906910480FCAE00B200C30BA1E7C4FE116929184048
2026-09-12T15:23:26.2582697+00:00,90432,149747375,Connected,72,24,226,1686,1201,1.0821792,8.073248,5.7508726,-897,208,120,-1.095947,0.25413263,0.14661498,3003,-6248,-305,180.18,-374.88,-18.3,121,309,0.384127,0.9809524,1,0,0,0,0,0,0,1,AFF6EC08E2009606B1047FFCD00078006F09ED08E8009F06C40488FC030146002F1CED08C600A006B3049FFC34012800BB0B98E7CFFE11E535184048
2026-09-12T15:23:26.2750218+00:00,90433,149761775,Connected,72,24,136,1722,1245,0.6512229,8.24563,5.961562,-837,361,19,-1.0226395,0.44106674,0.023214038,3000,-6253,-300,180,-375.18,-18,128,310,0.4063492,0.984127,1,0,0,0,0,0,0,1,EF2EED088800BA06DD04BBFC69011300C841ED08B300DE061C05D1FC890113008854ED08FC00CE063F05DAFCB9013600B80B93E7D4FE120136184048
2026-09-12T15:23:26.2916115+00:00,90435,149790650,Connected,72,24,88,1722,1327,0.4213795,8.24563,6.3542113,-678,726,202,-0.8283746,0.88702065,0.24680188,2992,-6268,-284,179.51999,-376.08,-17.039999,136,314,0.43174604,0.9968254,1,0,0,0,0,0,0,1,BA9FED085800BA062F055AFDD602CA0061B2ED081D00AE06130572FD7502070121C5ED083D004306B004B1FDC7017A01B00B84E7E4FE12213A184048
2026-09-12T15:23:26.3083527+00:00,90436,149805025,Connected,72,24,126,1487,1150,0.60333884,7.120356,5.506664,-462,351,502,-0.56446767,0.4288488,0.6133393,2983,-6280,-269,178.98,-376.8,-16.14,148,314,0.46984127,0.9968254,1,0,0,0,0,0,0,1,E1D7ED087E00CF057E0432FE5F01F601BAEAED08A500CF05C104C4FE63014D027AFDED088D0001064A0529FF7D017B02A70B78E7F3FE12513A184048
2026-09-12T15:23:26.3249483+00:00,90437,149819450,Connected,72,24,98,1589,1396,0.46926352,7.608773,6.6846113,-160,363,671,-0.19548663,0.44351032,0.8198221,2980,-6286,-263,178.8,-377.16,-15.78,158,314,0.50158733,0.9968254,1,0,0,0,0,0,0,1,3A10EE0862003506740560FF6B019F02FA22EE083F0035065E0589FF6B01B702BA35EE08440016064B05C5FF8B01C302A40B72E7F9FE12793A184048
2026-09-12T15:23:26.3415947+00:00,90438,149833875,Connected,72,24,73,1549,1348,0.34955344,7.417237,6.4547677,19,463,713,0.023214038,0.56568944,0.8711373,2976,-6291,-257,178.56,-377.46,-15.42,167,314,0.53015876,0.9968254,1,0,0,0,0,0,0,1,9348EE0849000D0644051300CF01C902535BEE084A003806430550002102C302136EEE08760077062E0566009702BE02A00B6DE7FFFE129D3A184048
2026-09-12T15:23:26.3582946+00:00,90440,149862700,Connected,72,24,31,1640,1311,0.14844051,7.8529816,6.277597,-66,645,671,-0.08063824,0.78805554,0.8198221,2969,-6303,-239,178.14,-378.18,-14.34,223,282,0.7079365,0.8952381,1,0,0,0,0,0,0,1,2CB9EE081F0068061F05BEFF85029F02ECCBEE0807007F062A05C6FF86024502ACDEEE08100097064B05D6FF9102E601990B61E711FF137D1A184048
2026-09-12T15:23:26.3749220+00:00,90441,149877125,Connected,72,24,39,1703,1383,0.18674773,8.154651,6.622362,-27,694,399,-0.03298837,0.8479233,0.4874948,2966,-6306,-229,177.95999,-378.36,-13.74,248,254,0.7873016,0.8063492,1,0,0,0,0,0,0,1,85F1EE082700A7066705E5FFB6028F014504EF083700C4068905EFFF07033A010517EF083A00D706AB05FCFF6303EE00960B5EE71BFF13E0FE184048
2026-09-12T15:23:26.3916666+00:00,90442,149891525,Connected,72,24,67,1757,1439,0.320823,8.413225,6.8905125,33,938,185,0.04031912,1.1460404,0.22603142,2966,-6306,-229,177.95999,-378.36,-13.74,263,239,0.83492064,0.7587302,1,0,0,0,0,0,0,1,C529EF084300DD069F052100AA03B900853CEF082300B106B7055200ED0397005E4FEF08370086069E057F0014047E00960B5EE71BFF141CEF184048
2026-09-12T15:23:26.4082616+00:00,90443,149905950,Connected,72,24,80,1644,1433,0.38307226,7.872135,6.861782,166,1061,118,0.20281738,1.2963208,0.1441714,2966,-6306,-229,177.95999,-378.36,-13.74,283,214,0.8984127,0.6793651,1,0,0,0,0,0,0,1,1E62EF0850006C069905A60025047600DE74EF085D005D068A05C5001D048C009E87EF084F000B067D05E100F803C400960B5EE71BFF146CD6184048
2026-09-12T15:23:26.4249335+00:00,90444,149920375,Connected,72,24,102,1582,1339,0.48841715,7.575254,6.411672,269,954,274,0.32866192,1.1655891,0.33477086,2966,-6306,-229,177.95999,-378.36,-13.74,287,207,0.9111111,0.6571429,1,0,0,0,0,0,0,1,779AEF0866002E063B050D01BA03120137ADEF084B0045064F052001B0037301F7BFEF084D000B0642052C019B03DC01960B5EE71BFF147CCF184048
2026-09-12T15:23:26.4416018+00:00,90445,149934775,Connected,72,24,88,1550,1336,0.4213795,7.422025,6.397307,333,882,576,0.40685657,1.0776201,0.7037519,2964,-6310,-220,177.84,-378.6,-13.2,289,203,0.9174603,0.64444447,1,0,0,0,0,0,0,1,B7D2EF0858000E0638054D017203400290E5EF0847008D05260574014203880250F8EF08460080050605B7014D038001940B5AE724FF1484CB184048
2026-09-12T15:23:26.4582392+00:00,90446,149949200,Connected,72,24,194,1710,1346,0.92895025,8.1881695,6.445191,523,963,-146,0.63899696,1.1765852,-0.17838156,2963,-6309,-216,177.78,-378.53998,-12.96,290,197,0.9206349,0.62539685,1,0,0,0,0,0,0,1,100BF008C200AE0642050B02C3036EFFD01DF0083C017B079B05F401010499FEA930F0085D014A079D056601DB03EEFE930B5BE728FF1488C5184048
2026-09-12T15:23:26.4749192+00:00,90448,149978025,Connected,72,24,86,1629,1273,0.41180268,7.800309,6.0956373,180,787,-122,0.21992247,0.9615499,-0.14905857,2966,-6305,-210,177.95999,-378.3,-12.599999,284,181,0.9015873,0.5746032,1,0,0,0,0,0,0,1,A97BF00856005D06F904B400130386FF828EF0081D008506F804BF00C6029DFF42A1F008F0FFB6060B05CE009802A2FF960B5FE72EFF1470B5184048
2026-09-12T15:23:26.4915815+00:00,90449,149992450,Connected,72,24,-59,1741,1307,-0.2825158,8.336611,6.2584434,205,653,-90,0.25046727,0.79782987,-0.109961234,2966,-6303,-208,177.95999,-378.18,-12.48,269,168,0.85396826,0.53333336,1,0,0,0,0,0,0,1,02B4F008C5FFCD061B05CD008D02A6FFC2C6F0089DFFC7061605C8008402BAFF9BD9F00888FFBE060805CC007E02D3FF960B61E730FF1434A8184048
2026-09-12T15:23:26.5249300+00:00,90451,150021300,Connected,72,24,-117,1624,1253,-0.5602432,7.776367,5.9998693,228,559,-67,0.27856845,0.68298143,-0.08186003,2978,-6292,-207,178.68,-377.52,-12.42,223,140,0.7079365,0.44444445,1,0,0,0,0,0,0,1,B424F1088BFF5806E504E4002F02BDFF7437F108AAFF5E06D904F700FC01B2FF344AF108A2FF6A061105FE00D501B0FFA20B6CE731FF137C8C184048
2026-09-12T15:23:26.5415957+00:00,90452,150035700,Connected,72,24,-117,1616,1321,-0.5602432,7.73806,6.325481,230,307,-59,0.28101203,0.37508997,-0.0720857,2984,-6285,-204,179.04,-377.1,-12.24,223,140,0.7079365,0.44444445,1,0,0,0,0,0,0,1,F45CF1088BFF50062905E6003301C5FFCD6FF108A9FF3206CC04B9004100DCFF8D82F108AEFF2806AA04940095FFF5FFA80B73E734FF137C8C184048
2026-09-12T15:23:26.5582595+00:00,90453,150050125,Connected,72,24,-88,1555,1177,-0.4213795,7.445967,5.6359506,120,-193,22,0.14661498,-0.23580576,0.026879413,2990,-6281,-203,179.4,-376.86,-12.179999,204,132,0.64761907,0.41904762,1,0,0,0,0,0,0,1,4D95F108A8FF1306990478003FFF16000DA8F1089CFF0A06A60463002AFF3500CDBAF10882FF1006B1044B003AFF4B00AE0B77E735FF133084184048
2026-09-12T15:23:26.5749172+00:00,90454,150064550,Connected,72,24,-149,1565,1229,-0.7134721,7.493851,5.884948,55,-153,77,0.06719853,-0.1869341,0.094077945,2996,-6271,-204,179.76,-376.25998,-12.24,169,119,0.53650796,0.37777779,1,0,0,0,0,0,0,1,A6CDF1086BFF1D06CD04370067FF4D0066E0F10857FF270601051D0097FF420026F3F10845FF34060C05F7FF9BFF3C00B40B81E734FF12A477184048
2026-09-12T15:23:26.5915905+00:00,90455,150078950,Connected,72,24,-182,1590,1274,-0.8714894,7.6135616,6.1004257,-44,-124,67,-0.053758826,-0.15150215,0.08186003,3000,-6269,-203,180,-376.13998,-12.179999,130,108,0.41269842,0.34285715,1,0,0,0,0,0,0,1,E605F2084AFF3606FA04D4FF84FF4300BF18F2086BFF3E06E104D4FF7BFF63007F2BF2088BFF3806C304F1FFAAFF8200B80B83E735FF12086C184048
2026-09-12T15:23:26.6082446+00:00,90457,150107900,Connected,72,24,-145,1707,1364,-0.6943185,8.173804,6.531382,-34,45,85,-0.04154091,0.054980617,0.10385228,3011,-6261,-207,180.65999,-375.66,-12.42,55,106,0.17460318,0.33650795,1,0,0,0,0,0,0,1,FC76F2086FFFAB065405DEFF2D0055005889F2086CFFCC06380598FF070058006A9FF20848FFCE06370554FFEBFF4D00C30B8BE731FF10DC6A184048
2026-09-12T15:23:26.6249198+00:00,90458,150122200,Connected,72,24,-202,1726,1338,-0.9672575,8.264784,6.4068837,-220,-72,33,-0.26879412,-0.08796899,0.04031912,3016,-6259,-207,180.95999,-375.53998,-12.42,44,108,0.13968255,0.34285715,1,0,0,0,0,0,0,1,D8AEF20836FFBE063A0524FFB8FF2100B1C1F20844FFB00650051BFF6FFFFBFF71D4F20888FF9506D9042DFF35FFE3FFC80B8DE731FF10B06C184048
2026-09-12T15:23:26.6415745+00:00,90459,150136625,Connected,72,24,-101,1697,1315,-0.48362875,8.12592,6.2967505,-105,-71,-115,-0.1282881,-0.0867472,-0.14050601,3017,-6256,-203,181.01999,-375.36,-12.179999,44,108,0.13968255,0.34285715,1,0,0,0,0,0,0,1,31E7F2089BFFA106230597FFB9FF8DFFF1F9F208A9FFD00620062B00430010FFB10CF308CDFF1907930668002D00C2FEC90B90E735FF10B06C184048
2026-09-12T15:23:26.6582534+00:00,90460,150151050,Connected,72,24,19,1863,1547,0.090979666,8.920795,7.40766,50,-6,-366,0.061089575,-0.007330749,-0.44717568,3019,-6255,-200,181.14,-375.3,-12,30,115,0.0952381,0.36507937,1,0,0,0,0,0,0,1,8A1FF308130047070B063200FAFF92FE4A32F30820005207B105C3FF2C006CFE0A45F30812004A07810544FF14006CFECB0B91E738FF107873184048
2026-09-12T15:23:26.6749057+00:00,90462,150179875,Connected,72,24,-20,1758,1321,-0.095768064,8.418014,6.325481,-152,-604,-185,-0.18571231,-0.73796207,-0.22603142,3016,-6252,-194,180.95999,-375.12,-11.639999,11,133,0.034920637,0.42222223,1,0,0,0,0,0,0,1,2390F308ECFFDE06290568FFA4FD47FFE3A2F308DBFFCD064305A7FF25FD79FFBCB5F30894FFC4066F05BEFF80FCBEFFC80B94E73EFF102C85184048
2026-09-12T15:23:26.6915864+00:00,90463,150194300,Connected,72,24,-124,1710,1241,-0.59376204,8.1881695,5.9424086,-85,-1103,30,-0.10385228,-1.347636,0.036653746,3017,-6251,-192,181.01999,-375.06,-11.5199995,7,158,0.022222223,0.50158733,1,0,0,0,0,0,0,1,7CC8F30884FFAE06D904ABFFB1FB1E003CDBF30891FF6F066404BAFF6CFB6700FCEDF308D7FF0C0642040A0096FB9500C90B95E740FF101C9E184048
2026-09-12T15:23:26.7082423+00:00,90464,150208725,Connected,72,24,-15,1488,1204,-0.07182605,7.1251445,5.765238,110,-1003,153,0.13439706,-1.2254568,0.1869341,3015,-6251,-190,180.9,-375.06,-11.4,6,160,0.01904762,0.50793654,1,0,0,0,0,0,0,1,D500F408F1FFD005B4046E0015FC99009513F408E8FFDA052605B2008FFC78005526F408F8FFF7056205C80004FD4B00C70B95E742FF1018A0184048
2026-09-12T15:23:26.7415719+00:00,90465,150223125,Connected,72,24,12,1562,1395,0.05746084,7.479486,6.679823,188,-619,30,0.2296968,-0.75628895,0.036653746,3015,-6252,-186,180.9,-375.12,-11.16,6,160,0.01904762,0.50793654,1,0,0,0,0,0,0,1,1539F4080C001A067305BC0095FD1E00EE4BF408170046066705990038FEFAFFAE5EF4081200580652056800F2FEDEFFC70B94E746FF1018A0184048
2026-09-12T15:23:26.7582562+00:00,90468,150266625,Connected,72,24,-25,1684,1339,-0.11971009,8.063671,6.411672,-318,535,34,-0.3885297,0.65365845,0.04154091,3011,-6248,-172,180.65999,-374.88,-10.32,29,201,0.092063494,0.63809526,1,0,0,0,0,0,0,1,01E3F408E7FF94063B05C2FE17022200E0F4F408BDFF930657057DFE58023A00A007F508AFFF9A06430564FE4C023700C30B98E754FF1074C9184048
2026-09-12T15:23:26.7915900+00:00,90469,150280800,Connected,72,24,-68,1648,1272,-0.32561144,7.8912888,6.090849,-373,541,22,-0.45572823,0.6609892,0.026879413,3011,-6246,-170,180.65999,-374.75998,-10.2,60,214,0.1904762,0.6793651,1,0,0,0,0,0,0,1,601AF508BCFF7006F8048BFE1D021600392DF508B0FF5C06FD04CEFE7502FCFFF93FF508A7FF65064E05FCFEE502EBFFC30B9AE756FF10F0D6184048
2026-09-12T15:23:26.8082431+00:00,90470,150295225,Connected,72,24,-73,1634,1387,-0.34955344,7.824251,6.6415157,-245,811,-52,-0.2993389,0.9908729,-0.06353316,3013,-6247,-167,180.78,-374.81998,-10.0199995,88,222,0.2793651,0.7047619,1,0,0,0,0,0,0,1,B952F508B7FF62066B050BFF2B03CCFF7965F508DCFF650674050BFF56038DFF5278F5081A005D0673050DFF2B034DFFC50B99E759FF1160DE184048
2026-09-12T15:23:26.8249130+00:00,90471,150309650,Connected,72,24,48,1688,1360,0.22984336,8.082825,6.5122285,-226,719,-197,-0.27612486,0.8784681,-0.24069293,3013,-6248,-166,180.78,-374.88,-9.96,132,232,0.41904762,0.73650795,1,0,0,0,0,0,0,1,128BF5083000980650051EFFCF023BFFD29DF5082400E306180535FF720241FF92B0F5082D00EB06E60453FF0B024FFFC50B98E75AFF1210E8184048
2026-09-12T15:23:26.8415758+00:00,90473,150338500,Connected,72,24,21,1706,1309,0.10055647,8.169016,6.26802,117,-4,-171,0.14294961,-0.004887166,-0.20892635,3017,-6248,-158,181.01999,-374.88,-9.48,153,239,0.4857143,0.7587302,1,0,0,0,0,0,0,1,C4FBF5081500AA061D057500FCFF55FF840EF6082E0097061B059700C3FF86FF4421F6081C008B0635059400D9FFD8FFC90B98E762FF1264EF184048
2026-09-12T15:23:26.8582386+00:00,90474,150352900,Connected,72,24,27,1642,1361,0.12928689,7.8625584,6.517017,146,4,24,0.17838156,0.004887166,0.029322997,3019,-6246,-154,181.14,-374.75998,-9.24,166,245,0.52698416,0.7777778,1,0,0,0,0,0,0,1,0434F6081B006A065105920004001800DD46F60821006106510589002B0043009D59F608250069063805780060006E00CB0B9AE766FF1298F5184048
2026-09-12T15:23:26.8749304+00:00,90475,150367325,Connected,72,24,-10,1652,1334,-0.047884032,7.9104424,6.38773,105,170,151,0.1282881,0.20770456,0.18449052,3023,-6246,-154,181.37999,-374.75998,-9.24,179,252,0.568254,0.8,1,0,0,0,0,0,0,1,5D6CF608F6FF740636056900AA0097001D7FF608B1FF690646056000D600B500F691F60877FF5D062B055900D000C700CF0B9AE766FF12CCFC184048
2026-09-12T15:23:26.8915824+00:00,90476,150381750,Connected,72,24,-177,1636,1308,-0.8475474,7.833828,6.2632318,82,194,204,0.1001869,0.23702756,0.24924546,3028,-6245,-152,181.68,-374.69998,-9.12,191,259,0.60634923,0.82222223,1,0,0,0,0,0,0,1,B6A4F6084FFF64061C055200C200CC0076B7F6086CFF670611054F00B800DB004FCAF60896FF610606056000C700F300D40B9BE768FF12FD03184048
2026-09-12T15:23:26.9082564+00:00,90478,150410600,Connected,72,24,-98,1588,1312,-0.46926352,7.603985,6.2823853,143,401,339,0.17471619,0.48993838,0.4141873,3036,-6246,-152,182.15999,-374.75998,-9.12,235,265,0.74603176,0.84126985,1,0,0,0,0,0,0,1,6815F7089EFF340620058F00910153014128F70881FF4C061E057700B7013B01E83AF7084FFF70060E056100C4011F01DC0B9AE768FF13AD09184048
2026-09-12T15:23:26.9249217+00:00,90479,150425025,Connected,72,24,-215,1650,1287,-1.0295067,7.9008656,6.1626754,73,439,264,0.08919078,0.53636646,0.32255295,3039,-6246,-153,182.34,-374.75998,-9.179999,250,258,0.7936508,0.81904763,1,0,0,0,0,0,0,1,C14DF70829FF720607054900B70108018160F70815FF7806F20435008A01F4004173F70823FF7E06EF042D005401D400DF0B9AE767FF13E902184048
2026-09-12T15:23:26.9416293+00:00,90480,150439425,Connected,72,24,-181,1658,1274,-0.866701,7.9391727,6.1004257,46,295,178,0.056202408,0.36042848,0.21747889,3039,-6246,-154,182.34,-374.75998,-9.24,263,251,0.83492064,0.7968254,1,0,0,0,0,0,0,1,0186F7084BFF7A06FA042E002701B200DA98F7086DFF6506FF043400FF00A0009AABF7089FFF5706FA044400E200A500DF0B9AE766FF141CFB184048
2026-09-12T15:23:26.9582708+00:00,90481,150453850,Connected,72,24,-86,1629,1285,-0.41180268,7.800309,6.1530986,96,226,176,0.11729199,0.27612486,0.2150353,3042,-6241,-153,182.51999,-374.46,-9.179999,272,245,0.8634921,0.7777778,1,0,0,0,0,0,0,1,5ABEF708AAFF5D0605056000E200B0001AD1F708A2FF66062F057C00E700B000F3E3F70891FF57063E058C00DD00A700E20B9FE767FF1440F5184048
2026-09-12T15:23:26.9750181+00:00,90482,150468275,Connected,72,24,-118,1571,1332,-0.5650316,7.5225816,6.3781533,152,200,150,0.18571231,0.2443583,0.18326873,3044,-6240,-154,182.64,-374.4,-9.24,279,240,0.8857143,0.7619048,1,0,0,0,0,0,0,1,B3F6F7088AFF230634059800C80096007309F80896FF0F062B05AF00C1007F004C1CF808ABFF06062805D600C0007800E40BA0E766FF145CF0184048
2026-09-12T15:23:26.9915879+00:00,90484,150497100,Connected,72,24,-26,1637,1356,-0.12449849,7.8386164,6.493075,301,418,166,0.36775923,0.51070887,0.20281738,3045,-6236,-159,182.7,-374.16,-9.54,299,223,0.94920635,0.7079365,1,0,0,0,0,0,0,1,4C67F808E6FF65064C052D01A201A600257AF80802007C0619050701F901A100E58CF808F4FF9C06D104CF004F02AA00E50BA4E761FF14ACDF184048
2026-09-12T15:23:27.0250279+00:00,90485,150511525,Connected,72,24,-55,1701,1181,-0.2633622,8.145074,5.6551046,150,671,192,0.18326873,0.8198221,0.23458397,3049,-6233,-160,182.94,-373.97998,-9.599999,304,212,0.96507937,0.6730159,1,0,0,0,0,0,0,1,A59FF808C9FFA5069D0496009F02C0007EB2F80898FFA7068F046600DB02CB003EC5F8086AFFAA0690045100EE02CB00E90BA7E760FF14C0D4184048
2026-09-12T15:23:27.0416943+00:00,90486,150525975,Connected,72,24,-188,1718,1202,-0.90021986,8.226477,5.755661,77,757,193,0.094077945,0.9248962,0.23580576,3048,-6231,-161,182.87999,-373.86,-9.66,308,191,0.9777778,0.60634923,1,0,0,0,0,0,0,1,17D8F80844FFB606B2044D00F502C100BEEAF8083FFFB206DF044B00E602AB0097FDF80847FFA406D5044C00B3029400E80BA9E75FFF14D0BF184048
2026-09-12T15:23:27.0582828+00:00,90487,150540375,Connected,72,24,-169,1667,1235,-0.80924016,7.9822683,5.913678,88,649,129,0.10751765,0.7929427,0.1576111,3050,-6227,-165,183,-373.62,-9.9,307,178,0.9746032,0.5650794,1,0,0,0,0,0,0,1,5710F90857FF8306D3045800890281001723F90873FF7406E304710075027500D735F90894FF7306FF04860062027700EA0BADE75BFF14CCB2184048
2026-09-12T15:23:27.0749100+00:00,90489,150569850,Connected,72,24,-212,1687,1341,-1.0151415,8.078036,6.421249,175,624,180,0.21381351,0.7623979,0.21992247,3054,-6215,-171,183.23999,-372.9,-10.26,275,143,0.8730159,0.45396826,1,0,0,0,0,0,0,1,7A83F9082CFF97063D05AF007002B400B093F9083EFFB006C804A300B502B40089A6F90872FF8E066204CF008102C600EE0BB9E755FF144C8F184048
2026-09-12T15:23:27.0915772+00:00,90490,150583625,Connected,72,24,-140,1647,1162,-0.6703765,7.8865004,5.5641246,280,545,202,0.3421016,0.6658764,0.24680188,3056,-6213,-172,183.36,-372.78,-10.32,251,132,0.7968254,0.41904762,1,0,0,0,0,0,0,1,49B9F90874FF6F068A0418012102CA009FCCF90864FF43069A045B019601C300C9DEF9085BFF3006CA048C013801AD00F00BBBE754FF13EC84184048
2026-09-12T15:23:27.1082560+00:00,90491,150598050,Connected,72,24,-144,1596,1247,-0.6895301,7.642292,5.971139,419,266,158,0.51193064,0.32499653,0.19304305,3058,-6208,-174,183.48,-372.47998,-10.44,236,123,0.74920636,0.3904762,1,0,0,0,0,0,0,1,A2F1F90870FF3C06DF04A3010A019E006204FA087DFF6306E404B3010D0196002217FA0877FF8406E804BA0117019600F20BC0E752FF13B07B184048
2026-09-12T15:23:27.1249139+00:00,90492,150612450,Connected,72,24,-150,1684,1236,-0.7182605,8.063671,5.9184666,435,287,149,0.5314793,0.35065416,0.18204693,3062,-6203,-178,183.72,-372.18,-10.679999,223,115,0.7079365,0.36507937,1,0,0,0,0,0,0,1,E229FA086AFF9406D404B3011F019500BB3CFA0865FFAC06BD04B001220193007B4FFA0865FFBB06A204A70126018D00F60BC5E74EFF137C73184048
2026-09-12T15:23:27.1415750+00:00,90493,150626875,Connected,72,24,-175,1792,1196,-0.8379706,8.580819,5.7269306,403,302,137,0.49238196,0.36898103,0.16738543,3063,-6200,-180,183.78,-372,-10.8,197,100,0.62539685,0.31746033,1,0,0,0,0,0,0,1,3B62FA0851FF0007AC0493012E018900FB74FA081FFF3F07D004680137018400D487FA0806FF4E07CC042D0120017900F70BC8E74CFF131464184048
2026-09-12T15:23:27.1582992+00:00,90495,150655725,Connected,72,24,-144,1778,1253,-0.6895301,8.513782,5.9998693,182,170,95,0.22236605,0.20770456,0.11607019,3069,-6191,-188,184.14,-371.46,-11.28,173,90,0.5492064,0.2857143,1,0,0,0,0,0,0,1,EDD2FA0870FFF206E504B600AA005F00ADE5FA0865FFDE06EF04B700850073006DF8FA084EFFDB06F504B80061008400FD0BD1E744FF12B45A184048
2026-09-12T15:23:27.1749068+00:00,90496,150670125,Connected,72,24,-197,1732,1251,-0.94331545,8.293514,5.9902925,180,61,146,0.21992247,0.07452928,0.17838156,3072,-6187,-194,184.31999,-371.22,-11.639999,164,86,0.52063495,0.2730159,1,0,0,0,0,0,0,1,2D0BFB083BFFC406E304B4003D009200ED1DFB082EFFC706DD04B90024009100C630FB082CFFCD06DE04BD0001008D00000CD5E73EFF129056184048
2026-09-12T15:23:27.1915783+00:00,90497,150684550,Connected,72,24,-225,1741,1245,-1.0773908,8.336611,5.961562,189,-34,132,0.23091859,-0.04154091,0.16127647,3073,-6185,-195,184.37999,-371.1,-11.7,148,79,0.46984127,0.25079367,1,0,0,0,0,0,0,1,8643FB081FFFCD06DD04BD00DEFF84004656FB0816FFE506D204BA00C3FF72001F69FB081BFFF906D404A800A0FF5A00010CD7E73DFF12504F184048
2026-09-12T15:23:27.2082424+00:00,90498,150698975,Connected,72,24,-220,1788,1219,-1.0534488,8.561666,5.837064,136,-126,63,0.16616364,-0.15394573,0.076972865,3073,-6180,-198,184.37999,-370.8,-11.88,138,77,0.43809524,0.24444444,1,0,0,0,0,0,0,1,DF7BFB0824FFFC06C304880082FF3F00B88EFB082DFFFE06B404650066FF2B005FA1FB0828FF0D07A2044B0055FF1F00010CDCE73AFF12284D184048
2026-09-12T15:23:27.2249051+00:00,90499,150713500,Connected,72,24,-247,1814,1171,-1.1827357,8.686164,5.60722,58,-183,27,0.07086391,-0.22358784,0.03298837,3071,-6177,-201,184.26,-370.62,-12.059999,130,76,0.41269842,0.24126984,1,0,0,0,0,0,0,1,9CB4FB0809FF160793043A0049FF1B00F8C6FB08F0FE1607A404290037FF1000D1D9FB08EBFE0C07B904050010FFF7FFFF0BDFE737FF12084C184048
2026-09-12T15:23:27.2415660+00:00,90501,150742225,Connected,72,24,-299,1814,1173,-1.4317327,8.686164,5.616797,-128,-488,-201,-0.15638931,-0.59623426,-0.24558009,3073,-6174,-206,184.37999,-370.44,-12.36,90,79,0.2857143,0.25079367,1,0,0,0,0,0,0,1,D124FC08D5FE1607950480FF18FE37FF9137FC08FFFED70698047BFFE1FD02FF514AFC0813FF8006A5047EFFADFDD1FE010CE2E732FF11684F184048
2026-09-12T15:23:27.2582441+00:00,90502,150756650,Connected,72,24,-215,1562,1228,-1.0295067,7.479486,5.8801594,-136,-622,-363,-0.16616364,-0.75995433,-0.44351032,3073,-6175,-208,184.37999,-370.5,-12.48,90,79,0.2857143,0.25079367,1,0,0,0,0,0,0,1,2A5DFC0829FF1A06CC0478FF92FD95FEEA6FFC086AFFE605FB043CFFCDFD41FEAA82FC08B5FF18060B05C1FE6DFEF5FD010CE1E730FF11684F184048
2026-09-12T15:23:27.2749058+00:00,90503,150771050,Connected,72,24,-38,1639,1278,-0.18195933,7.848193,6.1195793,-452,-230,-547,-0.5522497,-0.28101203,-0.66831994,3071,-6175,-213,184.26,-370.5,-12.78,73,87,0.23174603,0.2761905,1,0,0,0,0,0,0,1,6A95FC08DAFF6706FE043CFE1AFFDDFD43A8FC08B4FFDA06FE04EFFD87FF15FE03BBFC0864FF0507E6040BFE66FF8FFEFF0BE1E72BFF112457184048
2026-09-12T15:23:27.3082415+00:00,90505,150799900,Connected,72,24,-74,1631,1206,-0.35434186,7.809886,5.7748146,166,-354,-96,0.20281738,-0.4325142,-0.11729199,3072,-6176,-211,184.31999,-370.56,-12.66,21,118,0.06666667,0.37460318,1,0,0,0,0,0,0,1,1C06FD08B6FF5F06B604A6009EFEA0FFDC18FD08C1FFA706FA04DE00EDFEC2FF9C2BFD08B2FFF606DA04CB001CFFECFF000CE0E72DFF105476184048
2026-09-12T15:23:27.3249056+00:00,90506,150814300,Connected,72,24,-149,1840,1195,-0.7134721,8.810662,5.722142,165,-181,24,0.20159559,-0.22114426,0.029322997,3073,-6176,-211,184.37999,-370.56,-12.66,12,128,0.03809524,0.4063492,1,0,0,0,0,0,0,1,5C3EFD086BFF3007AB04A5004BFF18003551FD0849FFF0066F048D0070FF5000F563FD085EFF63065604B600AFFF9200010CE0E72DFF103080184048
2026-09-12T15:23:27.3415650+00:00,90507,150828725,Connected,72,24,-119,1543,1123,-0.56982,7.3885064,5.377377,288,-17,217,0.35187596,-0.020770455,0.26512876,3073,-6177,-209,184.37999,-370.62,-12.54,10,130,0.031746034,0.41269842,1,0,0,0,0,0,0,1,B576FD0889FF070663042001EFFFD9007589FD08B9FFF60573048B0149001E014E9CFD08DCFF0B068504D301D0003E01010CDFE72FFF102882184048
2026-09-12T15:23:27.3582274+00:00,90508,150843675,Connected,72,24,-26,1601,1187,-0.12449849,7.666234,5.683835,506,313,322,0.61822647,0.38242075,0.39341685,3073,-6177,-209,184.37999,-370.62,-12.54,10,131,0.031746034,0.41587302,1,0,0,0,0,0,0,1,1BB1FD08E6FF4106A304FA0139014201CEC1FD08E2FF8206AE0403026B015A018ED4FD08C8FFB2068A04FC0194018C01010CDFE72FFF102883184048
2026-09-12T15:23:27.3749072+00:00,90509,150857575,Connected,72,24,-43,1775,1132,-0.20590134,8.499416,5.4204726,492,469,442,0.6011214,0.5730202,0.54003185,3073,-6178,-209,184.37999,-370.68,-12.54,10,131,0.031746034,0.41587302,1,0,0,0,0,0,0,1,67E7FD08D5FFEF066C04EC01D501BA0127FAFD08BFFF04078004DC011B02E101E70CFE08BFFF04078D04C9013302F901010CDEE72FFF102883184048
2026-09-12T15:23:27.3915704+00:00,90511,150886425,Connected,72,24,-92,1854,1197,-0.4405331,8.8777,5.731719,255,594,471,0.31155682,0.7257441,0.5754638,3074,-6175,-209,184.44,-370.5,-12.54,10,133,0.031746034,0.42222223,1,0,0,0,0,0,0,1,1958FE08A4FF3E07AD04FF005202D701C06AFE08A2FF45077504BB002802C501997DFE0893FF3E074A0487000B02B201020CE1E72FFF102885184048
2026-09-12T15:23:27.4082413+00:00,90512,150900825,Connected,72,24,-143,1816,1070,-0.6847417,8.695741,5.1235914,106,524,417,0.1295099,0.64021873,0.50948703,3074,-6174,-211,184.44,-370.44,-12.66,83,85,0.26349208,0.26984128,1,0,0,0,0,0,0,1,5990FE0871FF18072E046A000C02A10119A3FE084AFFF1064404600021029601D9B5FE0824FFDE065404600024028301020CE2E72DFF114C55184048
2026-09-12T15:23:27.4249070+00:00,90513,150915250,Connected,72,24,-231,1752,1111,-1.1061212,8.389283,5.3199162,103,541,354,0.12584452,0.6609892,0.4325142,3074,-6173,-210,184.44,-370.38,-12.599999,100,76,0.31746033,0.24126984,1,0,0,0,0,0,0,1,B2C8FE0819FFD806570467001D02620172DBFE0802FFE4065004720004023B0132EEFE08DEFEF40643048200D2010D01020CE3E72EFF11904C184048
2026-09-12T15:23:27.4415802+00:00,90514,150929650,Connected,72,24,-299,1802,1095,-1.4317327,8.628703,5.243302,140,413,209,0.1710508,0.50459987,0.25535443,3074,-6169,-211,184.44,-370.13998,-12.66,119,63,0.37777779,0.2,1,0,0,0,0,0,0,1,F200FF08D5FE0A0747048C009D01D100CB13FF08E6FE0C0739048700630189008B26FF0815FF03073604770022014700020CE7E72DFF11DC3F184048
2026-09-12T15:23:27.4582218+00:00,90516,150958500,Connected,72,24,-255,1946,1125,-1.2210429,9.3182335,5.386954,-86,180,-151,-0.10507407,0.21992247,-0.18449052,3073,-6161,-217,184.37999,-369.66,-13.0199995,153,44,0.4857143,0.13968255,1,0,0,0,0,0,0,1,A471FF0801FF9A076504AAFFB40069FF6484FF08F0FE98077A045AFF940025FF2497FF08F8FE6C07590426FF4B00EBFE010CEFE727FF12642C184048
2026-09-12T15:23:27.4749035+00:00,90517,150972925,Connected,72,24,-248,1811,1113,-1.1875241,8.671799,5.329493,-229,9,-318,-0.27979025,0.010996124,-0.3885297,3072,-6158,-219,184.31999,-369.47998,-13.139999,158,42,0.50158733,0.13333334,1,0,0,0,0,0,0,1,FDA9FF0808FF130759041BFF0900C2FEBDBCFF0811FFCA0674042DFFD4FFAFFE7DCFFF0807FFCB06920458FFACFFABFE000CF2E725FF12782A184048
2026-09-12T15:23:27.4915734+00:00,90518,150987325,Connected,72,24,-264,1760,1195,-1.2641385,8.42759,5.722142,-115,-116,-334,-0.14050601,-0.14172782,-0.40807837,3072,-6154,-224,184.31999,-369.24,-13.44,179,44,0.568254,0.13968255,1,0,0,0,0,0,0,1,3DE2FF08F8FEE006AB048DFF8CFFB2FE16F5FF08F2FEE506AF04BCFF6FFFBAFED6070009F6FECE06A104E2FF54FFBFFE000CF6E720FF12CC2C184048
2026-09-12T15:23:27.5082380+00:00,90519,151001750,Connected,72,24,-256,1733,1171,-1.2258313,8.298303,5.60722,2,-193,-317,0.002443583,-0.23580576,-0.3873079,3073,-6152,-225,184.37999,-369.12,-13.5,183,47,0.5809524,0.14920636,1,0,0,0,0,0,0,1,961A000900FFC506930402003FFFC3FE562D0009F2FEB5069004200029FFC9FE16400009D2FEAA0697044200FEFEC0FE010CF8E71FFF12DC2F184048
2026-09-12T15:23:27.5415731+00:00,90521,151030575,Connected,72,24,-229,1724,1170,-1.0965444,8.255207,5.602432,94,-480,-441,0.1148484,-0.58645993,-0.5388101,3072,-6150,-229,184.31999,-369,-13.74,192,61,0.60952383,0.1936508,1,0,0,0,0,0,0,1,2F8B00091BFFBC0692045E0020FE47FE089E0009F4FEC706A604590033FE4BFEC8B00009D0FEF506AF04530050FE58FE000CFAE71BFF13003D184048
2026-09-12T15:23:27.5582615+00:00,90523,151059425,Connected,72,24,-182,1753,1208,-0.8714894,8.394072,5.7843914,124,-407,-338,0.15150215,-0.49726912,-0.41296554,3076,-6150,-230,184.56,-369,-13.799999,195,65,0.61904764,0.20634921,1,0,0,0,0,0,0,1,E1FB00094AFFD906B8047C0069FEAEFEA10E010944FFAB06D3046A008CFECAFE612101092BFF9706DC044D009DFECFFE040CFAE71AFF130C41184048
2026-09-12T15:23:27.5915713+00:00,90524,151073825,Connected,72,24,-230,1670,1228,-1.1013328,7.9966335,5.8801594,30,-352,-312,0.036653746,-0.4300706,-0.38119894,3078,-6150,-231,184.68,-369,-13.86,199,69,0.63174605,0.21904762,1,0,0,0,0,0,0,1,213401091AFF8606CC041E00A0FEC8FEFA46010918FF5306D304E5FFB3FEBDFEBA5901090DFF4B06C504A9FFCBFEA2FE060CFAE719FF131C45184048
2026-09-12T15:23:27.6082259+00:00,90525,151088250,Connected,72,24,-212,1749,1181,-1.0151415,8.374918,5.6551046,-146,-281,-390,-0.17838156,-0.3433234,-0.4764987,3081,-6151,-229,184.86,-369.06,-13.74,226,77,0.71746033,0.24444444,1,0,0,0,0,0,0,1,7A6C01092CFFD5069D046EFFE7FE7AFE3A7F01093CFF57079E044CFFEAFE64FE139201093FFFC107B0042EFFD9FE72FE090CF9E71BFF13884D184048
2026-09-12T15:23:27.6249084+00:00,90527,151117100,Connected,72,24,-110,1772,1099,-0.5267244,8.485051,5.2624555,-405,-285,-307,-0.49482554,-0.34821057,-0.37508997,3086,-6160,-227,185.15999,-369.6,-13.62,248,80,0.7873016,0.25396827,1,0,0,0,0,0,0,1,2CDD010992FFEC064B046BFEE3FECDFEECEF010991FFBB0610045BFE03FFE1FEAC02020976FFAA06EF036FFE33FFFBFE0E0CF0E71DFF13E050184048
2026-09-12T15:23:27.6415673+00:00,90528,151131500,Connected,72,24,-184,1696,1004,-0.8810662,8.121132,4.807557,-360,-153,-227,-0.43984494,-0.1869341,-0.27734667,3088,-6162,-227,185.28,-369.72,-13.62,275,83,0.8730159,0.26349208,1,0,0,0,0,0,0,1,6C15020948FFA006EC0398FE67FF1DFF4528020910FFB706F703BCFEA0FF31FF053B0209EDFEE5062004D6FEBEFF36FF100CEEE71DFF144C53184048
2026-09-12T15:23:27.6582346+00:00,90529,151145925,Connected,72,24,-289,1785,1058,-1.3838485,8.5473,5.0661306,-273,-79,-200,-0.33354908,-0.09652153,-0.2443583,3091,-6165,-226,185.45999,-369.9,-13.559999,281,85,0.8920635,0.26984128,1,0,0,0,0,0,0,1,C54D0209DFFEF9062204EFFEB1FF38FF9E600209C6FE30073E04EFFEB7FF3AFF5E730209B8FE74075F04EAFEB3FF36FF130CEBE71EFF146455184048
2026-09-12T15:23:27.6748897+00:00,90530,151160425,Connected,72,24,-335,1913,1142,-1.6041151,9.160215,5.4683566,-271,-115,-200,-0.3311055,-0.14050601,-0.2443583,3092,-6168,-225,185.51999,-370.08,-13.5,287,87,0.9111111,0.2761905,1,0,0,0,0,0,0,1,69860209B1FE79077604F1FE8DFF38FFDE980209C6FE48078B04FAFE63FF44FFB7AB0209EBFE0B07A00404FF47FF54FF140CE8E71FFF147C57184048
2026-09-12T15:23:27.6915680+00:00,90531,151174850,Connected,72,24,-241,1741,1242,-1.1540052,8.336611,5.947197,-253,-195,-153,-0.30911323,-0.23824935,-0.1869341,3096,-6173,-222,185.76,-370.38,-13.32,292,90,0.92698413,0.2857143,1,0,0,0,0,0,0,1,C2BE02090FFFCD06DA0403FF3DFF67FF37D1020922FFB106F504FBFE26FF78FFF7E3020930FFA9061105F7FE06FF81FF180CE3E722FF14905A184048
2026-09-12T15:23:27.7082623+00:00,90533,151203600,Connected,72,24,-119,1731,1146,-0.56982,8.288726,5.48751,-204,-340,-37,-0.24924546,-0.41540912,-0.045206286,3097,-6177,-219,185.81999,-370.62,-13.139999,303,111,0.96190476,0.35238096,1,0,0,0,0,0,0,1,102F030989FFC3067A0434FFACFEDBFFD041030982FFF20662045FFFCCFE0E00A95403095DFF1607600488FFEDFE3800190CDFE725FF14BC6F184048
2026-09-12T15:23:27.7248965+00:00,90534,151218025,Connected,72,24,-209,1818,1128,-1.0007763,8.7053175,5.401319,-86,-269,81,-0.10507407,-0.32866192,0.09896511,3096,-6182,-215,185.76,-370.91998,-12.9,306,130,0.9714286,0.41269842,1,0,0,0,0,0,0,1,696703092FFF1A076804AAFFF3FE5100297A030902FF12075304CBFFEBFE5F00E98C0309AAFE18074904EDFFFCFE5F00180CDAE729FF14C882184048
2026-09-12T15:23:27.7415580+00:00,90535,151232425,Connected,72,24,-433,1829,1124,-2.0733786,8.75799,5.3821654,24,-242,77,0.029322997,-0.29567355,0.094077945,3097,-6184,-212,185.81999,-371.03998,-12.719999,306,139,0.9714286,0.44126984,1,0,0,0,0,0,0,1,A99F03094FFE2507640418000EFF4D0082B203090EFE28079404500003FF240042C50309E4FD3607C8047E00D3FEE9FF190CD8E72CFF14C88B184048
2026-09-12T15:23:27.7582458+00:00,90536,151246850,Connected,72,24,-575,1852,1282,-2.753332,8.868123,6.1387334,147,-351,-87,0.17960335,-0.4288488,-0.10629586,3096,-6188,-211,185.76,-371.28,-12.66,306,139,0.9714286,0.44126984,1,0,0,0,0,0,0,1,02D80309C1FD3C0702059300A1FEA9FFC2EA0309C8FD3907320596006BFE70FF9BFD0309E0FD010774058F0041FE2CFF180CD4E72DFF14C88B184048
2026-09-12T15:23:27.7749268+00:00,90538,151275700,Connected,72,24,-130,1652,1548,-0.62249243,7.9104424,7.4124484,-220,-577,-417,-0.26879412,-0.7049737,-0.50948703,3096,-6190,-207,185.76,-371.4,-12.42,300,162,0.95238096,0.51428574,1,0,0,0,0,0,0,1,B44804097EFF74060C0624FFBFFD5FFE745B04099CFF5406C805E6FEE0FD7EFE346E04098FFF39069605D1FE0FFEACFE180CD2E731FF14B0A2184048
2026-09-12T15:23:27.8082361+00:00,90539,151290100,Connected,72,24,-124,1552,1425,-0.59376204,7.431602,6.823475,-306,-467,-291,-0.3738682,-0.5705766,-0.35554132,3095,-6192,-206,185.7,-371.52,-12.36,286,183,0.9079365,0.5809524,1,0,0,0,0,0,0,1,F480040984FF10069105CEFE2DFEDDFEB49304098CFFE8059705D1FE27FEFDFE8DA60409B8FFD0058805C8FE16FE0EFF170CD0E732FF1478B7184048
2026-09-12T15:23:27.8248969+00:00,90541,151318950,Connected,72,24,143,1702,1523,0.6847417,8.149862,7.2927384,-489,-537,-44,-0.59745604,-0.656102,-0.053758826,3096,-6196,-201,185.76,-371.75998,-12.059999,273,207,0.8666667,0.6571429,1,0,0,0,0,0,0,1,A6F104098F00A606F30517FEE7FDD4FF66040509CB00B006E905BBFDB6FD320026170509FD00A606C50564FDB1FD9800180CCCE737FF1444CF184048
2026-09-12T15:23:27.8415576+00:00,90542,151333450,Connected,72,24,284,1704,1435,1.3599066,8.159439,6.871359,-738,-554,270,-0.90168214,-0.6768725,0.3298837,3095,-6199,-201,185.7,-371.94,-12.059999,262,221,0.83174604,0.7015873,1,0,0,0,0,0,0,1,4A2A05091C01A8069B051EFDD6FD0E01BF3C0509BE005B068505F1FCFEFD83017F4F0509130057060605D1FC0CFEC901170CC9E737FF1418DD184048
2026-09-12T15:23:27.8582290+00:00,90543,151347775,Connected,72,24,-82,1703,1166,-0.39264908,8.154651,5.583278,-841,-469,486,-1.0275266,-0.5730202,0.59379065,3092,-6203,-196,185.51999,-372.18,-11.759999,0,0,0,0,0,0,0,0,0,0,0,1,3F620509AEFFA7068E04B7FC2BFEE601FF74050961FFEF067704B6FC6AFEF401D88705093EFF1C07BA04C1FC86FEED01140CC5E73CFF000000184048
2026-09-12T15:23:27.8748986+00:00,90544,151362200,Connected,72,24,-211,1852,1277,-1.0103531,8.868123,6.114791,-842,-380,481,-1.0287484,-0.46428075,0.5876817,3093,-6207,-194,185.58,-372.41998,-11.639999,0,0,0,0,0,0,0,0,0,0,0,1,989A05092DFF3C07FD04B6FC84FEE10158AD050928FF2407630592FC6AFECF0118C0050938FF0607B70558FC2FFEB301150CC1E73EFF200000184048
2026-09-12T15:23:27.8915690+00:00,90545,151376625,Connected,72,24,-110,1792,1492,-0.5267244,8.580819,7.144298,-1018,-558,409,-1.2437837,-0.68175966,0.4997127,3087,-6214,-187,185.22,-372.84,-11.219999,0,0,0,0,0,0,0,0,0,0,0,1,F1D2050992FF0007D40506FCD2FD9901B1E50509D7FFB5065505B2FB72FD930171F80509ECFF40068C0491FB3FFD95010F0CBAE745FF200000184048
2026-09-12T15:23:27.9082342+00:00,90546,151391025,Connected,72,24,-4,1507,1042,-0.019153614,7.216124,4.9895163,-1092,-716,411,-1.3341963,-0.8748027,0.5021563,3082,-6220,-185,184.92,-373.19998,-11.099999,0,0,0,0,0,0,0,0,0,0,0,1,310B0609FCFFE3051204BCFB34FD9B010A1E0609F6FF7105C70325FC3AFDAE01CA300609F4FFEE046D03C6FC74FDBA010A0CB4E747FF200000184048
2026-09-12T15:23:27.9248985+00:00,90547,151405450,Connected,72,24,-49,1160,766,-0.23463176,5.554548,3.667917,-622,-529,435,-0.75995433,-0.6463277,0.5314793,3076,-6231,-178,184.56,-373.86,-10.679999,0,0,0,0,0,0,0,0,0,0,0,1,8A430609CFFF8804FE0292FDEFFDB3014A560609B3FFB604E40270FE9AFE840123690609BAFFF9041D0333FF20FF4D01040CA9E74EFF200000184048
2026-09-12T15:23:27.9415657+00:00,90549,151434275,Connected,72,24,-102,1468,1372,-0.48841715,7.029376,6.5696893,113,17,194,0.13806243,0.020770455,0.23702756,3065,-6246,-168,183.9,-374.75998,-10.08,0,0,0,0,0,0,0,0,0,0,0,1,23B406099AFFBC055C0571001100C200FCC60609A8FFBF057B055F0016009000BCD90609BAFFC805790548001A006200F90B9AE758FF200000184048
2026-09-12T15:23:27.9585939+00:00,90550,151448700,Connected,72,24,-91,1521,1408,-0.4357447,7.2831616,6.742072,53,26,60,0.06475495,0.03176658,0.07330749,3062,-6250,-166,183.72,-375,-9.96,0,0,0,0,0,0,0,0,0,0,0,1,7CEC0609A5FFF105800535001A003C003CFF06096FFF30066B051E0005001F001512070941FF680659050700EDFF0100F60B96E75AFF200000184048
2026-09-12T15:23:27.9749413+00:00,90551,151463125,Connected,72,24,-173,1664,1373,-0.8283938,7.967903,6.5744777,-11,-38,-29,-0.0134397065,-0.046428077,-0.035431955,3059,-6255,-163,183.54,-375.3,-9.78,0,0,0,0,0,0,0,0,0,0,0,1,D524070953FF80065D05F5FFDAFFE3FF9537070994FF69067E05E5FFDAFFD2FF6E4A0709B9FF57069405CEFFEEFFCCFFF30B91E75DFF200000184048
2026-09-12T15:23:27.9915529+00:00,90552,151477550,Connected,72,24,-88,1605,1443,-0.4213795,7.6853876,6.909666,-71,20,-55,-0.0867472,0.02443583,-0.06719853,3050,-6267,-157,183,-376.02,-9.42,0,0,0,0,0,0,0,0,0,0,0,1,2E5D0709A8FF4506A305B9FF1400C9FFEE6F070982FF3F06B505A5FF2A00BEFFAE82070978FF3B06CD0593FF3200ABFFEA0B85E763FF200000184048
2026-09-12T15:23:28.0082334+00:00,90554,151506400,Connected,72,24,-124,1650,1455,-0.59376204,7.9008656,6.967127,-64,22,-123,-0.078194655,0.026879413,-0.15028036,3044,-6281,-148,182.64,-376.86,-8.88,0,0,0,0,0,0,0,0,0,0,0,1,E0CD070984FF7206AF05C0FF160085FFA0E0070984FF73069505DBFFE8FF93FF60F30709A4FF58069105EFFFA7FF94FFE40B77E76CFF200000184048
2026-09-12T15:23:28.0249110+00:00,90555,151520800,Connected,72,24,-43,1635,1390,-0.20590134,7.8290396,6.655881,-6,-134,-119,-0.007330749,-0.16372006,-0.1453932,3040,-6285,-146,182.4,-377.1,-8.76,0,0,0,0,0,0,0,0,0,0,0,1,20060809D5FF63066E05FAFF7AFF89FFE0180809050061067205F8FF7FFF87FFB92B080920005E067E05EEFF87FF96FFE00B73E76EFF200000184048
2026-09-12T15:23:28.0415732+00:00,90556,151535225,Connected,72,24,15,1621,1394,0.07182605,7.762002,6.6750345,-27,-125,-86,-0.03298837,-0.15272394,-0.10507407,3040,-6285,-146,182.4,-377.1,-8.76,0,0,0,0,0,0,0,0,0,0,0,1,793E08090F0055067205E5FF83FFAAFF39510809EAFF43064905EBFF73FFBAFFF9630809CCFF40064405FEFF57FFC4FFE00B73E76EFF200000184048
2026-09-12T15:23:28.0748874+00:00,90558,151564050,Connected,72,24,-62,1613,1387,-0.29688102,7.723695,6.6415157,29,-245,-66,0.035431955,-0.2993389,-0.08063824,3039,-6288,-145,182.34,-377.28,-8.7,0,0,0,0,0,0,0,0,0,0,0,1,12AF0809C2FF4D066B051D000BFFBEFFEBC10809D6FF3F0688052C00F6FEC1FFABD40809BBFF520696050100F1FEBCFFDF0B70E76FFF200000184048
2026-09-12T15:23:28.0915614+00:00,90559,151578475,Connected,72,24,-69,1670,1386,-0.33039984,7.9966335,6.6367273,-48,-290,-88,-0.058645993,-0.35431954,-0.10751765,3038,-6291,-147,182.28,-377.46,-8.82,0,0,0,0,0,0,0,0,0,0,0,1,6BE70809BBFF86066A05D0FFDEFEA8FF2BFA0809AAFF8A064A05C3FFC7FE99FF040D0909A0FF79064605C1FFADFE8EFFDE0B6DE76DFF200000184048
2026-09-12T15:23:28.1082300+00:00,90561,151607500,Connected,72,24,-127,1438,1537,-0.60812724,6.885724,7.359776,215,-455,-66,0.26268518,-0.5559151,-0.08063824,3036,-6296,-146,182.15999,-377.75998,-8.76,0,0,0,0,0,0,0,0,0,0,0,1,CC58090981FF9E050106D70039FEBEFFDD6A0909D2FFC205DF057E00E8FD97FF9D7D0909F4FFDE05AF0510001BFE76FFDC0B68E76EFF200000184048
2026-09-12T15:23:28.1415502+00:00,90563,151636150,Connected,72,24,-83,1668,1378,-0.39743748,7.9870567,6.5984197,-112,-259,-181,-0.13684064,-0.316444,-0.22114426,3035,-6299,-145,182.09999,-377.94,-8.7,0,0,0,0,0,0,0,0,0,0,0,1,B6C80909ADFF8406620590FFFDFE4BFF76DB0909EDFF8E062E0571FFF4FE47FF4FEE090914009F06F3044DFFE2FE51FFDB0B65E76FFF200000184048
2026-09-12T15:23:28.1748836+00:00,90565,151665000,Connected,72,24,6,1708,1148,0.02873042,8.178593,5.497087,-52,-375,-53,-0.06353316,-0.4581718,-0.06475495,3032,-6303,-142,181.92,-378.18,-8.5199995,0,0,0,0,0,0,0,0,0,0,0,1,68390A090600AC067C04CCFF89FECBFF284C0A09D2FF8D06AB041500C6FEEAFFE85E0A098EFF640615055B00E6FE0700D80B61E772FF200000184048
2026-09-12T15:23:28.1915540+00:00,90566,151679400,Connected,72,24,-291,1435,598,-1.3934253,6.871359,2.8634653,187,-219,-20,0.228475,-0.26757234,-0.02443583,3032,-6303,-143,181.92,-378.18,-8.58,0,0,0,0,0,0,0,0,0,0,0,1,A8710A09DDFE9B055602BB0025FFECFF81840A095CFEF204A401DF014F0075FF41970A0942FEEC04F102080323010BFFD80B61E771FF200000184048
2026-09-12T15:23:28.2082315+00:00,90567,151693825,Connected,72,24,-381,1369,706,-1.8243817,6.555324,3.3806129,975,302,-367,1.1912467,0.36898103,-0.4483975,3029,-6305,-140,181.73999,-378.3,-8.4,0,0,0,0,0,0,0,0,0,0,0,1,01AA0A0983FE5905C202CF032E0191FEC1BC0A09D9FEC505EB028C04EF00FBFD9ACF0A09A7FF2F06380341057E0089FDD50B5FE774FF200000184048
2026-09-12T15:23:28.2249004+00:00,90568,151708250,Connected,72,24,214,1711,1033,1.0247183,8.192958,4.9464207,1472,103,-674,1.798477,0.12584452,-0.82348746,3027,-6303,-141,181.62,-378.18,-8.46,0,0,0,0,0,0,0,0,0,0,0,1,5AE20A09D600AF060904C00567005EFD1AF50A09DD0139071105DF058E0099FDDA070B096802B2070706A80573003DFED30B61E773FF200000184048
2026-09-12T15:23:28.2415583+00:00,90569,151722675,Connected,72,24,592,2058,1659,2.834735,9.854534,7.943961,1331,68,-232,1.6262045,0.08308182,-0.28345564,3025,-6297,-144,181.5,-377.81998,-8.639999,0,0,0,0,0,0,0,0,0,0,0,1,B31A0B0950020A087B063305440018FF732D0B09DC014E089C06AA043000F2FF33400B094B01660896061B043600B400D10B67E770FF200000184048
2026-09-12T15:23:28.2582323+00:00,90571,151751500,Connected,72,24,-218,1787,1551,-1.043872,8.556877,7.4268136,275,767,350,0.33599266,0.93711406,0.42762703,3025,-6285,-145,181.5,-377.1,-8.7,0,0,0,0,0,0,0,0,0,0,0,1,4C8B0B0926FFFB060F061301FF025E010C9E0B096DFFDE0687052C0017041801E5B00B09C4FFE4061F0553FF2105DA00D10B73E76FFF200000184048
2026-09-12T15:23:28.2748881+00:00,90572,151765925,Connected,72,24,43,1728,1236,0.20590134,8.274361,5.9184666,-384,1450,171,-0.46916795,1.7715976,0.20892635,3025,-6278,-146,181.5,-376.68,-8.76,0,0,0,0,0,0,0,0,0,0,0,1,A5C30B092B00C006D40480FEAA05AB0065D60B093A006E06C004F1FD8B058B0025E90B092D003E065C04D3FDC4047900D10B7AE76EFF200000184048
2026-09-12T15:23:28.2922018+00:00,90573,151780350,Connected,72,24,19,1625,950,0.090979666,7.7811556,4.548983,-484,1081,123,-0.5913471,1.3207566,0.15028036,3027,-6275,-145,181.62,-376.5,-8.7,0,0,0,0,0,0,0,0,0,0,0,1,FEFB0B0913005906B6031CFE39047B00BE0E0C09CFFF6A06450390FE620496007E210C0970FF6C062303F4FEF304BC00D30B7DE76FFF200000184048
2026-09-12T15:23:28.3088607+00:00,90574,151794750,Connected,72,24,-198,1647,873,-0.94810385,7.8865004,4.1802764,-194,1414,201,-0.23702756,1.7276132,0.24558009,3029,-6266,-147,181.73999,-375.96,-8.82,0,0,0,0,0,0,0,0,0,0,0,1,3E340C093AFF6F0669033EFF8605C900FE460C093CFF6006E80356FF0006B000D7590C0967FF2E066E0437FF5E067E00D50B86E76DFF200000184048
2026-09-12T15:23:28.3255283+00:00,90576,151823600,Connected,72,24,-171,1411,1539,-0.81881696,6.7564373,7.369353,-628,1248,-109,-0.76728505,1.5247958,-0.13317527,3042,-6254,-145,182.51999,-375.24,-8.7,0,0,0,0,0,0,0,0,0,0,0,1,F0A40C0955FF830503068CFDE00493FFB0B70C094BFFC605030646FD4B047FFF70CA0C094AFEE706340729FD740393FFE20B92E76FFF200000184048
2026-09-12T15:23:28.3421866+00:00,90577,151838025,Connected,72,24,-776,2064,2053,-3.715801,9.883265,9.830592,-680,247,45,-0.83081824,0.3017825,0.054980617,3046,-6249,-142,182.76,-374.94,-8.5199995,0,0,0,0,0,0,0,0,0,0,0,1,49DD0C09F8FC1008050858FDF7002D0009F00C09B3FD45062605CAFD38FF4A00C9020D0948FD1705D9042DFE3A006EFFE60B97E772FF200000184048
2026-09-12T15:23:28.3755302+00:00,90578,151852425,Connected,72,24,-818,1311,1284,-3.916914,6.277597,6.14831,-452,12,-231,-0.5522497,0.014661498,-0.28223383,3055,-6243,-139,183.3,-374.58,-8.34,0,0,0,0,0,0,0,0,0,0,0,1,89150D09CEFC1F0504053CFE0C0019FF49280D0998FC840553043BFE2CFFA2FE223B0D0976FCCF050B0494FEDBFEB7FDEF0B9DE775FF200000184048
2026-09-12T15:23:28.3921919+00:00,90579,151866850,Connected,72,24,-904,1544,1033,-4.3287168,7.393295,4.9464207,-221,-343,-777,-0.27001593,-0.41907448,-0.949332,3061,-6242,-137,183.65999,-374.52,-8.22,0,0,0,0,0,0,0,0,0,0,0,1,E24D0D0978FC0806090423FFA9FEF7FCA2600D09A5FC67062804B5FF56FE74FC62730D09B0FC92066F044B0001FEFCFBF50B9EE777FF200000184048
2026-09-12T15:23:28.4088698+00:00,90581,151895800,Connected,72,24,-396,1840,1262,-1.8962077,8.810662,6.042965,638,-716,-1285,0.779503,-0.8748027,-1.5700021,3074,-6239,-123,184.44,-374.34,-7.3799996,0,0,0,0,0,0,0,0,0,0,0,1,F8BE0D0974FE3007EE047E0234FDFBFA3BD10D091BFEAC06B603D3021EFEF6FA14E40D095CFE62067B039C03A3FEDAFA020CA1E785FF200000184048
2026-09-12T15:23:28.4255209+00:00,90582,151911325,Connected,72,24,-254,1638,948,-1.2162545,7.843405,4.5394063,1168,-348,-1328,1.4270525,-0.42518345,-1.622539,3086,-6238,-117,185.15999,-374.28,-7.02,0,0,0,0,0,0,0,0,0,0,0,1,9DFB0D0902FF6606B4039004A4FED0FA94090E09A4FFA506DA03650572FEF7FA541C0E0936000D07D3030A065CFE4EFB0E0CA2E78BFF200000184048
2026-09-12T15:23:28.4421981+00:00,90583,151924525,Connected,72,24,172,1921,992,0.82360536,9.198523,4.7500963,1660,-357,-1070,2.028174,-0.43617955,-1.3073169,3090,-6237,-113,185.4,-374.22,-6.7799997,0,0,0,0,0,0,0,0,0,0,0,1,2D2F0E09AC008107E0037C069BFED2FBED410E09E200F1071804BF0624FF81FCAD540E09DA0030084804D306A4FF59FD120CA3E78FFF200000184048
2026-09-12T15:23:28.4588666+00:00,90584,151938925,Connected,72,24,181,2081,1089,0.866701,9.964667,5.2145715,1722,-14,-449,2.103925,-0.01710508,-0.5485844,3096,-6233,-112,185.76,-373.97998,-6.72,0,0,0,0,0,0,0,0,0,0,0,1,6D670E09B50021084104BA06F2FF3FFE467A0E096F00D407220487064A0009FF068D0E09EFFFAA070B043E06BF00B0FF180CA7E790FF200000184048
2026-09-12T15:23:28.4755677+00:00,90585,151953350,Connected,72,24,-174,1951,1069,-0.8331822,9.3421755,5.118803,1508,295,38,1.8424616,0.36042848,0.046428077,3107,-6221,-110,186.42,-373.25998,-6.6,0,0,0,0,0,0,0,0,0,0,0,1,C69F0E0952FF9F072D04E4052701260086B20E0999FE7C07710477053801610046C50E092DFE27075004FD04B5006A00230CB3E792FF200000184048
2026-09-12T15:23:28.4922418+00:00,90587,151982175,Connected,72,24,-576,1627,1003,-2.7581203,7.7907324,4.8027687,1002,-117,-225,1.224235,-0.14294961,-0.2749031,3118,-6193,-118,187.08,-371.58,-7.08,0,0,0,0,0,0,0,0,0,0,0,1,5F100F09C0FD5B06EB03EA038BFF1FFF38230F09DBFD5F06BC03E7035DFFDCFEF8350F09F3FD87069F03080485FF9EFE2E0CCFE78AFF200000184048
2026-09-12T15:23:28.5088944+00:00,90588,151996600,Connected,72,24,-510,1714,925,-2.4420857,8.207323,4.429273,1090,9,-411,1.3317528,0.010996124,-0.5021563,3123,-6182,-122,187.37999,-370.91998,-7.3199997,0,0,0,0,0,0,0,0,0,0,0,1,B8480F0902FEB2069D034204090065FE785B0F09D9FDB306A7037F049D0042FE386E0F09F7FD82068803BD04DF002AFE330CDAE786FF200000184048
2026-09-12T15:23:28.5255372+00:00,90589,152011025,Connected,72,24,-533,1621,985,-2.552219,7.762002,4.7165775,1300,254,-522,1.588329,0.31033504,-0.6377752,3132,-6157,-135,187.92,-369.41998,-8.099999,0,0,0,0,0,0,0,0,0,0,0,1,11810F09EBFD5506D9031405FE00F6FDD1930F09F7FD1506D803D2056400ACFD91A60F099AFEB6061505E9066EFF67FD3C0CF3E779FF200000184048
2026-09-12T15:23:28.5422020+00:00,90590,152025450,Connected,72,24,133,2343,3427,0.6368576,11.219229,16.409859,1688,-233,-664,2.0623841,-0.28467742,-0.8112695,3137,-6140,-141,188.22,-368.4,-8.46,0,0,0,0,0,0,0,0,0,0,0,1,6AB90F0985002709630D980617FF68FD2ACC0F09B901BD099F120C03AEFE39FEEADE0F09D4003008060E60FE49FD95FF410C04E873FF200000184048
2026-09-12T15:23:28.5588594+00:00,90592,152054275,Connected,72,24,-549,1575,902,-2.6288335,7.541735,4.31914,-1266,-1513,155,-1.546788,-1.8485706,0.18937768,3152,-6098,-158,189.12,-365.88,-9.48,0,0,0,0,0,0,0,0,0,0,0,1,032A1009DBFD270686030EFB17FA9B00C33C100905FE090605046AFB8AF95F009C4F100942FE0A0644047BFB43F91800500C2EE862FF200000184048
2026-09-12T15:23:28.5922001+00:00,90594,152083100,Connected,72,24,0,1528,1037,0,7.3166804,4.9655743,-1105,-1480,-81,-1.3500797,-1.8082514,-0.09896511,3155,-6069,-165,189.3,-364.13998,-9.9,0,0,0,0,0,0,0,0,0,0,0,1,9C9A10090000F8050D04AFFB38FAAFFF75AD1009F1FF3106270400FC97FAEEFF35C01009AAFF8A0664045FFC29FB3800530C4BE85BFF200000184048
2026-09-12T15:23:28.6088595+00:00,90595,152097525,Connected,72,24,-138,1696,1201,-0.6607997,8.121132,5.7508726,-844,-1062,113,-1.0311921,-1.2975426,0.13806243,3154,-6063,-166,189.23999,-363.78,-9.96,0,0,0,0,0,0,0,0,0,0,0,1,F5D2100976FFA006B104B4FCDAFB7100B5E510092AFF4C06D004FFFC74FC97008EF8100974FD8805F7045CFDD5FC9300520C51E85AFF200000184048
2026-09-12T15:23:28.6256005+00:00,90596,152111950,Connected,72,24,-788,1334,1205,-3.7732618,6.38773,5.770026,-554,-768,12,-0.6768725,-0.9383359,0.014661498,3150,-6057,-161,189,-363.41998,-9.66,0,0,0,0,0,0,0,0,0,0,0,1,4E0B1109ECFC3605B504D6FD00FD0C000E1E110949FEB105700471FE4FFD43FFCE301109C2FF2906B60411FFD3FDC9FE4E0C57E85FFF200000184048
2026-09-12T15:23:28.6421823+00:00,90597,152126375,Connected,72,24,30,1606,1260,0.1436521,7.690176,6.033388,-111,-428,-327,-0.13561885,-0.52292675,-0.39952582,3149,-6058,-155,188.94,-363.47998,-9.3,0,0,0,0,0,0,0,0,0,0,0,1,A74311091E004606EC0491FF54FEB9FE6756110907007D063F05F4FFBEFED3FE27691109FCFFC706A0052D00FEFEFAFE4D0C56E865FF200000184048
2026-09-12T15:23:28.6590557+00:00,90598,152140775,Connected,72,24,-37,1763,1494,-0.17717093,8.441956,7.153875,49,-235,-206,0.059867784,-0.287121,-0.25168905,3144,-6058,-145,188.64,-363.47998,-8.7,0,0,0,0,0,0,0,0,0,0,0,1,E77B1109DBFFE306D605310015FF32FFA78E110995FFC806CF051A0018FF69FF80A1110956FF9706A405FFFF22FF85FF480C56E86FFF200000184048
2026-09-12T15:23:28.6755268+00:00,90599,152155200,Connected,72,24,-200,1663,1401,-0.9576807,7.9631147,6.7085533,-15,-208,-127,-0.018326873,-0.25413263,-0.15516752,3139,-6059,-139,188.34,-363.53998,-8.34,0,0,0,0,0,0,0,0,0,0,0,1,40B4110938FF7F067905F1FF30FF81FF00C711092FFF91064105F0FF3AFF70FFC0D9110943FFA706F904F3FF3DFF60FF430C55E875FF200000184048
2026-09-12T15:23:28.6921972+00:00,90600,152169625,Connected,72,24,-122,1700,1196,-0.58418524,8.1402855,5.7269306,-4,-171,-166,-0.004887166,-0.20892635,-0.20281738,3131,-6066,-125,187.86,-363.96,-7.5,0,0,0,0,0,0,0,0,0,0,0,1,99EC110986FFA406AC04FCFF55FF5AFF59FF1109A4FF9B0663040D009BFF62FF19121209A0FF950632042C000A0071FF3B0C4EE883FF200000184048
2026-09-12T15:23:28.7088515+00:00,90601,152184025,Connected,72,24,-133,1670,1058,-0.6368576,7.9966335,5.0661306,88,128,-132,0.10751765,0.15638931,-0.16127647,3126,-6071,-115,187.56,-364.25998,-6.8999996,0,0,0,0,0,0,0,0,0,0,0,1,D92412097BFF86062204580080007CFF9937120966FF8B0625048400C60086FF724A120964FFA3063F04A400FB0093FF360C49E88DFF200000184048
2026-09-12T15:23:28.7255427+00:00,90603,152212875,Connected,72,24,-286,1804,1235,-1.3694834,8.63828,5.913678,164,505,-42,0.2003738,0.6170047,-0.051315244,3115,-6083,-101,186.9,-364.97998,-6.06,0,0,0,0,0,0,0,0,0,0,0,1,8B951209E2FE0C07D304A400F901D6FF4BA81209DDFEF506EA048D00EF01EFFF0BBB1209CAFEDE06F7047F00EA01FAFF2B0C3DE89BFF200000184048
2026-09-12T15:23:28.7421833+00:00,90604,152227275,Connected,72,24,-314,1733,1254,-1.5035586,8.298303,6.0046577,123,488,-9,0.15028036,0.59623426,-0.010996124,3115,-6083,-100,186.9,-364.97998,-6,0,0,0,0,0,0,0,0,0,0,0,1,CBCD1209C6FEC506E6047B00E801F7FFA4E01209D8FEAB06D8048300E101EEFF64F31209E0FEA606E4049300DA01E2FF2B0C3DE89CFF200000184048
2026-09-12T15:23:28.7588727+00:00,90605,152241700,Connected,72,24,-286,1721,1254,-1.3694834,8.240842,6.0046577,154,429,-32,0.18815589,0.5241485,-0.039097328,3113,-6085,-96,186.78,-365.1,-5.7599998,0,0,0,0,0,0,0,0,0,0,0,1,24061309E2FEB906E6049A00AD01E0FFE4181309E6FEB106D00498006901E2FFA42B1309E3FE9D06B20497003701E2FF290C3BE8A0FF200000184048
2026-09-12T15:23:28.7755150+00:00,90606,152256125,Connected,72,24,-297,1686,1170,-1.4221559,8.073248,5.602432,156,279,-31,0.19059947,0.34087983,-0.037875537,3113,-6086,-94,186.78,-365.16,-5.64,0,0,0,0,0,0,0,0,0,0,0,1,7D3E1309D7FE960692049C001701E1FF3D511309CCFE8D068204AB000701D8FFFD631309B6FE94069204BD001101C6FF290C3AE8A2FF200000184048
2026-09-12T15:23:28.7921892+00:00,90608,152284950,Connected,72,24,-390,1802,1190,-1.8674773,8.628703,5.6982,147,178,-31,0.17960335,0.21747889,-0.037875537,3118,-6079,-98,187.08,-364.74,-5.8799996,0,0,0,0,0,0,0,0,0,0,0,1,16AF13097AFE0A07A6049300B200E1FFD6C1130982FEF7067B0467009800FBFF96D4130985FED50649043E007C000E002E0C41E89EFF200000184048
2026-09-12T15:23:28.8088906+00:00,90609,152299375,Connected,72,24,-378,1731,1066,-1.8100165,8.288726,5.104438,41,114,19,0.05009345,0.13928422,0.023214038,3121,-6076,-102,187.26,-364.56,-6.12,0,0,0,0,0,0,0,0,0,0,0,1,6FE7130986FEC3062A042900720013002FFA130990FECB06310428009D000F00EF0C14099BFEF20654042F00DC000E00310C44E89AFF200000184048
2026-09-12T15:23:28.8256516+00:00,90610,152313775,Connected,72,24,-351,1795,1143,-1.6807296,8.595184,5.473145,49,267,22,0.059867784,0.32621834,0.026879413,3124,-6073,-104,187.44,-364.38,-6.24,0,0,0,0,0,0,0,0,0,0,0,1,AF1F1409A1FE0307770431000B0116008832140994FE04078A042C0023012300484514098BFEF70697041F0027012D00340C47E898FF200000184048
2026-09-12T15:23:28.8421877+00:00,90611,152328200,Connected,72,24,-396,1769,1177,-1.8962077,8.470686,5.6359506,18,280,44,0.021992248,0.3421016,0.053758826,3129,-6068,-107,187.73999,-364.08,-6.42,0,0,0,0,0,0,0,0,0,0,0,1,0858140974FEE9069904120018012C00C86A140964FED3069B040C00F6001E00A17D14096AFEC2069D041700CF000C00390C4CE895FF200000184048
2026-09-12T15:23:28.8589086+00:00,90612,152342625,Connected,72,24,-376,1745,1188,-1.8004397,8.355764,5.6886234,49,180,-1,0.059867784,0.21992247,-0.0012217915,3133,-6066,-111,187.98,-363.96,-6.66,0,0,0,0,0,0,0,0,0,0,0,1,6190140988FED106A4043100B400FFFF21A31409A9FEF906AE045200AE00FFFFE1B51409ABFE1307BD046900A40008003D0C4EE891FF200000184048
2026-09-12T15:23:28.8755139+00:00,90614,152371450,Connected,72,24,-365,1754,1157,-1.7477672,8.39886,5.5401826,106,153,30,0.1295099,0.1869341,0.036653746,3136,-6063,-115,188.15999,-363.78,-6.8999996,0,0,0,0,0,0,0,0,0,0,0,1,FA00150993FEDA0685046A0099001E00D31315099BFEDF066F047400A700170093261509A5FED90652048300BC001600400C51E88DFF200000184048
2026-09-12T15:23:28.8921843+00:00,90615,152385875,Connected,72,24,-344,1755,1082,-1.6472107,8.403648,5.1810527,147,225,22,0.17960335,0.2749031,0.026879413,3137,-6061,-116,188.22,-363.66,-6.96,0,0,0,0,0,0,0,0,0,0,0,1,53391509A8FEDB063A049300E1001600134C1509A6FEDA062904A1000E011A00D35E1509A1FECF063004B0002D012200410C53E88CFF200000184048
2026-09-12T15:23:28.9088547+00:00,90616,152400300,Connected,72,24,-359,1738,1107,-1.7190368,8.322245,5.3007627,187,281,49,0.228475,0.3433234,0.059867784,3140,-6059,-117,188.4,-363.53998,-7.02,0,0,0,0,0,0,0,0,0,0,0,1,AC71150999FECA065304BB00190131006C84150995FED0067D04BD00E70040002C97150986FECF06B204B000BD004400440C55E88BFF200000184048
2026-09-12T15:23:28.9421845+00:00,90617,152414700,Connected,72,24,-381,1729,1227,-1.8243817,8.279149,5.875371,143,160,61,0.17471619,0.19548663,0.07452928,3141,-6057,-117,188.45999,-363.41998,-7.02,0,0,0,0,0,0,0,0,0,0,0,1,ECA9150983FEC106CB048F00A0003D00C5BC150988FEC406D3045F007E00330085CF15098FFECB06B9042A0053002F00450C57E88BFF200000184048
2026-09-12T15:23:28.9588525+00:00,90619,152443550,Connected,72,24,-338,1675,1103,-1.6184803,8.020576,5.281609,-32,50,31,-0.039097328,0.061089575,0.037875537,3143,-6055,-122,188.58,-363.3,-7.3199997,0,0,0,0,0,0,0,0,0,0,0,1,9E1A1609AEFE8B064F04E0FF32001F005E2D1609B8FE8C066404F0FF420011001E401609ADFEA1068404FFFF44000900470C59E886FF200000184048
2026-09-12T15:23:28.9755163+00:00,90620,152457950,Connected,72,24,-350,1710,1164,-1.6759412,8.1881695,5.5737014,4,44,9,0.004887166,0.053758826,0.010996124,3145,-6054,-124,188.7,-363.24,-7.44,0,0,0,0,0,0,0,0,0,0,0,1,DE521609A2FEAE068C0404002C0009009E65160992FEAF0685040300110009007778160991FE9E067704040009000300490C5AE884FF200000184048
2026-09-12T15:23:28.9929091+00:00,90621,152472450,Connected,72,24,-356,1675,1118,-1.7046716,8.020576,5.353435,13,15,-10,0.01588329,0.018326873,-0.012217915,3147,-6055,-126,188.81999,-363.3,-7.56,0,0,0,0,0,0,0,0,0,0,0,1,828B16099CFE8B065E040D000F00F6FFF79D1609B2FE8D0655041F001B00EDFFB7B01609BEFEAC06690435003000E9FF4B0C59E882FF200000184048
2026-09-12T15:23:29.0096265+00:00,90622,152486800,Connected,72,24,-328,1733,1168,-1.5705963,8.298303,5.592855,62,65,-19,0.07575107,0.07941645,-0.023214038,3147,-6052,-126,188.81999,-363.12,-7.56,0,0,0,0,0,0,0,0,0,0,0,1,90C31609B8FEC50690043E004100EDFF50D61609A7FEC306AC0432003D00F3FF10E91609A9FEB406A90416002B00FAFF4B0C5CE882FF200000184048
2026-09-12T15:23:29.0262853+00:00,90624,152515625,Connected,72,24,-310,1684,1122,-1.484405,8.063671,5.3725886,13,6,-30,0.01588329,0.007330749,-0.036653746,3153,-6050,-125,189.18,-363,-7.5,0,0,0,0,0,0,0,0,0,0,0,1,29341709CAFE940662040D000600E2FFE9461709C5FEA306780422001600D5FFC2591709B1FEBE0695042B000F00D2FF510C5EE883FF200000184048
2026-09-12T15:23:29.0428806+00:00,90625,152530050,Connected,72,24,-345,1752,1177,-1.6519991,8.389283,5.6359506,34,-20,-36,0.04154091,-0.02443583,-0.043984495,3152,-6049,-126,189.12,-362.94,-7.56,0,0,0,0,0,0,0,0,0,0,0,1,826C1709A7FED80699042200ECFFDCFF427F1709ACFEE60683040B00CEFFEAFF1B921709B4FEDA065C04F1FFC9FFF5FF500C5FE882FF200000184048
2026-09-12T15:23:29.0595485+00:00,90626,152544475,Connected,72,24,-337,1723,1078,-1.6136919,8.250419,5.161899,-32,-35,-5,-0.039097328,-0.0427627,-0.0061089573,3152,-6049,-125,189.12,-362.94,-7.5,0,0,0,0,0,0,0,0,0,0,0,1,DBA41709AFFEBB063604E0FFDDFFFBFF9BB71709A8FEA7062804DDFFFEFFF6FF5BCA1709A1FE9B063404E9FF1C00EAFF500C5FE883FF200000184048
2026-09-12T15:23:29.0768715+00:00,90627,152558900,Connected,72,24,-359,1687,1094,-1.7190368,8.078036,5.2385135,-8,48,-40,-0.009774332,0.058645993,-0.04887166,3155,-6048,-125,189.3,-362.88,-7.5,0,0,0,0,0,0,0,0,0,0,0,1,34DD170999FE97064604F8FF3000D8FFF4EF170996FEB006660404004500CAFFB402180991FEE4068C040C005B00C5FF530C60E883FF200000184048
2026-09-12T15:23:29.0934084+00:00,90628,152573300,Connected,72,24,-363,1784,1195,-1.7381904,8.542512,5.722142,9,94,-53,0.010996124,0.1148484,-0.06475495,3156,-6048,-125,189.36,-362.88,-7.5,0,0,0,0,0,0,0,0,0,0,0,1,7415180995FEF806AB0409005E00CBFF342818099BFEEF06C404FBFF5A00D6FF0D3B180993FEE506C304EAFF5000E1FF540C60E883FF200000184048
2026-09-12T15:23:29.1100709+00:00,90630,152602150,Connected,72,24,-369,1720,1139,-1.7669208,8.236053,5.4539914,12,41,-65,0.014661498,0.05009345,-0.07941645,3159,-6048,-122,189.54,-362.88,-7.3199997,0,0,0,0,0,0,0,0,0,0,0,1,268618098FFEB80673040C002900BFFFE698180990FEBC06670427003D00AAFFA6AB180988FECB066704400059009BFF570C60E886FF200000184048
2026-09-12T15:23:29.1267513+00:00,90631,152616550,Connected,72,24,-401,1771,1132,-1.9201498,8.480263,5.4204726,88,118,-106,0.10751765,0.1441714,-0.1295099,3160,-6046,-122,189.59999,-362.75998,-7.3199997,0,0,0,0,0,0,0,0,0,0,0,1,66BE18096FFEEB066C045800760096FF26D1180954FE14077204630083009DFFFFE3180951FE220770045A006F00B2FF580C62E886FF200000184048
2026-09-12T15:23:29.1434076+00:00,90632,152630975,Connected,72,24,-431,1819,1118,-2.0638018,8.710106,5.353435,71,88,-46,0.0867472,0.10751765,-0.056202408,3160,-6046,-121,189.59999,-362.75998,-7.2599998,0,0,0,0,0,0,0,0,0,0,0,1,BFF6180951FE1B075E0447005800D2FF7F09190944FE07074B043A005100EDFF3F1C190941FEF206360438005E00FAFF580C62E887FF200000184048
2026-09-12T15:23:29.1767306+00:00,90635,152674225,Connected,72,24,-405,1793,1134,-1.9393034,8.585608,5.4300494,61,109,-31,0.07452928,0.13317527,-0.037875537,3161,-6046,-124,189.65999,-362.75998,-7.44,0,0,0,0,0,0,0,0,0,0,0,1,B19F19096BFE01076E043D006D00E1FF71B2190958FE1007850430004700F1FF31C519094FFE10078E041C000F000400590C62E884FF200000184048
2026-09-12T15:23:29.1938272+00:00,90636,152688650,Connected,72,24,-433,1802,1176,-2.0733786,8.628703,5.631162,1,-55,20,0.0012217915,-0.06719853,0.02443583,3162,-6046,-125,189.72,-362.75998,-7.5,0,0,0,0,0,0,0,0,0,0,0,1,0AD819094FFE0A0798040100C9FF1400CAEA190953FEF4069C04E5FF9EFF1A008AFD190960FEE7068004D0FF93FF17005A0C62E883FF200000184048
2026-09-12T15:23:29.2267329+00:00,90637,152703050,Connected,72,24,-415,1763,1122,-1.9871874,8.441956,5.3725886,-53,-114,20,-0.06475495,-0.13928422,0.02443583,3162,-6047,-127,189.72,-362.81998,-7.62,0,0,0,0,0,0,0,0,0,0,0,1,4A101A0961FEE3066204CBFF8EFF140023231A096AFEE8064B04D5FF8FFF1300E3351A0976FEE7064104E4FF97FF13005A0C61E881FF200000184048
2026-09-12T15:23:29.2434075+00:00,90638,152717475,Connected,72,24,-392,1763,1084,-1.8770541,8.441956,5.1906295,-15,-95,23,-0.018326873,-0.11607019,0.028101204,3161,-6047,-130,189.65999,-362.81998,-7.7999997,0,0,0,0,0,0,0,0,0,0,0,1,A3481A0978FEE3063C04F1FFA1FF1700635B1A0976FEDD063204FDFFB0FF1C00236E1A0971FED30630040D00C7FF1C00590C61E87EFF200000184048
2026-09-12T15:23:29.2601134+00:00,90640,152746300,Connected,72,24,-366,1761,1061,-1.7525556,8.432379,5.080496,59,44,15,0.0720857,0.053758826,0.018326873,3163,-6045,-135,189.78,-362.69998,-8.099999,0,0,0,0,0,0,0,0,0,0,0,1,3CB91A0992FEE10625043B002C000F00FCCB1A099DFED70615043A0056001200D5DE1A0998FECD06130436007C001A005B0C63E879FF200000184048
2026-09-12T15:23:29.2767393+00:00,90641,152760725,Connected,72,24,-386,1728,1043,-1.8483237,8.274361,4.9943047,52,149,34,0.06353316,0.18204693,0.04154091,3164,-6044,-134,189.84,-362.63998,-8.04,0,0,0,0,0,0,0,0,0,0,0,1,95F11A097EFEC006130434009500220055041B096BFEB906220431009B00220015171B0968FEB30634043000940018005C0C64E87AFF200000184048
2026-09-12T15:23:29.2934087+00:00,90642,152775150,Connected,72,24,-398,1720,1089,-1.9057846,8.236053,5.2145715,46,144,9,0.056202408,0.17593798,0.010996124,3163,-6045,-134,189.78,-362.69998,-8.04,0,0,0,0,0,0,0,0,0,0,0,1,EE291B0972FEB80641042E0090000900AE3C1B097DFEC9064F042B009100FBFF6E4F1B0978FED506590425008E00F2FF5B0C63E87AFF200000184048
2026-09-12T15:23:29.3100747+00:00,90643,152789550,Connected,72,24,-403,1756,1129,-1.9297266,8.408437,5.4061074,32,131,-19,0.039097328,0.16005468,-0.023214038,3163,-6045,-134,189.78,-362.69998,-8.04,0,0,0,0,0,0,0,0,0,0,0,1,2E621B096DFEDC06690420008300EDFF07751B0965FEE4067C041B007500ECFFC7871B095FFEEC068E0414006200EFFF5B0C63E87AFF200000184048
2026-09-12T15:23:29.3267469+00:00,90644,152803975,Connected,72,24,-409,1770,1186,-1.958457,8.475474,5.6790466,5,54,-7,0.0061089573,0.06597674,-0.00855254,3163,-6047,-135,189.78,-362.81998,-8.099999,0,0,0,0,0,0,0,0,0,0,0,1,879A1B0967FEEA06A20405003600F9FF47AD1B096CFEE806A304EDFFF1FF0B0020C01B095FFEE6069A04D6FFB5FF18005B0C61E879FF200000184048
2026-09-12T15:23:29.3434102+00:00,90646,152832825,Connected,72,24,-370,1729,1080,-1.7717092,8.279149,5.171476,-71,-85,0,-0.0867472,-0.10385228,0,3165,-6046,-135,189.9,-362.75998,-8.099999,0,0,0,0,0,0,0,0,0,0,0,1,390B1C098EFEC1063804B9FFABFF0000F91D1C098EFEC2062604CBFFCCFFFBFFB9301C098BFEBA061604E1FFF6FFF6FF5D0C62E879FF200000184048
2026-09-12T15:23:29.3600665+00:00,90647,152847225,Connected,72,24,-374,1718,1044,-1.7908629,8.226477,4.999093,-6,39,-16,-0.007330749,0.047649868,-0.019548664,3165,-6045,-133,189.9,-362.69998,-7.98,0,0,0,0,0,0,0,0,0,0,0,1,79431C098AFEB6061404FAFF2700F0FF52561C0983FEB7061E0414005300EDFF12691C097EFEB706250429006600F0FF5D0C63E87BFF200000184048
2026-09-12T15:23:29.3767362+00:00,90648,152861650,Connected,72,24,-410,1741,1087,-1.9632454,8.336611,5.2049947,59,103,-6,0.0720857,0.12584452,-0.007330749,3166,-6043,-132,189.95999,-362.58,-7.9199996,0,0,0,0,0,0,0,0,0,0,0,1,D27B1C0966FECD063F043B006700FAFF928E1C0954FEE006550444006200060052A11C094EFEE906710444005A000E005E0C65E87CFF200000184048
2026-09-12T15:23:29.3933994+00:00,90649,152876075,Connected,72,24,-431,1778,1157,-2.0638018,8.513782,5.5401826,55,81,21,0.06719853,0.09896511,0.025657622,3167,-6043,-131,190.01999,-362.58,-7.8599997,0,0,0,0,0,0,0,0,0,0,0,1,2BB41C0951FEF2068504370051001500EBC61C095CFEDF068204210041001900ABD91C0964FECD067504090035001A005F0C65E87DFF200000184048
2026-09-12T15:23:29.4100682+00:00,90650,152890475,Connected,72,24,-402,1739,1123,-1.9249382,8.327033,5.377377,-6,49,18,-0.007330749,0.059867784,0.021992248,3166,-6043,-129,189.95999,-362.58,-7.74,0,0,0,0,0,0,0,0,0,0,0,1,6BEC1C096EFECB066304FAFF310012002BFF1C0975FECF065B04F4FF2D000B0004121D0976FED6066304F3FF1F0007005E0C65E87FFF200000184048
2026-09-12T15:23:29.4267285+00:00,90651,152904900,Connected,72,24,-389,1761,1147,-1.8626889,8.432379,5.4922986,-15,16,7,-0.018326873,0.019548664,0.00855254,3166,-6043,-127,189.95999,-362.58,-7.62,0,0,0,0,0,0,0,0,0,0,0,1,C4241D097BFEE1067B04F1FF1000070084371D096EFEEB068004EBFFF9FF0C00444A1D095CFEEE068004E2FFE0FF0F005E0C65E881FF200000184048
2026-09-12T15:23:29.4434654+00:00,90652,152919325,Connected,72,24,-428,1762,1156,-2.0494366,8.437167,5.535394,-35,-54,17,-0.0427627,-0.06597674,0.020770455,3166,-6042,-127,189.95999,-362.52,-7.62,0,0,0,0,0,0,0,0,0,0,0,1,1D5D1D0954FEE2068404DDFFCAFF1100DD6F1D0962FEDC067F04D8FFACFF12009D821D096BFED8067604D4FF8CFF15005E0C66E881FF200000184048
2026-09-12T15:23:29.4612869+00:00,90653,152933725,Connected,72,24,-406,1749,1137,-1.9440918,8.374918,5.4444146,-46,-131,21,-0.056202408,-0.16005468,0.025657622,3170,-6040,-129,190.2,-362.4,-7.74,0,0,0,0,0,0,0,0,0,0,0,1,5D951D096AFED5067104D2FF7DFF15001DA81D0971FECD066404CDFF84FF1000F6BA1D097CFEBD064F04CBFF94FF0900620C68E87FFF200000184048
2026-09-12T15:23:29.4767964+00:00,90654,152948150,Connected,72,24,-377,1719,1073,-1.8052281,8.231265,5.1379566,-50,-86,3,-0.061089575,-0.10507407,0.0036653746,3171,-6040,-129,190.26,-362.4,-7.74,0,0,0,0,0,0,0,0,0,0,0,1,B6CD1D0987FEB7063104CEFFAAFF030076E01D098AFEB0061B04D7FFBEFFFFFF68F31D0987FEA7061E04EBFFD1FFFDFF630C68E87FFF200000184048
2026-09-12T15:23:29.4935856+00:00,90656,152976975,Connected,72,24,-398,1747,1101,-1.9057846,8.365341,5.2720323,25,14,4,0.030544788,0.01710508,0.004887166,3172,-6037,-130,190.31999,-362.22,-7.7999997,0,0,0,0,0,0,0,0,0,0,0,1,4F3E1E0972FED3064D0419000E0004000F511E0972FECD064C0415000D000800E8631E0977FEBD064804100009000A00640C6BE87EFF200000184048
2026-09-12T15:23:29.5100684+00:00,90657,152991400,Connected,72,24,-390,1724,1096,-1.8674773,8.255207,5.2480903,13,9,6,0.01588329,0.010996124,0.007330749,3172,-6038,-130,190.31999,-362.28,-7.7999997,0,0,0,0,0,0,0,0,0,0,0,1,A8761E097AFEBC0648040D000900060068891E0979FECD0648040B000B000000289C1E096CFEDE064B0405000C00FCFF640C6AE87EFF200000184048
2026-09-12T15:23:29.5267382+00:00,90658,153005800,Connected,72,24,-408,1762,1098,-1.9536686,8.437167,5.257667,-9,3,-6,-0.010996124,0.0036653746,-0.007330749,3171,-6038,-130,190.26,-362.28,-7.7999997,0,0,0,0,0,0,0,0,0,0,0,1,E8AE1E0968FEE2064A04F7FF0300FAFFA8C11E0961FEE3063F04EAFFFBFFFCFF81D41E0965FEE1063304E4FFFBFFFDFF630C6AE87EFF200000184048
2026-09-12T15:23:29.5433943+00:00,90659,153020225,Connected,72,24,-408,1762,1086,-1.9536686,8.437167,5.2002063,-27,-3,-2,-0.03298837,-0.0036653746,-0.002443583,3171,-6039,-131,190.26,-362.34,-7.8599997,0,0,0,0,0,0,0,0,0,0,0,1,41E71E0968FEE2063E04E5FFFDFFFEFF01FA1E0968FEE8064104E4FFF5FF0300C10C1F0959FEE7064E04DCFFEAFF0C00630C69E87DFF200000184048
2026-09-12T15:23:29.5600764+00:00,90660,153034625,Connected,72,24,-420,1772,1104,-2.0111294,8.485051,5.2863975,-48,-35,19,-0.058645993,-0.0427627,0.023214038,3173,-6039,-132,190.37999,-362.34,-7.9199996,0,0,0,0,0,0,0,0,0,0,0,1,811F1F095CFEEC065004D0FFDDFF13005A321F095FFED9064C04C2FFD5FF14001A451F0963FED0064304B9FFDDFF1400650C69E87CFF200000184048
2026-09-12T15:23:29.5767338+00:00,90662,153063475,Connected,72,24,-393,1707,1065,-1.8818425,8.173804,5.0996494,-49,-20,-1,-0.059867784,-0.02443583,-0.0012217915,3171,-6040,-132,190.26,-362.4,-7.9199996,0,0,0,0,0,0,0,0,0,0,0,1,33901F0977FEAB062904CFFFECFFFFFFF3A21F0979FEB9062E04DCFFE4FFFCFFB3B51F0979FEC4062D04E9FFDFFFFCFF630C68E87CFF200000184048
2026-09-12T15:23:29.5934017+00:00,90663,153077900,Connected,72,24,-397,1735,1067,-1.9009962,8.307879,5.109226,-11,-23,-5,-0.0134397065,-0.028101204,-0.0061089573,3170,-6041,-131,190.2,-362.46,-7.8599997,0,0,0,0,0,0,0,0,0,0,0,1,8CC81F0973FEC7062B04F5FFE9FFFBFF4CDB1F0964FEC4063004FFFFF6FFF7FF0CEE1F0963FED10633040400F3FFF7FF620C67E87DFF200000184048
