utc_time,sequence,device_timestamp,connection_state,battery_percent,temperature_c,raw_accel_x,raw_accel_y,raw_accel_z,accel_mps2_x,accel_mps2_y,accel_mps2_z,raw_gyro_x,raw_gyro_y,raw_gyro_z,gyro_rads_x,gyro_rads_y,gyro_rads_z,raw_mag_x,raw_mag_y,raw_mag_z,mag_ut_x,mag_ut_y,mag_ut_z,touch_x,touch_y,touch_normalized_x,touch_normalized_y,is_touched,trigger,home,back,touchpad_click,volume_up,volume_down,no_button,raw_report_hex
2026-09-12T15:44:32.0148912+00:00,7181,132919925,Connected,-1,24,-7,468,2080,-0.033518825,2.2409728,9.959879,1,-21,15,0.0012217915,-0.025657622,0.018326873,6359,-11738,-613,381.53998,-704.27997,-36.78,0,0,0,0,0,0,0,0,0,0,0,1,7532EC07F9FFD40120080100EBFF0F001C45EC07F8FFD6011D080100E9FF1000F557EC07F9FFD80122080200E8FF1100D71826D29BFD200000184048
2026-09-12T15:44:32.0306811+00:00,7182,132934325,Connected,-1,24,-6,474,2077,-0.02873042,2.2697031,9.945514,3,-27,17,0.0036653746,-0.03298837,0.020770455,6360,-11736,-613,381.6,-704.16,-36.78,0,0,0,0,0,0,0,0,0,0,0,1,B56AEC07FAFFDA011D080300E5FF1100757DEC07F6FFDA0120080200E6FF11003590EC07FFFFD80123080200E6FF1000D81828D29BFD200000184048
2026-09-12T15:44:32.0473475+00:00,7183,132948750,Connected,-1,24,-6,473,2072,-0.02873042,2.2649148,9.921572,2,-28,17,0.002443583,-0.03421016,0.020770455,6361,-11738,-615,381.66,-704.27997,-36.899998,0,0,0,0,0,0,0,0,0,0,0,1,0EA3EC07FAFFD90118080200E4FF1100CEB5EC070000DA011C080200E5FF11008EC8EC070300DA0121080100E8FF0F00D91826D299FD200000184048
2026-09-12T15:44:32.0806697+00:00,7185,132977575,Connected,-1,24,1,469,2076,0.0047884034,2.2457612,9.940725,1,-9,11,0.0012217915,-0.010996124,0.0134397065,6361,-11743,-614,381.66,-704.57996,-36.84,0,0,0,0,0,0,0,0,0,0,0,1,A713ED070100D5011C080100F7FF0B006726ED07FEFFD8011D080100FBFF0B002739ED07FFFFD8011B08020001000A00D91821D29AFD200000184048
2026-09-12T15:44:32.0973702+00:00,7186,132992000,Connected,-1,24,-2,472,2078,-0.009576807,2.2601264,9.950302,3,2,9,0.0036653746,0.002443583,0.010996124,6361,-11743,-613,381.66,-704.57996,-36.78,0,0,0,0,0,0,0,0,0,0,0,1,004CED07FEFFD8011E08030002000900C05EED070100D20126080100070007008071ED070100D5011E0802000E000700D91821D29BFD200000184048
2026-09-12T15:44:32.1141413+00:00,7187,133006400,Connected,-1,24,-3,470,2079,-0.01436521,2.2505496,9.9550905,3,17,6,0.0036653746,0.020770455,0.007330749,6361,-11742,-613,381.66,-704.51996,-36.78,0,0,0,0,0,0,0,0,0,0,0,1,4084ED07FDFFD6011F080300110006001997ED07F7FFD7012008010012000600D9A9ED07FAFFD4011E08020014000500D91822D29BFD200000184048
2026-09-12T15:44:32.1473173+00:00,7189,133035250,Connected,-1,24,-12,473,2078,-0.05746084,2.2649148,9.950302,2,16,7,0.002443583,0.019548664,0.00855254,6364,-11741,-611,381.84,-704.45996,-36.66,0,0,0,0,0,0,0,0,0,0,0,1,F2F4ED07F4FFD9011E08020010000700B207EE07F8FFD4011C0802000E000700721AEE07F2FFD9011F08020009000700DC1823D29DFD200000184048
2026-09-12T15:44:32.1639961+00:00,7191,133064075,Connected,-1,24,-12,473,2080,-0.05746084,2.2649148,9.959879,1,-7,11,0.0012217915,-0.00855254,0.0134397065,6363,-11743,-611,381.78,-704.57996,-36.66,0,0,0,0,0,0,0,0,0,0,0,1,8B65EE07F4FFD90120080100F9FF0B004B78EE07F4FFD9011F080100F5FF0C00248BEE07F4FFD50121080100F1FF0D00DB1821D29DFD200000184048
2026-09-12T15:44:32.1807776+00:00,7192,133078500,Connected,-1,24,-8,472,2074,-0.038307227,2.2601264,9.931149,1,-19,13,0.0012217915,-0.023214038,0.01588329,6363,-11743,-610,381.78,-704.57996,-36.6,0,0,0,0,0,0,0,0,0,0,0,1,E49DEE07F8FFD8011A080100EDFF0D00A4B0EE07F9FFDD0120080100E9FF100064C3EE07F8FFD70123080200E5FF1000DB1821D29EFD200000184048
2026-09-12T15:44:32.1973234+00:00,7193,133092925,Connected,-1,24,-5,472,2081,-0.023942016,2.2601264,9.964667,2,-30,17,0.002443583,-0.036653746,0.020770455,6360,-11744,-611,381.6,-704.64,-36.66,0,0,0,0,0,0,0,0,0,0,0,1,3DD6EE07FBFFD80121080200E2FF1100FDE8EE07F9FFDD011C080100E2FF1100BDFBEE07F9FFD6011E080200E0FF1200D81820D29DFD200000184048
2026-09-12T15:44:32.2139879+00:00,7194,133107325,Connected,-1,24,-4,471,2079,-0.019153614,2.255338,9.9550905,2,-34,18,0.002443583,-0.04154091,0.021992248,6359,-11743,-612,381.53998,-704.57996,-36.719997,0,0,0,0,0,0,0,0,0,0,0,1,7D0EEF07FCFFD7011F080200DEFF12003D21EF07FFFFD7011E080100E0FF12001634EF070300D70121080200E1FF1200D71821D29CFD200000184048
2026-09-12T15:44:32.2306528+00:00,7195,133121750,Connected,-1,24,0,469,2082,0,2.2457612,9.969456,2,-25,17,0.002443583,-0.030544788,0.020770455,6359,-11743,-612,381.53998,-704.57996,-36.719997,0,0,0,0,0,0,0,0,0,0,0,1,D646EF070000D50122080200E7FF11009659EF07FEFFD4011D080200E9FF1000566CEF070100D70120080100EDFF0F00D71821D29CFD200000184048
2026-09-12T15:44:32.2473355+00:00,7197,133150575,Connected,-1,24,1,469,2077,0.0047884034,2.2457612,9.945514,2,7,9,0.002443583,0.00855254,0.010996124,6359,-11738,-612,381.53998,-704.27997,-36.719997,0,0,0,0,0,0,0,0,0,0,0,1,6FB7EF070100D5011D080200070009002FCAEF070400DB011A0803000A00080008DDEF070100D501220802000F000600D71826D29CFD200000184048
2026-09-12T15:44:32.2639935+00:00,7198,133165000,Connected,-1,24,-1,472,2084,-0.0047884034,2.2601264,9.9790325,2,20,5,0.002443583,0.02443583,0.0061089573,6359,-11738,-614,381.53998,-704.27997,-36.84,0,0,0,0,0,0,0,0,0,0,0,1,C8EFEF07FFFFD80124080200140005008802F007FFFFDA0123080200150004004815F007F9FFD8011A08020018000400D71826D29AFD200000184048
2026-09-12T15:44:32.2806591+00:00,7199,133179425,Connected,-1,24,-7,472,2085,-0.033518825,2.2601264,9.983821,2,23,4,0.002443583,0.028101204,0.004887166,6361,-11740,-615,381.66,-704.39996,-36.899998,0,0,0,0,0,0,0,0,0,0,0,1,2128F007F9FFD8012508020017000400E13AF007F8FFD8012008020018000500A14DF007F2FFD6011F08020015000500D91824D299FD200000184048
2026-09-12T15:44:32.3139953+00:00,7201,133208275,Connected,-1,24,-13,478,2081,-0.062249243,2.2888567,9.964667,3,6,9,0.0036653746,0.007330749,0.010996124,6360,-11738,-618,381.6,-704.27997,-37.079998,0,0,0,0,0,0,0,0,0,0,0,1,D398F007F3FFDE0121080300060009007AABF007F6FFD9011F08020002000A0053BEF007F4FFD7011F080100FDFF0B00D81826D296FD200000184048
2026-09-12T15:44:32.3306693+00:00,7202,133222675,Connected,-1,24,-13,470,2087,-0.062249243,2.2505496,9.993398,1,-11,12,0.0012217915,-0.0134397065,0.014661498,6360,-11738,-616,381.6,-704.27997,-36.96,0,0,0,0,0,0,0,0,0,0,0,1,13D1F007F3FFD60127080100F5FF0C00D3E3F007F7FFD90121080100F1FF0E0093F6F007F7FFD9011F080300ECFF0F00D81826D298FD200000184048
2026-09-12T15:44:32.3473383+00:00,7203,133237075,Connected,-1,24,-9,473,2080,-0.04309563,2.2649148,9.959879,2,-21,15,0.002443583,-0.025657622,0.018326873,6361,-11738,-615,381.66,-704.27997,-36.899998,0,0,0,0,0,0,0,0,0,0,0,1,5309F107F7FFD90120080200EBFF0F00131CF107F6FFD90120080200E6FF1000EC2EF107F9FFD50122080200E2FF1100D91826D299FD200000184048
2026-09-12T15:44:32.3639769+00:00,7204,133251500,Connected,-1,24,-7,473,2084,-0.033518825,2.2649148,9.9790325,2,-29,18,0.002443583,-0.035431955,0.021992248,6364,-11738,-614,381.84,-704.27997,-36.84,0,0,0,0,0,0,0,0,0,0,0,1,AC41F107F9FFD90124080200E3FF12006C54F107FEFFD80126080200E3FF12002C67F1070300DA0120080200E2FF1100DC1826D29AFD200000184048
2026-09-12T15:44:32.3806582+00:00,7205,133265925,Connected,-1,24,-1,473,2078,-0.0047884034,2.2649148,9.950302,2,-30,16,0.002443583,-0.036653746,0.019548664,6362,-11735,-613,381.72,-704.1,-36.78,0,0,0,0,0,0,0,0,0,0,0,1,057AF107FFFFD9011E080200E2FF1000C58CF1070600DB011B080200E2FF1100859FF107FCFFD6011F080100E3FF1000DA1829D29BFD200000184048
2026-09-12T15:44:32.3973387+00:00,7207,133294750,Connected,-1,24,0,471,2076,0,2.255338,9.940725,1,-7,12,0.0012217915,-0.00855254,0.014661498,6362,-11736,-614,381.72,-704.16,-36.84,0,0,0,0,0,0,0,0,0,0,0,1,9EEAF1070000D7011C080100F9FF0C005EFDF1070400D9011E080100FFFF0B001E10F2070200D6011B08010003000900DA1828D29AFD200000184048
2026-09-12T15:44:32.4140069+00:00,7208,133309175,Connected,-1,24,0,472,2078,0,2.2601264,9.950302,2,7,8,0.002443583,0.00855254,0.009774332,6361,-11737,-613,381.66,-704.22,-36.78,0,0,0,0,0,0,0,0,0,0,0,1,F722F2070000D8011E08020007000800B735F207FDFFD901210802000C0006007748F207FCFFD7011A08020011000500D91827D29BFD200000184048
2026-09-12T15:44:32.4307001+00:00,7209,133323575,Connected,-1,24,0,470,2081,0,2.2505496,9.964667,2,22,4,0.002443583,0.026879413,0.004887166,6362,-11737,-612,381.72,-704.22,-36.719997,0,0,0,0,0,0,0,0,0,0,0,1,375BF2070000D6012108020016000400F76DF207F8FFD6012108020017000400D080F207F9FFD8012108010017000400DA1827D29CFD200000184048
2026-09-12T15:44:32.4473355+00:00,7210,133338000,Connected,-1,24,-11,469,2079,-0.05267244,2.2457612,9.9550905,2,22,4,0.002443583,0.026879413,0.004887166,6362,-11737,-610,381.72,-704.22,-36.6,0,0,0,0,0,0,0,0,0,0,0,1,9093F207F5FFD5011F0802001600040050A6F207FEFFD501270802001100040010B9F2076100D401D507FDFF2400F9FFDA1827D29EFD200000184048
2026-09-12T15:44:32.4639918+00:00,7211,133352425,Connected,-1,24,90,451,2059,0.4309563,2.15957,9.859323,-2,141,-28,-0.002443583,0.17227261,-0.03421016,6364,-11737,-610,381.84,-704.22,-36.6,0,0,0,0,0,0,0,0,0,0,0,1,E9CBF2075A00C3010B08FEFF8D00E4FFA9DEF2074B00CF01ED070500F500CAFF69F1F2073900C901F00704005301B3FFDC1827D29EFD200000184048
2026-09-12T15:44:32.4806729+00:00,7213,133381250,Connected,-1,24,37,461,2061,0.17717093,2.207454,9.868899,5,699,-167,0.0061089573,0.8540323,-0.20403919,6367,-11741,-616,382.02,-704.45996,-36.96,0,0,0,0,0,0,0,0,0,0,0,1,823CF3072500CD010D080500BB0259FF424FF3071600CC0105080C00170344FF0262F3070400D401EF070C00630330FFDF1823D298FD200000184048
2026-09-12T15:44:32.4973193+00:00,7214,133395650,Connected,-1,24,-30,466,2058,-0.1436521,2.231396,9.854534,9,936,-225,0.010996124,1.1435969,-0.2749031,6371,-11744,-636,382.25998,-704.64,-38.16,0,0,0,0,0,0,0,0,0,0,0,1,C274F307E2FFD2010A080900A8031FFF9B87F307BCFFD2011E080A00D70313FF5B9AF3078AFFD6011B080D00E9030FFFE31820D284FD200000184048
2026-09-12T15:44:32.5139773+00:00,7215,133410075,Connected,-1,24,-165,480,2090,-0.79008657,2.2984335,10.007763,10,984,-236,0.012217915,1.2022429,-0.2883428,6373,-11749,-649,382.38,-704.94,-38.94,0,0,0,0,0,0,0,0,0,0,0,1,1BADF3075BFFE0012A080A00D80314FFDBBFF30737FFDF013F080800A80320FFB4D2F30722FFDF013C0808005F0332FFE5181BD277FD200000184048
2026-09-12T15:44:32.5306608+00:00,7216,133424500,Connected,-1,24,-231,483,2096,-1.1061212,2.3127987,10.036493,9,778,-185,0.010996124,0.9505538,-0.22603142,6387,-11759,-684,383.22,-705.54,-41.04,0,0,0,0,0,0,0,0,0,0,0,1,74E5F30719FFE301300809000A0347FF34F8F3070BFFE1013B080700B4025CFFF40AF40702FFE001380806005F0272FFF31811D254FD200000184048
2026-09-12T15:44:32.5473156+00:00,7218,133453325,Connected,-1,24,-245,425,2174,-1.1731589,2.0350714,10.409989,-35,238,-28,-0.0427627,0.2907864,-0.03421016,6402,-11772,-751,384.12,-706.32,-45.059998,0,0,0,0,0,0,0,0,0,0,0,1,0D56F4070BFFA9017E08DDFFEE00E4FFCD68F407CEFEC4012708FBFFDB0020008D7BF40703FF06020B08FAFF7A003C00021904D211FD200000184048
2026-09-12T15:44:32.5806650+00:00,7219,133467750,Connected,-1,24,-277,477,2128,-1.3263878,2.2840683,10.189722,-18,52,89,-0.021992248,0.06353316,0.10873944,6410,-11777,-776,384.6,-706.62,-46.559998,0,0,0,0,0,0,0,0,0,0,0,1,668EF407EBFEDD015008EEFF3400590026A1F40716FFE0011A08F6FFF9FF7B00E6B3F4072CFFF201F807F2FFEEFFA6000A19FFD1F8FC200000184048
2026-09-12T15:44:32.5973352+00:00,7220,133482150,Connected,-1,24,-222,494,2079,-1.0630256,2.3654714,9.9550905,-23,3,210,-0.028101204,0.0036653746,0.2565762,6420,-11775,-819,385.19998,-706.5,-49.14,0,0,0,0,0,0,0,0,0,0,0,1,A6C6F40722FFEE011F08E9FF0300D2007FD9F4072CFFDF011808EAFF1100FB003FECF40732FFDE010808EAFF11001F01141901D2CDFC200000184048
2026-09-12T15:44:32.6141119+00:00,7221,133496675,Connected,-1,24,-213,469,2085,-1.0199299,2.2457612,9.983821,-26,18,312,-0.03176658,0.021992248,0.38119894,6425,-11769,-841,385.5,-706.14,-50.46,0,0,0,0,0,0,0,0,0,0,0,1,63FFF4072BFFD5012508E6FF12003801BF11F50745FFBD013308E7FFF3FF2B017F24F5073DFFAD014308ECFFABFFF000191907D2B7FC200000184048
2026-09-12T15:44:32.6307642+00:00,7222,133511175,Connected,-1,24,-224,415,2144,-1.0726024,1.9871874,10.266336,-9,-190,164,-0.010996124,-0.23214038,0.2003738,6436,-11753,-878,386.16,-705.18,-52.68,0,0,0,0,0,0,0,0,0,0,0,1,0738F50720FF9F016008F7FF42FFA400314AF507A5FFC401F3070100D8FE5C00D85CF5079CFFD4010D08050019FF4300241917D292FC200000184048
2026-09-12T15:44:32.6473327+00:00,7224,133539825,Connected,-1,24,-164,470,2061,-0.78529817,2.2505496,9.868899,8,-8,11,0.009774332,-0.009774332,0.0134397065,6444,-11733,-906,386.63998,-703.98,-54.36,0,0,0,0,0,0,0,0,0,0,0,1,F1A7F5075CFFD6010D080800F8FF0B00B1BAF5074BFFDC0120080800FFFF090071CDF50744FFD30123080900ECFF0B002C192BD276FC200000184048
2026-09-12T15:44:32.6639971+00:00,7225,133554250,Connected,-1,24,-198,470,2085,-0.94810385,2.2505496,9.983821,10,-35,16,0.012217915,-0.0427627,0.019548664,6453,-11712,-923,387.18,-702.72,-55.379997,0,0,0,0,0,0,0,0,0,0,0,1,4AE0F5073AFFD60125080A00DDFF10000AF3F50739FFD9011E080900C2FF1600CA05F60739FFD40120080700A2FF1D00351940D265FC200000184048
2026-09-12T15:44:32.6806507+00:00,7226,133568650,Connected,-1,24,-190,470,2083,-0.90979666,2.2505496,9.974244,8,-115,35,0.009774332,-0.14050601,0.0427627,6455,-11699,-926,387.3,-701.94,-55.559998,0,0,0,0,0,0,0,0,0,0,0,1,8A18F60742FFD601230808008DFF23004A2BF60742FFDF011908080077FF2A00233EF60735FFDB011C0802005FFF310037194DD262FC200000184048
2026-09-12T15:44:32.6973136+00:00,7227,133583075,Connected,-1,24,-206,470,2095,-0.9864111,2.2505496,10.031705,1,-196,58,0.0012217915,-0.23947114,0.07086391,6457,-11674,-924,387.41998,-700.44,-55.44,0,0,0,0,0,0,0,0,0,0,0,1,E350F60732FFD6012F0801003CFF3A00A363F60738FFDB012808030010FF46006376F6073AFFDC0124080200E7FE5000391966D264FC200000184048
2026-09-12T15:44:32.7139857+00:00,7229,133611900,Connected,-1,24,-167,468,2086,-0.79966336,2.2409728,9.988609,0,-420,116,0,-0.5131524,0.14172782,6453,-11636,-900,387.18,-698.16,-54,0,0,0,0,0,0,0,0,0,0,0,1,7CC1F60759FFD401260800005CFE74003CD4F60763FFD901260800003FFE7A0015E7F6076CFFDB012408FFFF29FE810035198CD27CFC200000184048
2026-09-12T15:44:32.7307047+00:00,7230,133626325,Connected,-1,24,-140,470,2080,-0.6703765,2.2505496,9.959879,-1,-492,134,-0.0012217915,-0.6011214,0.16372006,6451,-11621,-888,387.06,-697.26,-53.28,0,0,0,0,0,0,0,0,0,0,0,1,D5F9F60774FFD6012008FFFF14FE8600950CF70780FFDA012008000002FE8B00551FF7078AFFDB011E080000F4FD8E0033199BD288FC200000184048
2026-09-12T15:44:32.7473256+00:00,7231,133640725,Connected,-1,24,-114,471,2083,-0.545878,2.255338,9.974244,-2,-536,145,-0.002443583,-0.6548802,0.17715977,6450,-11603,-862,387,-696.18,-51.719997,0,0,0,0,0,0,0,0,0,0,0,1,1532F7078EFFD7012308FEFFE8FD9100EE44F7079BFFD8011F08FFFFDFFD9300AE57F707A9FFDB012308FFFFD7FD94003219ADD2A2FC200000184048
2026-09-12T15:44:32.7639850+00:00,7232,133655175,Connected,-1,24,-80,472,2078,-0.38307226,2.2601264,9.950302,-2,-557,150,-0.002443583,-0.6805379,0.18326873,6447,-11597,-848,386.81998,-695.82,-50.879997,0,0,0,0,0,0,0,0,0,0,0,1,876AF707B0FFD8011E08FEFFD3FD96002E7DF707B7FFD7011E08FFFFD5FD96000790F707C4FFD8011F08FFFFD8FD95002F19B3D2B0FC200000184048
2026-09-12T15:44:32.7806487+00:00,7233,133669575,Connected,-1,24,-45,470,2075,-0.21547815,2.2505496,9.935937,0,-545,148,0,-0.6658764,0.18082514,6440,-11589,-815,386.4,-695.33997,-48.899998,0,0,0,0,0,0,0,0,0,0,0,1,C7A2F707D3FFD6011B080000DFFD940087B5F707D4FFD7011C08FEFFE5FD910047C8F707E1FFD8011C080000F2FD8F002819BBD2D1FC200000184048
2026-09-12T15:44:32.7973413+00:00,7235,133698400,Connected,-1,24,3,471,2073,0.01436521,2.255338,9.92636,-1,-458,126,-0.0012217915,-0.5595805,0.15394573,6432,-11581,-779,385.91998,-694.86,-46.739998,0,0,0,0,0,0,0,0,0,0,0,1,6013F8070300D7011908FFFF36FE7E002026F8070800D6011608FFFF4DFE7800F938F8071500D3010E08010069FE71002019C3D2F5FC200000184048
2026-09-12T15:44:32.8139888+00:00,7236,133712825,Connected,-1,24,20,464,2063,0.095768064,2.2218192,9.878476,0,-381,105,0,-0.46550256,0.1282881,6421,-11572,-740,385.25998,-694.32,-44.399998,0,0,0,0,0,0,0,0,0,0,0,1,B94BF8071400D0010F08000083FE6900795EF8071900D60112080000A2FE62003971F8071E00D1010F08FFFFC0FE5A001519CCD21CFD200000184048
2026-09-12T15:44:32.8307620+00:00,7237,133727250,Connected,-1,24,35,466,2058,0.16759412,2.231396,9.854534,0,-284,81,0,-0.3469888,0.09896511,6416,-11567,-720,384.96,-694.01996,-43.2,0,0,0,0,0,0,0,0,0,0,0,1,1284F8072300D2010A080000E4FE5100D296F8072600CF010C0800000AFF490092A9F8072900D001110800002CFF3F001019D1D230FD200000184048
2026-09-12T15:44:32.8639769+00:00,7238,133741650,Connected,-1,24,39,467,2061,0.18674773,2.2361844,9.868899,0,-175,54,0,-0.21381351,0.06597674,6405,-11556,-676,384.3,-693.36,-40.559998,0,0,0,0,0,0,0,0,0,0,0,1,52BCF8072700D3010D08000051FF360012CFF8072A00D2010908FFFF75FF2D00EBE1F8072C00D5010C0801009AFF23000519DCD25CFD200000184048
2026-09-12T15:44:32.8806591+00:00,7240,133770500,Connected,-1,24,37,470,2068,0.17717093,2.2505496,9.902418,1,39,1,0.0012217915,0.047649868,0.0012217915,6392,-11538,-620,383.52,-692.27997,-37.2,0,0,0,0,0,0,0,0,0,0,0,1,042DF9072500D6011408010027000100C43FF9072400D201140802004400F8FF8452F9072500D201150803006000F2FFF818EED294FD200000184048
2026-09-12T15:44:32.8973060+00:00,7241,133784900,Connected,-1,24,27,465,2071,0.12928689,2.2266076,9.916783,3,124,-20,0.0036653746,0.15150215,-0.02443583,6389,-11534,-604,383.34,-692.04,-36.239998,0,0,0,0,0,0,0,0,0,0,0,1,4465F9071B00D101170803007C00ECFF1D78F9071A00D301110803008F00E5FFDD8AF9071700D70118080300A200E1FFF518F2D2A4FD200000184048
2026-09-12T15:44:32.9139743+00:00,7243,133813750,Connected,-1,24,3,470,2081,0.01436521,2.2505496,9.964667,3,207,-42,0.0036653746,0.25291085,-0.051315244,6379,-11526,-573,382.74,-691.56,-34.38,0,0,0,0,0,0,0,0,0,0,0,1,F6D5F9070300D60121080300CF00D6FFB6E8F9070100D4011A080300D300D4FF76FBF907F8FFD50120080300D600D4FFEB18FAD2C3FD200000184048
2026-09-12T15:44:32.9473933+00:00,7245,133842575,Connected,-1,24,-26,474,2084,-0.12449849,2.2697031,9.9790325,2,195,-39,0.002443583,0.23824935,-0.047649868,6375,-11525,-560,382.5,-691.5,-33.6,0,0,0,0,0,0,0,0,0,0,0,1,8F46FA07E6FFDA0124080200C300D9FF4F59FA07E0FFDB0123080200B800DBFF0F6CFA07E1FFD60125080300AC00DEFFE718FBD2D0FD200000184048
2026-09-12T15:44:32.9640132+00:00,7246,133857000,Connected,-1,24,-37,473,2084,-0.17717093,2.2649148,9.9790325,3,157,-30,0.0036653746,0.19182126,-0.036653746,6376,-11525,-561,382.56,-691.5,-33.66,0,0,0,0,0,0,0,0,0,0,0,1,E87EFA07DBFFD901240803009D00E2FFA891FA07D8FFDD01260803009100E6FF68A4FA07D3FFDB01250803008200E9FFE818FBD2CFFD200000184048
2026-09-12T15:44:32.9806711+00:00,7247,133871400,Connected,-1,24,-45,474,2090,-0.21547815,2.2697031,10.007763,3,115,-20,0.0036653746,0.14050601,-0.02443583,6377,-11526,-567,382.62,-691.56,-34.02,0,0,0,0,0,0,0,0,0,0,0,1,28B7FA07D3FFDA012A0803007300ECFF01CAFA07D0FFD901220803006400F0FFC1DCFA07D1FFDB01240803005500F5FFE918FAD2C9FD200000184048
2026-09-12T15:44:32.9973437+00:00,7248,133885825,Connected,-1,24,-52,474,2082,-0.24899697,2.2697031,9.969456,3,66,-8,0.0036653746,0.08063824,-0.009774332,6378,-11527,-569,382.68,-691.62,-34.14,0,0,0,0,0,0,0,0,0,0,0,1,81EFFA07CCFFDA01220803004200F8FF4102FB07CEFFD901250802003300FDFF0115FB07CBFFD9012608020026000100EA18F9D2C7FD200000184048
2026-09-12T15:44:33.0144820+00:00,7249,133900250,Connected,-1,24,-52,471,2085,-0.24899697,2.255338,9.983821,1,21,4,0.0012217915,0.025657622,0.004887166,6382,-11529,-583,382.91998,-691.74,-34.98,0,0,0,0,0,0,0,0,0,0,0,1,DA27FB07CCFFD70125080100150004009A3AFB07CCFFD7012A080200050008005A4DFB07CBFFD60127080100F8FF0C00EE18F7D2B9FD200000184048
2026-09-12T15:44:33.0306844+00:00,7251,133929075,Connected,-1,24,-39,472,2084,-0.18674773,2.2601264,9.9790325,1,-60,24,0.0012217915,-0.07330749,0.029322997,6382,-11535,-602,382.91998,-692.1,-36.12,0,0,0,0,0,0,0,0,0,0,0,1,7398FB07D9FFD80124080100C4FF180033ABFB07D8FFD80123080100BBFF1B00F3BDFB07D8FFDB0124080200B4FF1D00EE18F1D2A6FD200000184048
2026-09-12T15:44:33.0473537+00:00,7252,133943500,Connected,-1,24,-35,470,2081,-0.16759412,2.2505496,9.964667,2,-81,31,0.002443583,-0.09896511,0.037875537,6383,-11536,-608,382.97998,-692.16,-36.48,0,0,0,0,0,0,0,0,0,0,0,1,CCD0FB07DDFFD60121080200AFFF1F008CE3FB07E3FFD6011E080100A8FF20004CF6FB07E2FFDB011D080100A5FF2000EF18F0D2A0FD200000184048
2026-09-12T15:44:33.0640147+00:00,7253,133957900,Connected,-1,24,-28,467,2084,-0.1340753,2.2361844,9.9790325,1,-93,33,0.0012217915,-0.11362661,0.04031912,6385,-11538,-615,383.1,-692.27997,-36.899998,0,0,0,0,0,0,0,0,0,0,0,1,0C09FC07E4FFD30124080100A3FF2100E51BFC07E5FFD90124080100A3FF2100A52EFC07E7FFDA0121080100A4FF2000F118EED299FD200000184048
2026-09-12T15:44:33.0807052+00:00,7254,133972325,Connected,-1,24,-18,469,2079,-0.08619126,2.2457612,9.9550905,2,-90,33,0.002443583,-0.109961234,0.04031912,6385,-11538,-615,383.1,-692.27997,-36.899998,0,0,0,0,0,0,0,0,0,0,0,1,6541FC07EEFFD5011F080200A6FF21002554FC07F0FFD50117080100A9FF1F00E566FC07F2FFD7011D080000AEFF1F00F118EED299FD200000184048
2026-09-12T15:44:33.0973626+00:00,7255,133986725,Connected,-1,24,-10,469,2077,-0.047884032,2.2457612,9.945514,1,-76,29,0.0012217915,-0.092856154,0.035431955,6387,-11539,-616,383.22,-692.33997,-36.96,0,0,0,0,0,0,0,0,0,0,0,1,A579FC07F6FFD5011D080100B4FF1D007E8CFC07F3FFD8011E080100B8FF1C003E9FFC07F2FFD7011C080200BFFF1A00F318EDD298FD200000184048
2026-09-12T15:44:33.1140209+00:00,7257,134015575,Connected,-1,24,-7,470,2072,-0.033518825,2.2505496,9.921572,2,-33,18,0.002443583,-0.04031912,0.021992248,6388,-11538,-619,383.28,-692.27997,-37.14,0,0,0,0,0,0,0,0,0,0,0,1,57EAFC07F9FFD60118080200DFFF120017FDFC07F9FFD9011D080100E7FF0F00D70FFD07F8FFD50120080200F3FF0E00F418EED295FD200000184048
2026-09-12T15:44:33.1474008+00:00,7258,134029975,Connected,-1,24,-10,468,2079,-0.047884032,2.2409728,9.9550905,1,-7,11,0.0012217915,-0.00855254,0.0134397065,6387,-11537,-621,383.22,-692.22,-37.26,0,0,0,0,0,0,0,0,0,0,0,1,9722FD07F6FFD4011F080100F9FF0B007035FD07FAFFD3011A080200040009003048FD07F4FFD7011B0803000C000700F318EFD293FD200000184048
2026-09-12T15:44:33.1640070+00:00,7259,134044400,Connected,-1,24,-11,468,2075,-0.05267244,2.2409728,9.935937,1,20,4,0.0012217915,0.02443583,0.004887166,6386,-11537,-621,383.16,-692.22,-37.26,0,0,0,0,0,0,0,0,0,0,0,1,F05AFD07F5FFD4011B08010014000400B06DFD07F5FFD4011A0802001B0003008980FD07EFFFD6011B0802001F000100F218EFD293FD200000184048
2026-09-12T15:44:33.1806744+00:00,7261,134073250,Connected,-1,24,-24,472,2081,-0.11492168,2.2601264,9.964667,2,43,-1,0.002443583,0.052537035,-0.0012217915,6384,-11535,-618,383.03998,-692.1,-37.079998,0,0,0,0,0,0,0,0,0,0,0,1,A2CBFD07E8FFD801210802002B00FFFF62DEFD07E7FFD901230802002900000022F1FD07E9FFD5012108020027000100F018F1D296FD200000184048
2026-09-12T15:44:33.1973589+00:00,7262,134088050,Connected,-1,24,-25,471,2081,-0.11971009,2.255338,9.964667,2,35,1,0.002443583,0.0427627,0.0012217915,6382,-11535,-615,382.91998,-692.1,-36.899998,0,0,0,0,0,0,0,0,0,0,0,1,7205FE07E7FFD7012108020023000100BB16FE07E3FFD601230801001D0002007B29FE07E1FFD701220802001A000400EE18F1D299FD200000184048
2026-09-12T15:44:33.2140186+00:00,7263,134102075,Connected,-1,24,-29,474,2078,-0.1388637,2.2697031,9.950302,2,21,5,0.002443583,0.025657622,0.0061089573,6382,-11535,-615,382.91998,-692.1,-36.899998,0,0,0,0,0,0,0,0,0,0,0,1,3B3CFE07E3FFDA011E08020015000500FB4EFE07C2FFD6012A0802000A000800D461FE0744FFE50165080300D0FF1500EE18F1D299FD200000184048
2026-09-12T15:44:33.2307127+00:00,7264,134116500,Connected,-1,24,-264,515,2213,-1.2641385,2.4660277,10.596737,3,-220,63,0.0036653746,-0.26879412,0.076972865,6383,-11534,-610,382.97998,-692.04,-36.6,0,0,0,0,0,0,0,0,0,0,0,1,9474FE07F8FE0302A508030024FF3F005487FE07D0FEF701B108010027FE8100149AFE07D3FEFD01B708010002FDC900EF18F2D29EFD200000184048
2026-09-12T15:44:33.2473385+00:00,7265,134130900,Connected,-1,24,-280,511,2229,-1.340753,2.4468741,10.673351,-2,-1065,277,-0.002443583,-1.3012079,0.33843625,6384,-11532,-606,383.03998,-691.92,-36.36,0,0,0,0,0,0,0,0,0,0,0,1,D4ACFE07E8FEFF01B508FEFFD7FB1501ADBFFE07E3FEFA01BD08FDFFB3FA5E016DD2FE07B0FE0602E608FEFF78F9AD01F018F4D2A2FD200000184048
2026-09-12T15:44:33.2641615+00:00,7266,134145325,Connected,-1,24,-324,509,2334,-1.5514427,2.4372973,11.176133,-3,-2050,523,-0.0036653746,-2.5046725,0.63899696,6382,-11530,-596,382.91998,-691.8,-35.76,0,0,0,0,0,0,0,0,0,0,0,1,2DE5FE07BCFEFD011E09FDFFFEF70B02EDF7FE07E80062014B0905009DF66802AD0AFF070C04C3FF3D09220058F69F02EE18F6D2ACFD200000184048
2026-09-12T15:44:33.2807066+00:00,7268,134174150,Connected,-1,24,291,467,1995,1.3934253,2.2361844,9.552865,142,-1297,279,0.1734944,-1.5846635,0.34087983,6354,-11522,-523,381.24,-691.32,-31.38,0,0,0,0,0,0,0,0,0,0,0,1,C655FF072301D301CB078E00EFFA17019F68FF07FBFFCF01A608970028FBC1005F7BFF070C001002BE0887004EF9D000D218FED2F5FD200000184048
2026-09-12T15:44:33.2973446+00:00,7269,134188575,Connected,-1,24,205,625,2181,0.9816227,2.992752,10.443508,140,-2161,224,0.1710508,-2.6402915,0.27368128,6314,-11542,-439,378.84,-692.51996,-26.34,0,0,0,0,0,0,0,0,0,0,0,1,1F8EFF07CD00710285088C008FF7E000DFA0FF07D401CA023608C40002F7A6009FB3FF076302100324083A0161F70C00AA18EAD249FE200000184048
2026-09-12T15:44:33.3140107+00:00,7270,134203000,Connected,-1,24,597,822,2088,2.858677,3.9360676,9.998186,479,-2180,-183,0.5852381,-2.6635056,-0.22358784,6289,-11565,-385,377.34,-693.89996,-23.1,0,0,0,0,0,0,0,0,0,0,0,1,78C6FF07550236032808DF017CF749FF38D9FF07390260030508A402C8F67AFEF8EBFF0702029B032D088E0322F682FD9118D3D27FFE200000184048
2026-09-12T15:44:33.3306937+00:00,7271,134217400,Connected,-1,24,406,1020,2168,1.9440918,4.8841715,10.381259,1170,-2534,-926,1.429496,-3.0960197,-1.1313789,6223,-11680,-225,373.38,-700.8,-13.5,0,0,0,0,0,0,0,0,0,0,0,1,B8FEFF079601FC03780892041AF662FC781100087801F3031E099F0552F652FB512400086B01E4035A099706D0F570FA4F1860D21FFF200000184048
2026-09-12T15:44:33.3473439+00:00,7272,134231825,Connected,-1,24,390,954,2375,1.8674773,4.5681367,11.372458,1930,-2877,-1601,2.3580575,-3.515094,-1.9560882,6174,-11783,-100,370.44,-706.98,-6,0,0,0,0,0,0,0,0,0,0,0,1,113700088601BA0347098A07C3F4BFF9D1490008FC01B303E708860884F34AF9915C000873025303D108860949F22EF91E18F9D19CFF200000184048
2026-09-12T15:44:33.3639960+00:00,7274,134260875,Connected,-1,24,756,467,2255,3.620033,2.2361844,10.79785,3649,-4863,-1456,4.4583173,-5.941572,-1.7789284,5792,-12185,547,347.52,-731.1,32.82,0,0,0,0,0,0,0,0,0,0,0,1,8BA80008F402D301CF08410E01ED50FAB5BA0008AA02CA010009550FDBEB41FA43CD00083002C6015C09471079EAF4F9A01667D02302200000184048
2026-09-12T15:44:33.3806925+00:00,7275,134275075,Connected,-1,24,472,470,2469,2.2601264,2.2505496,11.822568,4384,-6029,-1692,5.3563337,-7.366181,-2.0672712,5536,-12245,831,332.16,-734.7,49.86,0,0,0,0,0,0,0,0,0,0,0,1,03E00008D801D601A509201173E864F9C3F200085802D4012309E61154E697F883050108EA02B601D3089A1269E491F7A0152BD03F03200000184048
2026-09-12T15:44:33.3973549+00:00,7276,134289475,Connected,-1,24,894,414,2074,4.280833,1.982399,9.931149,4957,-7553,-2482,6.0564203,-9.228191,-3.0324864,4854,-12083,1337,291.24,-724.98,80.22,0,0,0,0,0,0,0,0,0,0,0,1,431801087E039E011A085D137FE24EF61C2B0108C303CA01AC07E2133AE0D8F4DC3D01089C0360020207E313CEDD6FF3F612CDD03905200000184048
2026-09-12T15:44:33.4140097+00:00,7277,134303900,Connected,-1,24,862,880,1554,4.1276035,4.213795,7.441179,5093,-9770,-3509,6.2225842,-11.936903,-4.2872663,4475,-11870,1512,268.5,-712.2,90.72,0,0,0,0,0,0,0,0,0,0,0,1,9C5001085E0370031206E513D6D94BF25C630108D2025904FC049213D2D597F11C760108A102DC04B903161393D13DF17B11A2D1E805200000184048
2026-09-12T15:44:33.4306809+00:00,7278,134318325,Connected,-1,24,648,1248,591,3.1028855,5.9759274,2.8299465,4765,-13117,-3875,5.8218365,-16.02624,-4.734442,3751,-11279,1685,225.06,-676.74,101.1,0,0,0,0,0,0,0,0,0,0,0,1,F58801088802E0044F029D12C3CCDDF0B59B01085802B5040901EE1161C979F075AE01082D028D04D6FF3E1152C70AF0A70EF1D39506200000184048
2026-09-12T15:44:33.4473498+00:00,7279,134332725,Connected,-1,24,357,1215,-420,1.70946,5.81791,-2.0111294,4225,-14744,-4197,5.162069,-18.014093,-5.127859,3420,-10932,1699,205.2,-655.92,101.939995,0,0,0,0,0,0,0,0,0,0,0,1,35C101086501BF045CFE811068C69BEF0ED401080300580533FDFC0FF4C62FEFCEE6010804FFFA0566FCB20FBCC7E2EE5C0D4CD5A306200000184048
2026-09-12T15:44:33.4640214+00:00,7280,134347150,Connected,-1,24,-229,1738,-1173,-1.0965444,8.322245,-5.616797,4008,-14209,-4381,4.89694,-17.360435,-5.352669,2829,-10176,1644,169.73999,-610.56,98.64,0,0,0,0,0,0,0,0,0,0,0,1,8EF901081BFFCA066BFBA80F7FC8E3EE4E0C02087100B507FFF96F0FDCC971EF0E1F0208D4028F088CF7E70E27CD94F00D0B40D86C06200000184048
2026-09-12T15:44:33.4807230+00:00,7281,134361575,Connected,-1,24,1519,2555,-3013,7.273585,12.23437,-14.42746,3565,-11116,-3529,4.3556867,-13.581434,-4.3117023,2559,-9771,1583,153.54,-586.26,94.979996,0,0,0,0,0,0,0,0,0,0,0,1,E7310208EF05FB093BF4ED0D94D437F2A7440208A208B50B66F19C0C3DE2B3F467570208EB08C20BCFF3230CD7F248F8FF09D5D92F06200000184048
2026-09-12T15:44:33.4974023+00:00,7282,134375975,Connected,-1,24,2019,2103,-1634,9.667787,10.070012,-7.824251,3395,-597,-863,4.147982,-0.7294095,-1.054406,2058,-8888,1398,123.479996,-533.27997,83.88,0,0,0,0,0,0,0,0,0,0,0,1,276A0208E30737089EF9430DABFDA1FC007D02081908260504FBC90EAA004600C08F02087B08B0038CFB0E101502A2020A0848DD7605200000184048
2026-09-12T15:44:33.5146410+00:00,7284,134404825,Connected,-1,24,2620,1960,755,12.545617,9.385271,3.6152446,4344,829,2185,5.307462,1.0128652,2.6696143,1454,-7357,835,87.24,-441.41998,50.1,0,0,0,0,0,0,0,0,0,0,0,1,D9DA02083C0AA807F302F8103D038908B2ED02081B0AD608FD01150F4203F80A59000308750887092C01B80C6F054D0DAE0543E34303200000184048
2026-09-12T15:44:33.5640212+00:00,7286,134433650,Connected,-1,24,44,2046,425,0.21068975,9.797073,2.0350714,845,3797,4330,1.0324138,4.6391425,5.290357,1310,-6430,249,78.6,-385.8,14.94,0,0,0,0,0,0,0,0,0,0,0,1,724B03082C00FE07A9014D03D50EEA10325E0308F6FF4C071602FF001D0FED0FF2700308CBFF64067001BEFE0D0FA90E1E05E2E6F900200000184048
2026-09-12T15:44:33.5807041+00:00,7289,134476900,Connected,-1,24,128,399,-3769,0.61291564,1.910573,-18.047493,-2984,4363,217,-3.6458259,5.330676,0.26512876,1583,-5638,-689,94.979996,-338.28,-41.34,0,0,0,0,0,0,0,0,0,0,0,1,64F4030880008F0147F158F40B11D90024070408C4029D0105EF40F84713EFFDE4190408EC04980396F67BFDEE123CFC2F06FAE94FFD200000184048
2026-09-12T15:44:33.5973470+00:00,7290,134491325,Connected,-1,24,1696,1309,-379,8.121132,6.26802,-1.8148049,288,3694,-1021,0.35187596,4.5132976,-1.2474492,1613,-5641,-724,96.78,-338.46,-43.44,0,0,0,0,0,0,0,0,0,0,0,1,BD2C0408A0061D0585FE20016E0E03FC7D3F04087A075F05DB017C02A3098EFC3D5204088F070E0516025202280714FD4D06F7E92CFD200000184048
2026-09-12T15:44:33.6140337+00:00,7291,134505725,Connected,-1,24,1871,1217,311,8.959103,5.827487,1.4891934,338,1773,-671,0.41296554,2.1662364,-0.8198221,1619,-5692,-722,97.14,-341.52,-43.32,0,0,0,0,0,0,0,0,0,0,0,1,FD6404084F07C10437015201ED0661FDD6770408ED06BA042F0034008407ADFD968A0408C206CE0445FF96FFE60734FE5306C4E92EFD200000184048
2026-09-12T15:44:33.6306968+00:00,7292,134520150,Connected,-1,24,1714,1263,-264,8.207323,6.0477533,-1.2641385,-90,1953,-286,-0.109961234,2.3861587,-0.34943238,1602,-5731,-695,96.119995,-343.86,-41.7,0,0,0,0,0,0,0,0,0,0,0,1,569D0408B206EF04F8FEA6FFA107E2FE16B0040896062D055AFF1200B4067EFFEFC20408B6068205E2FF6F00B905C7FF42069DE949FD200000184048
2026-09-12T15:44:33.6640240+00:00,7294,134548975,Connected,-1,24,2724,1450,44,13.043611,6.943185,0.21068975,231,1176,88,0.28223383,1.4368268,0.10751765,1517,-5864,-578,91.02,-351.84,-34.68,0,0,0,0,0,0,0,0,0,0,0,1,EF0D0508A40AAA052C00E70098045800C82005087B0E9106C60246008D079B01BA330508C5039F06DB02AEFE610AD503ED0518E9BEFD200000184048
2026-09-12T15:44:33.6806701+00:00,7296,134577825,Connected,-1,24,1825,1427,118,8.738836,6.8330517,0.5650316,122,1619,-378,0.14905857,1.9780804,-0.46183717,1448,-5992,-421,86.88,-359.52,-25.26,0,0,0,0,0,0,0,0,0,0,0,1,A17E05082107930576007A00530686FE61910508F407A604D801A2FF9C0697FE21A4050814079404760138FED306E8FEA80598E85BFE200000184048
2026-09-12T15:44:33.7139973+00:00,7297,134592225,Connected,-1,24,1595,1165,99,7.6375036,5.57849,0.47405192,-783,1966,-279,-0.9566627,2.4020422,-0.34087983,1432,-6027,-362,85.92,-361.62,-21.72,0,0,0,0,0,0,0,0,0,0,0,1,E1B605083B068D046300F1FCAE07E9FEBAC90508C905BF0497FF01FC7E08A2FE7ADC0508F605F60486FF76FB75084FFE980575E896FE200000184048
2026-09-12T15:44:33.7306685+00:00,7299,134621075,Connected,-1,24,1733,1202,37,8.298303,5.755661,0.17717093,-980,843,2,-1.1973556,1.0299702,0.002443583,1422,-6104,-191,85.32,-366.24,-11.46,0,0,0,0,0,0,0,0,0,0,0,1,93270608C506B20425002CFC4B030200533A0608B706C904ACFFF3FCD2019D00134D0608A906F90475FFB7FDE50002018E0528E841FF200000184048
2026-09-12T15:44:33.7473339+00:00,7300,134635475,Connected,-1,24,1703,1338,-111,8.154651,6.4068837,-0.5315128,-436,107,330,-0.5327011,0.13073169,0.40319118,1431,-6136,-100,85.86,-368.16,-6,0,0,0,0,0,0,0,0,0,0,0,1,D35F0608A7063A0591FF4CFE6B004A01AC720608720659051C00B5FE22008C016C85060846067A05B600F2FE9AFFD101970508E89CFF200000184048
2026-09-12T15:44:33.7640036+00:00,7301,134649900,Connected,-1,24,1681,1410,134,8.049306,6.751649,0.641646,-245,-217,519,-0.2993389,-0.26512876,0.6341098,1437,-6150,-63,86.22,-369,-3.78,0,0,0,0,0,0,0,0,0,0,0,1,2C9806089106820586000BFF27FF0702ECAA060843068705B3000FFF2AFF1F02C5BD0608DC059605FC00E8FE60FFF4019D05FAE7C1FF200000184048
2026-09-12T15:44:33.7806604+00:00,7302,134664325,Connected,-1,24,1484,1430,241,7.1059904,6.847417,1.1540052,-340,-73,403,-0.41540912,-0.08919078,0.49238196,1448,-6179,1,86.88,-370.74,0.06,0,0,0,0,0,0,0,0,0,0,0,1,85D00608CC059605F100ACFEB7FF930145E30608270644059C0171FE25001E0105F6060821060C051F0129FE5400AD00A805DDE70100200000184048
2026-09-12T15:44:33.7973340+00:00,7303,134678725,Connected,-1,24,1483,1280,111,7.101202,6.129156,0.5315128,-508,207,39,-0.6206701,0.25291085,0.047649868,1453,-6193,27,87.18,-371.58,1.62,0,0,0,0,0,0,0,0,0,0,0,1,C5080708CB0500056F0004FECF0027009E1B0708B8053205E6FF12FED60179FF5E2E0708EB056F05A9FF5BFE0703B9FEAD05CFE71B00200000184048
2026-09-12T15:44:33.8140008+00:00,7305,134707775,Connected,-1,24,1409,1292,-151,6.7468605,6.1866174,-0.7230489,69,1316,-918,0.08430361,1.6078776,-1.1216046,1477,-6235,98,88.619995,-374.1,5.8799996,0,0,0,0,0,0,0,0,0,0,0,1,3F7A070881050C0569FF450024056AFC378C07083705EA0438FFB8002C06FFFBF79E07083805D2044AFFED006E0775FBC505A5E76200200000184048
2026-09-12T15:44:33.8306632+00:00,7306,134722275,Connected,-1,24,1713,1263,-49,8.202535,6.0477533,-0.23463176,220,2256,-1313,0.26879412,2.7563617,-1.6042123,1486,-6245,119,89.159996,-374.69998,7.14,0,0,0,0,0,0,0,0,0,0,0,1,E3B20708B106EF04CFFFDC00D008DFFA90C4070839091705170182000A0A91FA50D707084A0B44058102DCFF760A1CFBCE059BE77700200000184048
2026-09-12T15:44:33.8473385+00:00,7307,134736400,Connected,-1,24,2808,1379,745,13.445837,6.603208,3.5673606,-267,2522,-850,-0.32621834,3.0813582,-1.0385227,1510,-6257,166,90.6,-375.41998,9.96,0,0,0,0,0,0,0,0,0,0,0,1,10EA0708F80A6305E902F5FEDA09AEFCD0FC070866095F05D902F5FDB30883FEA90F080835085F05E50111FD7F07E9FFE6058FE7A600200000184048
2026-09-12T15:44:33.8639980+00:00,7308,134750825,Connected,-1,24,1979,1362,241,9.476251,6.5218053,1.1540052,-870,1698,212,-1.0629586,2.074602,0.2590198,1524,-6263,189,91.439995,-375.78,11.34,0,0,0,0,0,0,0,0,0,0,0,1,69220808BB075205F1009AFCA206D400293508089D073B05250081FC6B066801E9470808AC0770055800AAFC7006D501F40589E7BD00200000184048
2026-09-12T15:44:33.8806840+00:00,7309,134765250,Connected,-1,24,1926,1448,203,9.222465,6.933608,0.9720459,-808,1663,566,-0.98720753,2.0318391,0.691534,1546,-6277,231,92.759995,-376.62,13.86,0,0,0,0,0,0,0,0,0,0,0,1,C25A08088607A805CB00D8FC7F063602826D08086707F405FD0006FD760690024280080822072306320143FDCC06DF020A067BE7E700200000184048
2026-09-12T15:44:33.8973358+00:00,7311,134794075,Connected,-1,24,1456,1764,483,6.9719152,8.446744,2.3127987,-325,3052,611,-0.39708224,3.7289076,0.7465146,1579,-6302,294,94.74,-378.12,17.64,0,0,0,0,0,0,0,0,0,0,0,1,5BCB0808B005E406E301BBFEEC0B63021BDE08081C06EE068F02A0FEE20DE701DBF00808D5058906470254FEAD0F73012B0662E72601200000184048
2026-09-12T15:44:33.9139979+00:00,7312,134808475,Connected,-1,24,1280,1465,580,6.129156,7.015011,2.777274,-445,4591,210,-0.54369724,5.609245,0.2565762,1597,-6316,320,95.82,-378.96,19.199999,0,0,0,0,0,0,0,0,0,0,0,1,9B0309080005B905440243FEEF11D2007416090832047E0449026DFECA13090034290908F703B5037202D5FEFF144AFF3D0654E74001200000184048
2026-09-12T15:44:33.9474950+00:00,7313,134822900,Connected,-1,24,1134,800,662,5.4300494,3.8307228,3.169923,-178,5553,-365,-0.21747889,6.7846084,-0.4459539,1648,-6344,386,98.88,-380.63998,23.16,0,0,0,0,0,0,0,0,0,0,0,1,F43B09086E04200396024EFFB11593FEB44E090814059502C702D1FF3D17DDFD7461090835055302D3027300FF1952FD700638E78201200000184048
2026-09-12T15:44:33.9640383+00:00,7314,134837325,Connected,-1,24,816,553,204,3.9073372,2.6479871,0.9768343,349,7709,-821,0.42640522,9.418791,-1.0030909,1685,-6358,428,101.1,-381.47998,25.68,0,0,0,0,0,0,0,0,0,0,0,1,4D74090830032902CC005D011D1ECBFC0D8709081302F2016E02AE026223EFFBCD9909086D00A001D70228047D2777FB95062AE7AC01200000184048
2026-09-12T15:44:33.9806593+00:00,7317,134880550,Connected,-1,24,773,1820,2087,3.7014358,8.714894,9.993398,2066,5028,-235,2.5242212,6.1431675,-0.287121,1942,-6394,603,116.52,-383.63998,36.18,0,0,0,0,0,0,0,0,0,0,0,1,261D0A0805031C0727081208A41315FFFF2F0A087402310674072F07DA11BEFFBF420A085D014E057D0670066611D5FF960706E75B02200000184048
2026-09-12T15:44:34.0140097+00:00,7318,134894975,Connected,-1,24,99,1225,1436,0.47405192,5.865794,6.8761473,1529,4481,-153,1.8681192,5.474848,-0.1869341,2104,-6402,669,126.24,-384.12,40.14,0,0,0,0,0,0,0,0,0,0,0,1,7F550A086300C9049C05F905811167FF3F680A08D6FFB004C004CA057F119CFE187B0A08E7FF03053F04E90537119FFD3808FEE69D02200000184048
2026-09-12T15:44:34.0306771+00:00,7319,134909400,Connected,-1,24,120,1425,1093,0.5746084,6.823475,5.233725,1563,4308,-855,1.9096601,5.263478,-1.0446317,2191,-6400,693,131.45999,-384,41.579998,0,0,0,0,0,0,0,0,0,0,0,1,D88D0A087800910545041B06D410A9FC98A00A08F900BE056D0421069210DEFB58B30A0805017B05F604F405A1101EFB8F0800E7B502200000184048
2026-09-12T15:44:34.0473666+00:00,7321,134938225,Connected,-1,24,-47,1529,1399,-0.22505496,7.321469,6.6989765,1119,4149,-1657,1.3671846,5.069213,-2.0245085,2480,-6371,744,148.8,-382.25998,44.64,0,0,0,0,0,0,0,0,0,0,0,1,71FE0A08D1FFF90577055F04351087F931110B08D2FF12068D043004E40F9AF9F1230B08DDFF0F0637045A04870FEAF9B0091DE7E802200000184048
2026-09-12T15:44:34.0640065+00:00,7322,134952625,Connected,-1,24,-30,1567,1047,-0.1436521,7.503428,5.0134583,1207,3904,-1442,1.4747024,4.769874,-1.7618233,2695,-6338,755,161.7,-380.28,45.3,0,0,0,0,0,0,0,0,0,0,0,1,B1360B08E2FF1F061704B704400F5EFA8A490B08BEFF4C0639042C05390FDEFA4A5C0B087CFF5C0611049605750F54FB870A3EE7F302200000184048
2026-09-12T15:44:34.0806994+00:00,7323,134967050,Connected,-1,24,-250,1642,962,-1.1971009,7.8625584,4.606444,1556,4063,-1104,1.9011075,4.964139,-1.3488578,2800,-6310,751,168,-378.6,45.059998,0,0,0,0,0,0,0,0,0,0,0,1,0A6F0B0806FF6A06C2031406DF0FB0FBCA810B08A2FE7F06C2039D06D910DEFB8A940B081BFE6206940316071312E0FBF00A5AE7EF02200000184048
2026-09-12T15:44:34.0973315+00:00,7324,134981475,Connected,-1,24,-584,1648,867,-2.7964275,7.8912888,4.1515455,1947,4884,-1078,2.378828,5.96723,-1.3170912,3011,-6248,716,180.65999,-374.88,42.96,0,0,0,0,0,0,0,0,0,0,0,1,63A70B08B8FD700663039B071413CAFB23BA0B0882FDA90628033B08D513B2FBE3CC0B0875FD0F071303F1087414A3FBC30B98E7CC02200000184048
2026-09-12T15:44:34.1141655+00:00,7325,134995875,Connected,-1,24,-767,1868,708,-3.6727054,8.944737,3.3901896,2481,5471,-1121,3.0312648,6.684421,-1.3696283,3113,-6211,681,186.78,-372.66,40.86,0,0,0,0,0,0,0,0,0,0,0,1,A3DF0B0801FD4C07C402B1095F159FFB7CF20B0871FC57076302870A7816A6FB3C050C0843FC570736026D0B9817A9FB290CBDE7A902200000184048
2026-09-12T15:44:34.1306638+00:00,7327,135024725,Connected,-1,24,-1161,2130,599,-5.559336,10.199299,2.8682537,3581,6772,-1061,4.3752356,8.273972,-1.2963208,3351,-6088,514,201.06,-365.28,30.84,0,0,0,0,0,0,0,0,0,0,0,1,55500C0877FB52085702FD0D741ADBFB15630C0883FB4F085F02280EF5198EFBD5750C0885FB2C089102380E751950FB170D38E80202200000184048
2026-09-12T15:44:34.1473206+00:00,7328,135039125,Connected,-1,24,-1171,2085,741,-5.60722,9.983821,3.5482068,3616,6370,-1192,4.417998,7.7828116,-1.4563755,3415,-6049,445,204.9,-362.94,26.699999,0,0,0,0,0,0,0,0,0,0,0,1,95880C086DFB2508E502200EE21858FB559B0C0889FB2808DE02D70DE21797FB2EAE0C086EFB440847038F0DC716E3FB570D5FE8BD01200000184048
2026-09-12T15:44:34.1640058+00:00,7329,135053550,Connected,-1,24,-1152,2164,916,-5.5162406,10.362105,4.3861775,3338,5293,-980,4.07834,6.4669423,-1.1973556,3530,-5967,291,211.79999,-358.02,17.46,0,0,0,0,0,0,0,0,0,0,0,1,EEC00C0880FB740894030A0DAD142CFCAED30C089FFB69088F03330C431278FC6EE60C08BAFB57087E031B0B0D10BAFCCA0DB1E82301200000184048
2026-09-12T15:44:34.1806513+00:00,7330,135067975,Connected,-1,24,-1075,2093,831,-5.1475334,10.022128,3.9791632,2519,3607,-791,3.0776927,4.407002,-0.96643704,3579,-5931,211,214.73999,-355.86,12.66,0,0,0,0,0,0,0,0,0,0,0,1,47F90C08CDFB2D083F03D709170EE9FC070C0D08DEFBD5077B0286088D0C0AFDC71E0D08D2FB3507870156076B0B20FDFB0DD5E8D300200000184048
2026-09-12T15:44:34.1973264+00:00,7331,135082375,Connected,-1,24,-1147,1687,53,-5.4922986,8.078036,0.25378537,1653,2758,-724,2.0196214,3.369701,-0.88457704,3666,-5859,45,219.95999,-351.53998,2.7,0,0,0,0,0,0,0,0,0,0,0,1,87310D0885FB970635007506C60A2CFD60440D08DBFA4906BBFEFB050C0BFBFC20570D085FFA5706D8FDDB05380C61FC520E1DE92D00200000184048
2026-09-12T15:44:34.2149586+00:00,7332,135096800,Connected,-1,24,-1418,1674,-587,-6.789956,8.015787,-2.8107927,1538,3494,-1168,1.8791153,4.2689395,-1.4270525,3699,-5825,-37,221.94,-349.5,-2.22,0,0,0,0,0,0,0,0,0,0,0,1,E0690D0876FA8A06B5FD0206A60D70FBA07C0D08DAFADF06DFFD6F06B20E79FA608F0D08E3FA2607E6FD0C07760FC6F9730E3FE9DBFF200000184048
2026-09-12T15:44:34.2306846+00:00,7333,135111225,Connected,-1,24,-1317,1911,-384,-6.3063273,9.150639,-1.8387469,1965,4153,-1719,2.4008203,5.0741,-2.1002595,3756,-5758,-210,225.36,-345.47998,-12.599999,0,0,0,0,0,0,0,0,0,0,0,1,39A20D08DBFA770780FEAD07391049F9F9B40D08E3FAC1073BFF1C08D210F9F8B9C70D08BFFAC80776FF5F081911CDF8AC0E82E92EFF200000184048
2026-09-12T15:44:34.2473681+00:00,7334,135125625,Connected,-1,24,-1412,1999,-256,-6.7612257,9.572019,-1.2258313,2221,4363,-1874,2.713599,5.330676,-2.2896373,3780,-5732,-301,226.79999,-343.91998,-18.06,0,0,0,0,0,0,0,0,0,0,0,1,79DA0D087CFACF0700FFAD080B11AEF839ED0D0855FAD0074AFE3509FE108EF812000E0853FADD07F6FDF409261168F8C40E9CE9D3FE200000184048
2026-09-12T15:44:34.2640355+00:00,7335,135140050,Connected,-1,24,-1416,1989,-503,-6.7803793,9.524135,-2.408567,2727,4422,-1965,3.3318255,5.402762,-2.4008203,3809,-5687,-483,228.54,-341.22,-28.98,0,0,0,0,0,0,0,0,0,0,0,1,D2120E0878FAC50709FEA70A461153F892250E08C7FAE8075AFE1D0B351150F852380E0801FB2108BCFE440BC31075F8E10EC9E91DFE200000184048
2026-09-12T15:44:34.2806950+00:00,7337,135168875,Connected,-1,24,-1388,1944,-560,-6.646304,9.308656,-2.681506,2311,3779,-1526,2.8235602,4.61715,-1.8644538,3816,-5659,-658,228.95999,-339.53998,-39.48,0,0,0,0,0,0,0,0,0,0,0,1,6B830E0894FA9807D0FD0709C30E0AFA2B960E08C7FA8107DFFD61086D0E9EFAEBA80E0821FB5B07D6FDD207A40D7FFBE80EE5E96EFD200000184048
2026-09-12T15:44:34.2973599+00:00,7338,135183300,Connected,-1,24,-1214,1862,-601,-5.813122,8.916007,-2.8778305,1868,3255,-882,2.2823064,3.9769313,-1.0776201,3806,-5647,-815,228.36,-338.82,-48.899998,0,0,0,0,0,0,0,0,0,0,0,1,C4BB0E0842FB4607A7FD4C07B70C8EFC84CE0E0843FB1C078FFDC1060E0C88FD44E10E0831FB940673FD3306920B3EFEDE0EF1E9D1FC200000184048
2026-09-12T15:44:34.3140347+00:00,7339,135197700,Connected,-1,24,-1282,1494,-766,-6.1387334,7.153875,-3.667917,1475,2817,-349,1.8021425,3.4417865,-0.42640522,3795,-5647,-887,227.7,-338.82,-53.219997,0,0,0,0,0,0,0,0,0,0,0,1,04F40E08FEFAD60502FDC305010BA3FEC4060F0808FB6D057AFC9A055A0AB5FE9D190F08A3FBA8053CFCAB05C10985FED30EF1E989FC200000184048
2026-09-12T15:44:34.3306945+00:00,7340,135212125,Connected,-1,24,-983,1459,-914,-4.7070007,6.9862804,-4.3766007,1471,2369,-436,1.7972553,2.894424,-0.5327011,3765,-5655,-1015,225.9,-339.3,-60.899998,0,0,0,0,0,0,0,0,0,0,0,1,5D2C0F0829FCB3056EFCBF0541094CFE1D3F0F087DFC8C0522FDB2058E082FFEDD510F08B2FC69050DFE5705830731FEB50EE9E909FC200000184048
2026-09-12T15:44:34.3473697+00:00,7341,135226525,Connected,-1,24,-790,1346,-376,-3.7828386,6.445191,-1.8004397,1186,1565,-440,1.4490447,1.9121037,-0.53758824,3749,-5661,-1075,224.94,-339.66,-64.5,0,0,0,0,0,0,0,0,0,0,0,1,9D640F08EAFC420588FEA2041D0648FE76770F0805FD1D058FFEAC0390046EFE368A0F0824FDC60470FE9602EE029EFEA50EE3E9CDFB200000184048
2026-09-12T15:44:34.3640120+00:00,7343,135255375,Connected,-1,24,-692,1132,-341,-3.3135753,5.4204726,-1.6328455,-439,-858,-34,-0.53636646,-1.048297,-0.04154091,3698,-5688,-1231,221.87999,-341.28,-73.86,0,0,0,0,0,0,0,0,0,0,0,1,4FD50F084CFD6C04ABFE49FEA6FCDEFF0FE80F0823FD54045CFE67FD28FB2B00CFFA0F0837FD6504DEFDB1FCD2F96700720EC8E931FB200000184048
2026-09-12T15:44:34.3806895+00:00,7344,135269775,Connected,-1,24,-639,1155,-668,-3.0597897,5.530606,-3.1986535,-975,-1900,172,-1.1912467,-2.3214037,0.21014814,3667,-5707,-1308,220.01999,-342.41998,-78.479996,0,0,0,0,0,0,0,0,0,0,0,1,8F0D100881FD830464FD31FC94F8AC004F201008ACFD800432FDDDFB55F7020128331008AEFDAA047BFD98FB22F66301530EB5E9E4FA200000184048
2026-09-12T15:44:34.3978035+00:00,7345,135284200,Connected,-1,24,-533,1286,-501,-2.552219,6.157887,-2.3989902,-1225,-2840,453,-1.4966946,-3.4698877,0.55347157,3654,-5716,-1335,219.23999,-342.96,-80.1,0,0,0,0,0,0,0,0,0,0,0,1,E8451008EBFD06050BFE37FBE8F4C501A858100817FE5205A9FEA6FA85F33D02686B1008FEFD680565FFDDF907F2D102460EACE9C9FA200000184048
2026-09-12T15:44:34.4140508+00:00,7346,135298600,Connected,-1,24,-566,1348,58,-2.7102363,6.4547677,0.2777274,-1840,-4069,870,-2.2480962,-4.9714694,1.0629586,3638,-5732,-1362,218.28,-343.91998,-81.72,0,0,0,0,0,0,0,0,0,0,0,1,287E1008CAFD44053A00D0F81BF0660333911008CAFD8B05680083F7C4EDF203C1A3100899FDD705F4001CF65BEB9C04360E9CE9AEFA200000184048
2026-09-12T15:44:34.4308649+00:00,7347,135313025,Connected,-1,24,-751,1531,180,-3.596091,7.3310456,0.8619126,-2895,-6014,1352,-3.5370865,-7.347854,1.6518621,3637,-5738,-1358,218.22,-344.28,-81.479996,0,0,0,0,0,0,0,0,0,0,0,1,81B6100811FDFB05B400B1F482E8480541C910087AFC4706170052F3E1E5D50501DC10084AFC990668FF2BF2D8E35A06350E96E9B2FA200000184048
2026-09-12T15:44:34.4473885+00:00,7349,135341850,Connected,-1,24,-1317,2253,-63,-6.3063273,10.788273,-0.30166942,-4501,-8910,2395,-5.4992833,-10.886162,2.9261906,3659,-5756,-1274,219.54,-345.36,-76.439995,0,0,0,0,0,0,0,0,0,0,0,1,1A271108DBFACD08C1FF6BEE32DD5B09DA39110894FA75098BFFA9EDC2DCF7099A4C11082BFAD309C7FF54ED65DCB10A4B0E84E906FB200000184048
2026-09-12T15:44:34.4807243+00:00,7350,135356250,Connected,-1,24,-1593,2480,-3,-7.627927,11.87524,-0.01436521,-4785,-9153,2920,-5.8462725,-11.183058,3.5676312,3673,-5761,-1220,220.37999,-345.66,-73.2,0,0,0,0,0,0,0,0,0,0,0,1,5A5F1108C7F9B009FDFF4FED3FDC680B3372110837F94609330084ED5ADCDA0BF3841108FDF8E4086400D5EDA6DC100C590E7FE93CFB200000184048
2026-09-12T15:44:34.4974500+00:00,7351,135370675,Connected,-1,24,-1732,2234,117,-8.293514,10.697293,0.5602432,-4533,-8900,3102,-5.5383806,-10.873944,3.789997,3697,-5778,-1069,221.81999,-346.68,-64.14,0,0,0,0,0,0,0,0,0,0,0,1,B39711083CF9BA0875004BEE3CDD1E0C73AA11086DF9A7085200DDEE37DE130C33BD11088DF9D208AF008FEFD8DFD10B710E6EE9D3FB200000184048
2026-09-12T15:44:34.5140431+00:00,7353,135399500,Connected,-1,24,-1360,2189,781,-6.5122285,10.481815,3.739743,-3282,-6424,2352,-4.0099196,-7.8487887,2.8736537,3710,-5819,-770,222.59999,-349.13998,-46.2,0,0,0,0,0,0,0,0,0,0,0,1,4C081208B0FA8D080D032EF3E8E630090C1B1208F8FA06083E036AF43DE80509E52D12084EFBA607570399F583E9E4087E0E45E9FEFC200000184048
2026-09-12T15:44:34.5473625+00:00,7355,135428325,Connected,-1,24,-844,1667,858,-4.0414124,7.9822683,4.10845,-1749,-4177,2219,-2.1369133,-5.103423,2.7111554,3683,-5872,-426,220.98,-352.32,-25.56,0,0,0,0,0,0,0,0,0,0,0,1,E5781208B4FC83065A032BF9AFEFAB08BE8B1208E5FC9F06A7039CF9E8F09E087E9E120828FD9A069C03EEF9FBF19108630E10E956FE200000184048
2026-09-12T15:44:34.5647087+00:00,7356,135442750,Connected,-1,24,-583,1682,981,-2.791639,8.054094,4.697424,-1479,-3352,2163,-1.8070296,-4.095445,2.642735,3664,-5892,-311,219.84,-353.52,-18.66,0,0,0,0,0,0,0,0,0,0,0,1,3EB11208B9FD9206D50339FAE8F27308FEC3120842FE8B06510475FA9DF34208D7D6120871FE70062605A2FAEAF30408500EFCE8C9FE200000184048
2026-09-12T15:44:34.5813704+00:00,7357,135457200,Connected,-1,24,-347,1635,1455,-1.661576,7.8290396,6.967127,-1337,-3170,1967,-1.6335353,-3.873079,2.4032638,3608,-5936,-84,216.48,-356.16,-5.04,0,0,0,0,0,0,0,0,0,0,0,1,B0E91208A5FE6306AF05C7FA9EF3AF0757FC120823FFA606F205EFFA18F34507170F1308A4FFE3062C060DFB8DF2D606180ED0E8ACFF200000184048
2026-09-12T15:44:34.5978618+00:00,7359,135486000,Connected,-1,24,180,1745,1461,0.8619126,8.355764,6.9958572,-1336,-3853,1423,-1.6323135,-4.7075624,1.7386093,3523,-5985,126,211.37999,-359.1,7.56,0,0,0,0,0,0,0,0,0,0,0,1,305A1308B400D106B505C8FAF3F08F05F06C1308B50087067005A4FAEAF05805B07F1308C0004B063E058FFA0BF12305C30D9FE87E00200000184048
2026-09-12T15:44:34.6145081+00:00,7360,135500400,Connected,-1,24,201,1554,1287,0.9624691,7.441179,6.1626754,-1403,-3761,1256,-1.7141734,-4.5951576,1.5345701,3412,-6037,304,204.72,-362.22,18.24,0,0,0,0,0,0,0,0,0,0,0,1,70921308C9001206070585FA4FF1E80430A51308CA00E805F30483FAC1F1A404F0B71308CA00CE05B6048DFA50F25704540D6BE83001200000184048
2026-09-12T15:44:34.6311883+00:00,7361,135514825,Connected,-1,24,248,1472,1184,1.1875241,7.0485296,5.66947,-1351,-3331,1030,-1.6506402,-4.0697875,1.2584453,3350,-6065,379,201,-363.9,22.74,0,0,0,0,0,0,0,0,0,0,0,1,C9CA1308F800C005A004B9FAFDF2060489DD13087C01E205E80414FB87F3BD0349F013080802210666057AFBD7F39D03160D4FE87B01200000184048
2026-09-12T15:44:34.6478522+00:00,7362,135529225,Connected,-1,24,600,1634,1484,2.873042,7.824251,7.1059904,-1081,-3086,952,-1.3207566,-3.7704484,1.1631455,3221,-6120,492,193.26,-367.19998,29.519999,0,0,0,0,0,0,0,0,0,0,0,1,0903140858026206CC05C7FBF2F3B803C915140819021D062C0601FCEBF3FC03A2281408D3018C05860631FCC2F33304950C18E8EC01200000184048
2026-09-12T15:44:34.6645758+00:00,7363,135543650,Connected,-1,24,458,1335,1658,2.1930888,6.3925185,7.9391727,-929,-3224,1090,-1.1350443,-3.9390557,1.3317528,3156,-6144,535,189.36,-368.63998,32.1,0,0,0,0,0,0,0,0,0,0,0,1,623B1408CA0137057A065FFC68F34204224E14080A021A053106A3FCE7F21E04E26014086302E404100603FD25F2D103540C00E81702200000184048
2026-09-12T15:44:34.6811756+00:00,7365,135572475,Connected,-1,24,831,1375,1759,3.9791632,6.5840545,8.422802,-563,-4566,824,-0.6878686,-5.5787,1.0067562,3026,-6185,592,181.56,-371.1,35.52,0,0,0,0,0,0,0,0,0,0,0,1,FBAB14083F035F05DF06CDFD2AEE3803BBBE140875037605E3069AFDEEEC1B037BD11408BB036F05750646FDAAEBF202D20BD7E75002200000184048
2026-09-12T15:44:34.6979065+00:00,7366,135586900,Connected,-1,24,1020,1349,1472,4.8841715,6.459556,7.0485296,-785,-5464,705,-0.9591063,-6.6758685,0.861363,3026,-6185,592,181.56,-371.1,35.52,0,0,0,0,0,0,0,0,0,0,0,1,54E41408FC034505C005EFFCA8EAC10214F714082C0420051905ACFCFCE99302D40915085C04ED0455048DFCADE95E02D20BD7E75002200000184048
2026-09-12T15:44:34.7145210+00:00,7367,135601325,Connected,-1,24,1177,1278,1020,5.6359506,6.1195793,4.8841715,-883,-5666,535,-1.0788419,-6.9226704,0.65365845,3026,-6185,592,181.56,-371.1,35.52,0,0,0,0,0,0,0,0,0,0,0,1,AD1C15089904FE04FC038DFCDEE91702542F1508B5042F05C4038CFC5FEAD10146421508AC043705900388FC17EB9E01D20BD7E75002200000184048
2026-09-12T15:44:34.7312042+00:00,7368,135615725,Connected,-1,24,1176,1278,775,5.631162,6.1195793,3.7110126,-882,-5145,364,-1.0776201,-6.286117,0.4447321,2937,-6204,594,176.22,-372.24,35.64,0,0,0,0,0,0,0,0,0,0,0,1,ED5415089804FE0407038EFCE7EB6C01AD6715089B04C6045E02B1FC12ED2A016D7A1508DF0443053F02F9FCB7EECF00790BC4E75202200000184048
2026-09-12T15:44:34.7478636+00:00,7369,135630125,Connected,-1,24,1304,1509,785,6.244078,7.225701,3.7588966,-683,-4005,150,-0.83448356,-4.893275,0.18326873,2850,-6219,588,171,-373.13998,35.28,0,0,0,0,0,0,0,0,0,0,0,1,2D8D15081805E505110355FD5BF0960006A015087D046D05DF0397FD69F19A00C6B215084F04F904B103A7FDA7F1A000220BB5E74C02200000184048
2026-09-12T15:44:34.7645207+00:00,7370,135644550,Connected,-1,24,1211,1231,683,5.7987566,5.8945246,3.2704794,-586,-3628,159,-0.7159698,-4.4326596,0.19426484,2766,-6234,575,165.95999,-374.03998,34.5,0,0,0,0,0,0,0,0,0,0,0,1,86C51508BB04CF04AB02B6FDD4F19F0046D81508FF04B2044F0209FEA4F28A0006EB150886056E05B00298FE43F38300CE0AA6E73F02200000184048
2026-09-12T15:44:34.7811997+00:00,7371,135658975,Connected,-1,24,1722,1919,928,8.24563,9.188946,4.4436383,-197,-3286,215,-0.24069293,-4.0148067,0.26268518,2602,-6259,535,156.12,-375.53998,32.1,0,0,0,0,0,0,0,0,0,0,0,1,DFFD1508BA067F07A0033BFF2AF3D7009F101608B90643071204B1FF7DF2C0015F23160886056E056C03B5FFF8F181022A0A8DE71702200000184048
2026-09-12T15:44:34.7980501+00:00,7372,135673375,Connected,-1,24,1441,1146,439,6.9000893,5.48751,2.1021092,-124,-3588,708,-0.15150215,-4.383788,0.8650284,2524,-6268,507,151.44,-376.08,30.42,0,0,0,0,0,0,0,0,0,0,0,1,1F361608A1057A04B70184FFFCF1C402DF48160835068804450182FF46F3BB02B85B16082F069805FB017FFFBBF4B802DC0984E7FB01200000184048
2026-09-12T15:44:34.8145694+00:00,7373,135687800,Connected,-1,24,1474,1456,514,7.0581064,6.9719152,2.4612393,-171,-2684,707,-0.20892635,-3.2792883,0.8638066,2377,-6280,431,142.62,-376.8,25.859999,0,0,0,0,0,0,0,0,0,0,0,1,786E1608C205B005020255FF84F5C30238811608AC052805E00137FF13F6BB02F8931608A005BE04B50120FFA8F69702490978E7AF01200000184048
2026-09-12T15:44:34.8312932+00:00,7375,135716625,Connected,-1,24,1577,1269,305,7.551312,6.0764837,1.460463,-209,-1531,358,-0.25535443,-1.8705628,0.43740135,2181,-6285,297,130.86,-377.1,17.82,0,0,0,0,0,0,0,0,0,0,0,1,11DF16082906F50431012FFF05FA6601D1F116082B06FF044A0158FFC0FA3A01AA0417081906010589018CFF4EFB0F01850873E72901200000184048
2026-09-12T15:44:34.8479119+00:00,7376,135731150,Connected,-1,24,1531,1287,466,7.3310456,6.1626754,2.231396,-80,-1097,238,-0.09774332,-1.3403052,0.2907864,2123,-6282,249,127.38,-376.91998,14.94,0,0,0,0,0,0,0,0,0,0,0,1,CE171708FB050705D201B0FFB7FBEE002A2A17080C061A05E001BCFF01FCDA00EA3C170810062E05B101CCFF4CFCE0004B0876E7F900200000184048
2026-09-12T15:44:34.8646859+00:00,7377,135745450,Connected,-1,24,1527,1346,399,7.311892,6.445191,1.910573,-20,-858,249,-0.02443583,-1.048297,0.30422607,2021,-6275,146,121.259995,-376.5,8.76,0,0,0,0,0,0,0,0,0,0,0,1,AA4F1708F70542058F01ECFFA6FCF90083621708E4053805B6011700FBFC110143751708C6050305080245002EFD2201E5077DE79200200000184048
2026-09-12T15:44:34.8812006+00:00,7378,135759900,Connected,-1,24,1483,1252,617,7.101202,5.995081,2.954445,110,-718,292,0.13439706,-0.8772463,0.35676312,1976,-6270,94,118.56,-376.19998,5.64,0,0,0,0,0,0,0,0,0,0,0,1,1C881708CB05E40469026E0032FD2401C39A1708E905ED04810268002FFD170183AD1708E905D1044002220052FDFF00B80782E75E00200000184048
2026-09-12T15:44:34.8978900+00:00,7379,135774300,Connected,-1,24,1515,1183,431,7.2544312,5.6646814,2.0638018,-30,-672,233,-0.036653746,-0.8210439,0.28467742,1934,-6264,43,116.04,-375.84,2.58,0,0,0,0,0,0,0,0,0,0,0,1,5CC01708EB059F04AF01E2FF60FDE9001CD31708F0057F040001D4FFA5FDC900DCE51708D30589049B00EDFF4AFE98008E0788E72B00200000184048
2026-09-12T15:44:34.9145310+00:00,7381,135803125,Connected,-1,24,1408,1187,52,6.742072,5.683835,0.24899697,35,167,-122,0.0427627,0.20403919,-0.14905857,1901,-6248,-48,114.06,-374.88,-2.8799999,0,0,0,0,0,0,0,0,0,0,0,1,F53018088005A30434002300A70086FFB54318088A059D046AFF3800060230FF755618086205CE04DDFE6000F303DAFE6D0798E7D0FF200000184048
2026-09-12T15:44:34.9311780+00:00,7382,135817525,Connected,-1,24,1276,1299,-327,6.1100025,6.220136,-1.5658079,146,1608,-369,0.17838156,1.9646407,-0.45084107,1890,-6241,-92,113.399994,-374.46,-5.52,0,0,0,0,0,0,0,0,0,0,0,1,35691808FC041305B9FE920048068FFE0E7C1808A6044F05C8FEC500B4083DFECE8E180874048105F0FEEE00340BEEFD62079FE7A4FF200000184048
2026-09-12T15:44:34.9478848+00:00,7383,135831950,Connected,-1,24,1080,1442,-167,5.171476,6.9048777,-0.79966336,277,3464,-586,0.33843625,4.2322855,-0.7159698,1888,-6240,-107,113.28,-374.4,-6.42,0,0,0,0,0,0,0,0,0,0,0,1,8EA118083804A20559FF1501880DB6FD4EB418080D049F0515003301930FA8FD0EC71808E4036F0508013E012D11C7FD6007A0E795FF200000184048
2026-09-12T15:44:34.9645262+00:00,7384,135846375,Connected,-1,24,935,1272,478,4.477157,6.090849,2.2888567,301,4726,-513,0.36775923,5.7741866,-0.626779,1892,-6242,-112,113.52,-374.52,-6.72,0,0,0,0,0,0,0,0,0,0,0,1,E7D91808A703F804DE012D017612FFFDA7EC18085503E20419021A01751321FE67FF18086003FC044D022501531419FE64079EE790FF200000184048
2026-09-12T15:44:34.9812030+00:00,7385,135860775,Connected,-1,24,939,1316,705,4.4963107,6.301539,3.3758245,334,5354,-496,0.40807837,6.5414715,-0.6060086,1897,-6246,-106,113.82,-374.75998,-6.3599997,0,0,0,0,0,0,0,0,0,0,0,1,27121908AB032405C1024E01EA1410FEE7241908C803D9045C037D01291516FEC03719089D035204AB039C01FF1400FE69079AE796FF200000184048
2026-09-12T15:44:34.9978677+00:00,7386,135875200,Connected,-1,24,933,1018,910,4.4675803,4.8745947,4.357447,431,5280,-619,0.52659214,6.451059,-0.75628895,1919,-6256,-74,115.14,-375.36,-4.44,0,0,0,0,0,0,0,0,0,0,0,1,804A1908A503FA038E03AF01A01495FD405D19083004E4034A0393019114EEFC00701908D104F0038F036501DE1440FC7F0790E7B6FF200000184048
2026-09-12T15:44:35.0145276+00:00,7387,135889600,Connected,-1,24,1322,1108,959,6.3302693,5.305551,4.5920787,285,5404,-1081,0.34821057,6.602561,-1.3207566,1934,-6263,-47,116.04,-375.78,-2.82,0,0,0,0,0,0,0,0,0,0,0,1,C08219082A055404BF031D011C15C7FB999519082105F9041204D500F714A5FB59A81908E3044A05730487006B14D3FB8E0789E7D1FF200000184048
2026-09-12T15:44:35.0311928+00:00,7389,135918450,Connected,-1,24,1048,1338,1118,5.0182467,6.4068837,5.353435,-219,4683,-685,-0.26757234,5.7216496,-0.8369272,2005,-6287,65,120.299995,-377.22,3.8999999,0,0,0,0,0,0,0,0,0,0,0,1,72F3190818043A055E0425FF4B1253FD32061A08C00309058604BAFE9C1282FDF2181A085B030205D00453FED01298FDD50771E74100200000184048
2026-09-12T15:44:35.0478960+00:00,7390,135932850,Connected,-1,24,689,1362,1341,3.2992098,6.5218053,6.421249,-542,4849,-640,-0.662211,5.924467,-0.78194654,2036,-6299,116,122.159996,-377.94,6.96,0,0,0,0,0,0,0,0,0,0,0,1,B22B1A08B10252053D05E2FDF11280FD723E1A088C02CE05850551FDFC1233FD4B511A08BE021806C205AEFCE112F3FCF40765E77400200000184048
2026-09-12T15:44:35.0645213+00:00,7391,135947275,Connected,-1,24,720,1591,1533,3.4476504,7.61835,7.3406224,-1014,4786,-803,-1.2388966,5.847494,-0.9810986,2111,-6330,229,126.659996,-379.8,13.74,0,0,0,0,0,0,0,0,0,0,0,1,0B641A08D0023706FD050AFCB212DDFCCB761A088D02390656067FFB6512DDFC8B891A087402CD05E90612FBC911D7FC3F0846E7E500200000184048
2026-09-12T15:44:35.0811677+00:00,7392,135961675,Connected,-1,24,667,1304,1978,3.193865,6.244078,9.471462,-1337,4310,-812,-1.6335353,5.265921,-0.9920947,2155,-6350,293,129.3,-381,17.58,0,0,0,0,0,0,0,0,0,0,0,1,4B9C1A089B021805BA07C7FAD610D4FC24AF1A08FF029B041D0896FA6D0FEBFCE4C11A0845037D0402088CFA0C0E2BFD6B0832E72501200000184048
2026-09-12T15:44:35.0978534+00:00,7393,135976100,Connected,-1,24,843,1182,1969,4.036624,5.659893,9.428367,-1367,3311,-633,-1.670189,4.0453515,-0.773394,2256,-6395,436,135.36,-383.69998,26.16,0,0,0,0,0,0,0,0,0,0,0,1,A4D41A084B039E04B107A9FAEF0C87FD64E71A08E702CD047407EDFAF80BF9FD24FA1A087902030550073BFB180B6EFED00805E7B401200000184048
2026-09-12T15:44:35.1145047+00:00,7394,135990525,Connected,-1,24,523,1330,1897,2.504335,6.3685765,9.083601,-1158,2658,-306,-1.4148345,3.2475219,-0.3738682,2310,-6419,508,138.59999,-385.13998,30.48,0,0,0,0,0,0,0,0,0,0,0,1,FD0C1B080B02320569077AFB620ACEFEBD1F1B08B9012D058707A2FBAE091CFF7D321B085E01D704AF07ADFB110958FF0609EDE6FC01200000184048
2026-09-12T15:44:35.1311992+00:00,7395,136004925,Connected,-1,24,324,1156,1835,1.5514427,5.535394,8.78672,-1113,2180,-122,-1.359854,2.6635056,-0.14905857,2424,-6476,653,145.44,-388.56,39.18,0,0,0,0,0,0,0,0,0,0,0,1,3D451B08440184042B07A7FB840886FF16581B0843013F043206B6FB5B08B1FFD66A1B084101FA037305E9FBB608DAFF7809B4E68D02200000184048
2026-09-12T15:44:35.1478425+00:00,7397,136033775,Connected,-1,24,451,821,1591,2.15957,3.9312792,7.61835,-923,2819,283,-1.1277136,3.4442303,0.345767,2610,-6576,854,156.59999,-394.56,51.239998,0,0,0,0,0,0,0,0,0,0,0,1,EFB51B08C3013503370665FC030B1B01AFC81B08E2014503600635FC400B6D016FDB1B08AB015F036706F8FB9A0B8301320A50E65603200000184048
2026-09-12T15:44:35.1646110+00:00,7398,136048250,Connected,-1,24,256,858,1626,1.2258313,4.10845,7.785944,-1093,3076,322,-1.3354181,3.7582307,0.39341685,2676,-6612,919,160.56,-396.72,55.14,0,0,0,0,0,0,0,0,0,0,0,1,7AEE1B0800015A035A06BBFB040C4201EF001C08CFFF390378068AFB020C9B00C8131C08EFFE4F039A0662FB700B81FF740A2CE69703200000184048
2026-09-12T15:44:35.1811967+00:00,7399,136062750,Connected,-1,24,-147,885,1676,-0.7038953,4.237737,8.025364,-1202,2720,-482,-1.4685934,3.323273,-0.5889035,2745,-6653,983,164.7,-399.18,58.98,0,0,0,0,0,0,0,0,0,0,0,1,1E271C086DFF75038C064EFBA00A1EFE48391C080D00E403070776FB2B0AEAFC084C1C0851008C043608C0FB940935FCB90A03E6D703200000184048
2026-09-12T15:44:35.1978576+00:00,7400,136077000,Connected,-1,24,91,1229,2300,0.4357447,5.884948,11.013328,-1048,2104,-1003,-1.2804375,2.5706494,-1.2254568,2884,-6750,1106,173.04,-405,66.36,0,0,0,0,0,0,0,0,0,0,0,1,C85E1C085B00CD04FC08E8FB380815FCA1711C082A009C046909F1FB870656FC61841C085E00EA04680902FCFC04D2FC440BA2E55204200000184048
2026-09-12T15:44:35.2145339+00:00,7401,136091425,Connected,-1,24,40,1321,2420,0.19153613,6.325481,11.587936,-960,963,-598,-1.1729199,1.1765852,-0.7306313,2956,-6803,1166,177.36,-408.18,69.96,0,0,0,0,0,0,0,0,0,0,0,1,21971C0828002905740940FCC303AAFDE1A91C08A7FF3B05BC09A4FCB502A6FEA1BC1C083AFF0A05A90926FDAF0181FF8C0B6DE58E04200000184048
2026-09-12T15:44:35.2311741+00:00,7403,136120250,Connected,-1,24,-193,864,2087,-0.92416185,4.1371803,9.993398,159,424,-230,0.19426484,0.5180396,-0.28101203,3150,-6970,1337,189,-418.19998,80.22,0,0,0,0,0,0,0,0,0,0,0,1,BA071D083FFF600327089F00A8011AFF7A1A1D0825FF6803540871010C0256FE532D1D0828FF7F03700827023F0280FD4E0CC6E43905200000184048
2026-09-12T15:44:35.2478478+00:00,7404,136134675,Connected,-1,24,-229,924,2217,-1.0965444,4.4244847,10.6158905,712,625,-849,0.86991554,0.76361966,-1.037301,3253,-7070,1437,195.18,-424.19998,86.22,0,0,0,0,0,0,0,0,0,0,0,1,13401D081BFF9C03A908C8027102AFFCD3521D0812FF85037E085103670208FC93651D082BFF8703E508C003460297FBB50C62E49D05200000184048
2026-09-12T15:44:35.2645152+00:00,7405,136149100,Connected,-1,24,-168,983,2468,-0.80445176,4.7070007,11.81778,991,481,-1172,1.2107954,0.5876817,-1.4319396,3298,-7113,1481,197.87999,-426.78,88.86,0,0,0,0,0,0,0,0,0,0,0,1,6C781D0858FFD703A409DF03E1016CFB2C8B1D0889FF1804BA09AE035A017AFBEC9D1D089FFF4B04BE095D0307019CFBE20C37E4C905200000184048
2026-09-12T15:44:35.2978460+00:00,7407,136177925,Connected,-1,24,215,1350,2204,1.0295067,6.4643445,10.553641,603,552,-769,0.7367403,0.6744289,-0.9395577,3395,-7212,1582,203.7,-432.72,94.92,0,0,0,0,0,0,0,0,0,0,0,1,05E91D08D70046059C085B022802FFFCC5FB1D088900BA05A90870020503ACFD850E1E08F9FF2506D3089B02C1034CFE430DD4E32E06200000184048
2026-09-12T15:44:35.3146520+00:00,7408,136192350,Connected,-1,24,-153,1620,2310,-0.7326257,7.7572136,11.061212,720,1034,-324,0.8796899,1.2633324,-0.39586043,3425,-7241,1617,205.5,-434.46,97.02,0,0,0,0,0,0,0,0,0,0,0,1,5E211E0867FF54060609D0020A04BCFE1E341E087FFE45065C091A03020412FFDE461E086DFDC805BD0979036B0366FF610DB7E35106200000184048
2026-09-12T15:44:35.3312184+00:00,7409,136206775,Connected,-1,24,-992,1304,2524,-4.7500963,6.244078,12.08593,1002,546,-90,1.224235,0.66709816,-0.109961234,3430,-7245,1620,205.79999,-434.69998,97.2,0,0,0,0,0,0,0,0,0,0,0,1,B7591E0820FC1805DC09EA032202A6FF776C1E0851FBDC040D092E0487FFB7FF377F1E08F4FBAF040908CD0360FB64FF660DB3E35406200000184048
2026-09-12T15:44:35.3478726+00:00,7410,136221225,Connected,-1,24,-634,1125,2053,-3.0358477,5.386954,9.830592,870,-1833,-316,1.0629586,-2.239544,-0.3860861,3423,-7239,1614,205.37999,-434.34,96.84,0,0,0,0,0,0,0,0,0,0,0,1,29921E0886FD650405086603D7F8C4FEB7A41E081AFF440404080B0384F835FE77B71E08E3FF1E049807B502D4F9D4FD5F0DB9E34E06200000184048
2026-09-12T15:44:35.3645115+00:00,7411,136235600,Connected,-1,24,-6,1040,1817,-0.02873042,4.9799395,8.700529,647,-1079,-589,0.7904991,-1.318313,-0.7196352,3381,-7199,1576,202.86,-431.94,94.56,0,0,0,0,0,0,0,0,0,0,0,1,50CA1E08FAFF100419078702C9FBB3FD10DD1E08C8FF18040F076C027EFDBDFDD0EF1E0879FF49044F0749025FFEE4FD350DE1E32806200000184048
2026-09-12T15:44:35.3812647+00:00,7412,136250000,Connected,-1,24,-152,1139,1836,-0.7278373,5.4539914,8.791509,540,-352,-476,0.6597674,-0.4300706,-0.5815728,3350,-7166,1541,201,-429.96,92.46,0,0,0,0,0,0,0,0,0,0,0,1,90021F0868FF73042C071C02A0FE24FE69151F082BFF91040F07EE0113FF4FFE29281F08AEFE8A04C506CF01ABFF7AFE160D02E40506200000184048
2026-09-12T15:44:35.3978908+00:00,7414,136278850,Connected,-1,24,-384,859,1635,-1.8387469,4.1132383,7.8290396,569,174,-192,0.6951994,0.21259172,-0.23458397,3249,-7030,1393,194.94,-421.8,83.58,0,0,0,0,0,0,0,0,0,0,0,1,42731F0880FE5B0363063902AE0040FF02861F083EFF3F037D0561028C0046FFC2981F0876FF9203FC04CB025C0147FFB10C8AE47105200000184048
2026-09-12T15:44:35.4146856+00:00,7415,136293250,Connected,-1,24,-139,891,1367,-0.6655881,4.2664676,6.5457473,887,597,-192,1.083729,0.7294095,-0.23458397,3189,-6926,1265,191.34,-415.56,75.9,0,0,0,0,0,0,0,0,0,0,0,1,82AB1F0875FF7B0357057703550240FF5BBE1F08C6FEC203FA0522049C023DFF1BD11F0829FE5C0430066E042D022AFF750CF2E4F104200000184048
2026-09-12T15:44:35.4312115+00:00,7416,136307675,Connected,-1,24,-525,1256,1649,-2.5139117,6.0142345,7.896077,1114,499,-276,1.3610758,0.609674,-0.33721444,3161,-6873,1195,189.65999,-412.38,71.7,0,0,0,0,0,0,0,0,0,0,0,1,DBE31F08F3FDE80471065A04F301ECFE9BF61F0820FE5905D406F203E901ADFE5B092008AAFD1B06B9074D03CF018BFE590C27E5AB04200000184048
2026-09-12T15:44:35.4478718+00:00,7417,136322100,Connected,-1,24,-562,1509,1995,-2.6910827,7.225701,9.552865,624,209,-398,0.7623979,0.25535443,-0.48627302,3117,-6770,1050,187.01999,-406.19998,63,0,0,0,0,0,0,0,0,0,0,0,1,341C2008CEFDE505CB077002D10072FEF42E20080AFE2E059007A701B7FF7DFEB441200847FED80406070401CEFEBBFE2D0C8EE51A04200000184048
2026-09-12T15:44:35.4645188+00:00,7419,136350925,Connected,-1,24,15,1147,1086,0.07182605,5.4922986,5.2002063,202,-484,45,0.24680188,-0.5913471,0.054980617,3074,-6636,844,184.44,-398.16,50.64,0,0,0,0,0,0,0,0,0,0,0,1,CD8C20080F007B043E04CA001CFE2D00A69F20086FFFB80491041901E6FE880066B22008B6FE24053105470182FFAE00020C14E64C03200000184048
2026-09-12T15:44:35.4811876+00:00,7420,136365350,Connected,-1,24,-240,1337,1273,-1.1492168,6.4020953,6.0956373,311,-52,168,0.37997717,-0.06353316,0.20526098,3061,-6599,784,183.65999,-395.94,47.039997,0,0,0,0,0,0,0,0,0,0,0,1,26C5200810FF3905F9043701CCFFA800E6D72008E5FEC80433051D018F008E00A6EA200884FDFA02C9050601CC006500F50B39E61003200000184048
2026-09-12T15:44:35.4978371+00:00,7421,136379775,Connected,-1,24,-699,732,1241,-3.347094,3.5051112,5.9424086,283,76,-49,0.345767,0.092856154,-0.059867784,3056,-6568,726,183.36,-394.08,43.559998,0,0,0,0,0,0,0,0,0,0,0,1,7FFD200845FDDC02D9041B014C00CFFF3F10210887FD31043F046201240026FFFF222108A8FE7C046A04A4016B0099FEF00B58E6D602200000184048
2026-09-12T15:44:35.5145000+00:00,7422,136394175,Connected,-1,24,-299,1176,1349,-1.4317327,5.631162,6.459556,470,163,-384,0.574242,0.19915201,-0.46916795,3058,-6514,623,183.48,-390.84,37.38,0,0,0,0,0,0,0,0,0,0,0,1,BF352108D5FE98044505D601A30080FE7F482108B4FE1C058305D9014200B3FE585B210872FED705BD05B3010900D1FEF20B8EE66F02200000184048
2026-09-12T15:44:35.5312055+00:00,7423,136408600,Connected,-1,24,-394,1701,1396,-1.8866309,8.145074,6.6846113,345,-24,-300,0.42151806,-0.029322997,-0.36653745,3063,-6493,579,183.78,-389.58,34.739998,0,0,0,0,0,0,0,0,0,0,0,1,186E210876FEA50674055901E8FFD4FED88021087DFFC1054E04E7002300E4FE989321089CFEAD05A004C600060138FFF70BA3E64302200000184048
2026-09-12T15:44:35.5478464+00:00,7425,136437425,Connected,-1,24,-762,1415,1559,-3.6487634,6.775591,7.465121,109,-490,-195,0.13317527,-0.5986778,-0.23824935,3079,-6443,470,184.73999,-386.58,28.199999,0,0,0,0,0,0,0,1,0,0,0,0,B1DE210806FD870517066D0016FE3DFF71F1210871FDFC05DF05610073FD30FF4A04220873FD8B054406910002FD44FF070CD5E6D601200000180448
2026-09-12T15:44:35.5811640+00:00,7426,136451850,Connected,-1,24,-702,1558,1721,-3.3614593,7.4603324,8.240842,173,-961,-203,0.21136993,-1.1741416,-0.24802367,3085,-6418,414,185.09999,-385.08,24.84,0,0,0,0,0,0,0,1,0,0,0,0,0A17220842FD1606B906AD003FFC35FFCA292208B2FDBE0576076100FCF9ECFE8A3C2208B4FE6C05D206E6FF9CF8CDFE0D0CEEE69E01200000180448
2026-09-12T15:44:35.5979096+00:00,7427,136466250,Connected,-1,24,-244,1349,1497,-1.1683705,6.459556,7.16824,-132,-1877,-316,-0.16127647,-2.2933025,-0.3860861,3087,-6409,391,185.22,-384.53998,23.46,0,0,0,0,0,0,0,1,0,0,0,0,4A4F22080CFF4505D9057CFFABF8C4FE236222085BFF6305DE0473FF58F9EAFEE374220882FFAE055F04BCFFC1FA3FFF0F0CF7E68701200000180448
2026-09-12T15:44:35.6144919+00:00,7428,136480675,Connected,-1,24,-233,1528,1159,-1.115698,7.3166804,5.5497594,39,-969,-95,0.047649868,-1.183916,-0.11607019,3085,-6398,355,185.09999,-383.88,21.3,0,0,0,0,0,0,0,1,0,0,0,0,A387220817FFF8058704270037FCA1FF639A220872FEE205F704990012FDE6FF3CAD2208E6FDDE057705F30084FD10000D0C02E76301200000180448
2026-09-12T15:44:35.6311749+00:00,7430,136509500,Connected,-1,24,-257,1510,1440,-1.2306197,7.2304893,6.895301,303,-168,303,0.3702028,-0.20526098,0.3702028,3075,-6384,315,184.5,-383.03998,18.9,0,0,0,0,0,0,0,1,0,0,0,0,3CF82208FFFEE605A0052F0158FF2F01150B2308B9FEE00510063E01D0FF8001D51D2308A9FE770534063E01FCFF9D01030C10E73B01200000180448
2026-09-12T15:44:35.6478301+00:00,7431,136523925,Connected,-1,24,-320,1333,1534,-1.532289,6.3829417,7.345411,331,56,408,0.40441298,0.06842032,0.49849093,3074,-6380,306,184.44,-382.8,18.359999,0,0,0,0,0,0,0,1,0,0,0,0,95302308C0FE3505FE054B013800980155432308DDFE2C05BA057501830084012E562308CBFE4605A505A801DF007301020C14E73201200000180448
2026-09-12T15:44:35.6644955+00:00,7432,136538350,Connected,-1,24,-351,1411,1466,-1.6807296,6.7564373,7.019799,465,319,364,0.56813306,0.3897515,0.4447321,3069,-6377,295,184.14,-382.62,17.699999,0,0,0,0,0,0,0,1,0,0,0,0,EE682308A1FE8305BA05D1013F016C01AE7B230862FEC005F105DF018C016C016E8E23083FFEE0052006D001AE016501FD0B17E72701200000180448
2026-09-12T15:44:35.6811697+00:00,7433,136552775,Connected,-1,24,-414,1553,1600,-1.982399,7.4363904,7.6614456,434,440,356,0.5302575,0.53758824,0.43495777,3065,-6371,282,183.9,-382.25998,16.92,0,0,0,0,0,0,0,1,0,0,0,0,47A1230862FE11064006B201B801640107B4230880FE58066B068401AD017A01C7C6230866FE66068A0654019301A701F90B1DE71A01200000180448
2026-09-12T15:44:35.6978606+00:00,7435,136581600,Connected,-1,24,-955,2175,1878,-4.572925,10.414778,8.992621,101,8,419,0.12340094,0.009774332,0.51193064,3057,-6354,266,183.42,-381.24,15.96,0,0,0,0,0,0,0,1,0,0,0,0,E011240845FC7F08560765000800A301A02424086AFDE0066E070E00C1FD830060372408670073036305EDFFDEFC0300F10B2EE70A01200000180448
2026-09-12T15:44:35.7145320+00:00,7436,136596025,Connected,-1,24,557,752,1217,2.6671407,3.6008794,5.827487,1,-514,105,0.0012217915,-0.62800086,0.1282881,3054,-6350,264,183.23999,-381,15.839999,0,0,0,0,0,0,0,0,0,0,0,0,394A24082D02F002C1040100FEFD6900F95C24088A01AF036504E3FFF2FF2E01B96F2408D6FFC504AD04B0FF42017F01EE0B32E70801200000180048
2026-09-12T15:44:35.7312955+00:00,7437,136610425,Connected,-1,24,-256,1423,1282,-1.2258313,6.813898,6.1387334,-115,405,320,-0.14050601,0.49482554,0.39097327,3050,-6344,259,183,-380.63998,15.54,0,0,0,0,0,0,0,0,0,0,0,1,7982240800FF8F0502058DFF9501400139952408F9FE1404E20566FF2102B60012A8240894FE8004600597FF3F031A00EA0B38E70301200000184048
2026-09-12T15:44:35.7480486+00:00,7438,136624850,Connected,-1,24,-321,1207,1352,-1.5370775,5.779603,6.4739213,38,1128,-148,0.046428077,1.3781809,-0.18082514,3052,-6340,259,183.12,-380.4,15.54,0,0,0,0,0,0,0,0,0,0,0,1,D2BA2408BFFEB7044805260068046CFF92CD2408C7FEFB048505C500CC05DDFE52E02408DEFC9803A30742011206A7FEEC0B3CE70301200000184048
2026-09-12T15:44:35.7645216+00:00,7439,136639275,Connected,-1,24,-310,916,2028,-1.484405,4.3861775,9.710882,477,546,-43,0.58279455,0.66709816,-0.052537035,3058,-6331,258,183.48,-379.86,15.48,0,0,0,0,0,0,0,0,0,0,0,1,2BF32408CAFE9403EC07DD012202D5FFEB0525082D00BC0565072F02C6FD3201AB18250828001306BB06CF0158FCBB01F20B45E70201200000184048
2026-09-12T15:44:35.7811729+00:00,7441,136668100,Connected,-1,24,-112,1152,1708,-0.5363012,5.5162406,8.178593,361,-394,-59,0.44106674,-0.48138586,-0.0720857,3067,-6319,255,184.01999,-379.13998,15.299999,0,0,0,0,0,0,0,0,0,0,0,1,C463250890FF8004AC06690176FEC5FF84762508A8FFC8042007790138FE92FF44892508B9FF0E057407750190FD73FFFB0B51E7FF00200000184048
2026-09-12T15:44:35.7978278+00:00,7442,136682500,Connected,-1,24,-31,1401,2117,-0.14844051,6.7085533,10.13705,357,-866,-193,0.43617955,-1.0580714,-0.23580576,3074,-6312,250,184.44,-378.72,15,0,0,0,0,0,0,0,0,0,0,0,1,049C2508E1FF7905450865019EFC3FFFDDAE25084FFF9E046C083A0112FBFBFE9DC125082BFF3504A7060C01FEF985FE020C58E7FA00200000184048
2026-09-12T15:44:35.8145473+00:00,7443,136696925,Connected,-1,24,113,1381,1264,0.5410896,6.612785,6.0525417,308,-1472,-513,0.37631178,-1.798477,-0.626779,3079,-6307,251,184.73999,-378.41998,15.059999,0,0,0,0,0,0,0,0,0,0,0,1,5DD4250871006505F004340140FAFFFD1DE72508FD00AA0676043B01D0FBD1FDDDF9250807018D073805F70022FDF5FD070C5DE7FB00200000184048
2026-09-12T15:44:35.8311643+00:00,7444,136711350,Connected,-1,24,210,1963,1421,1.0055647,9.399636,6.8043213,103,-615,-439,0.12584452,-0.7514018,-0.53636646,3083,-6297,249,184.98,-377.81998,14.94,0,0,0,0,0,0,0,0,0,0,0,1,B60C2608D200AB078D05670099FD49FE761F26082900AA06BC05E4FFF8FDBCFE363226088EFFF005C205B4FF26FE22FF0B0C67E7F900200000184048
2026-09-12T15:44:35.8644889+00:00,7446,136740175,Connected,-1,24,-85,1592,1488,-0.40701428,7.6231384,7.1251445,-208,-176,-112,-0.25413263,-0.2150353,-0.13684064,3083,-6292,246,184.98,-377.52,14.759999,0,0,0,0,0,0,0,0,0,0,0,1,4F7D2608ABFF3806D00530FF50FF90FF0F902608B7FF9305E40505FF58FFCFFFE8A2260884FF69053D06FFFE76FFF4FF0B0C6CE7F600200000184048
2026-09-12T15:44:35.8811673+00:00,7447,136754600,Connected,-1,24,-273,1408,1700,-1.3072342,6.742072,8.1402855,-272,-117,-43,-0.33232728,-0.14294961,-0.052537035,3084,-6290,243,185.04,-377.4,14.58,0,0,0,0,0,0,0,0,0,0,0,1,A8B52608EFFE8005A406F0FE8BFFD5FF68C8260806FFB7059106C4FE39FF7CFF28DB2608B4FFB505410696FEECFE2CFF0C0C6EE7F300200000184048
2026-09-12T15:44:35.8978564+00:00,7448,136769000,Connected,-1,24,26,1438,1437,0.12449849,6.885724,6.8809357,-346,-256,-224,-0.42273986,-0.31277862,-0.27368128,3085,-6287,240,185.09999,-377.22,14.4,0,0,0,0,0,0,0,0,0,0,0,1,E8ED26081A009E059D05A6FE00FF20FFA80027083700D605EC0411FF52FF55FF81132708F1FF31066205C4FFD9FFA2FF0D0C71E7F000200000184048
2026-09-12T15:44:35.9144999+00:00,7449,136784025,Connected,-1,24,-81,1701,1560,-0.3878607,8.145074,7.469909,58,35,-30,0.07086391,0.0427627,-0.036653746,3083,-6286,239,184.98,-377.16,14.34,0,0,0,0,0,0,0,0,0,0,0,1,99282708AFFFA50618063A002300E2FF01392708B7FFFD06E005440067001800C14B270875FFE406FB051C00B0006D000B0C72E7EF00200000184048
2026-09-12T15:44:35.9311600+00:00,7451,136812250,Connected,-1,24,-253,1525,1308,-1.2114661,7.302315,6.2632318,78,63,266,0.095299736,0.076972865,0.32499653,3080,-6289,230,184.8,-377.34,13.799999,0,0,0,0,0,0,0,0,0,0,0,1,DA96270803FFF5051C054E003F000A019AA927085BFF6C061105930066001B0173BC27085CFF57064305BD00A4006401080C6FE7E600200000184048
2026-09-12T15:44:35.9478354+00:00,7452,136826675,Connected,-1,24,-311,1521,1407,-1.4891934,7.2831616,6.7372837,186,206,435,0.22725321,0.25168905,0.5314793,3077,-6289,229,184.62,-377.34,13.74,0,0,0,0,0,0,1,0,0,0,0,0,33CF2708C9FEF1057F05BA00CE00B301F3E1270875FEA80569059900C000CB01B3F42708BEFEC80546056300BB00B101050C6FE7E500200000180248
2026-09-12T15:44:35.9645637+00:00,7453,136841075,Connected,-1,24,-245,1525,1392,-1.1731589,7.302315,6.6654577,30,228,408,0.036653746,0.27856845,0.49849093,3074,-6289,222,184.44,-377.34,13.32,0,0,0,0,0,0,1,0,0,0,0,0,730728080BFFF50570051E00E40098014C1A28086DFE24067506CFFF930079010C2D2808BBFFCF04A1058BFF25005101020C6FE7DE00200000180248
2026-09-12T15:44:35.9811621+00:00,7454,136855500,Connected,-1,24,-40,1398,1475,-0.19153613,6.694188,7.062895,-83,166,399,-0.10140869,0.20281738,0.4874948,3072,-6290,219,184.31999,-377.4,13.139999,0,0,0,0,0,0,1,0,0,0,0,0,CC3F2808D8FF7605C305ADFFA6008F018C52280839FFC605A905CAFF9200D3016565280848FE30057506B7FF7A00F601000C6EE7DB00200000180248
2026-09-12T15:44:35.9978427+00:00,7455,136869925,Connected,-1,24,-416,1416,1509,-1.9919758,6.7803793,7.225701,-166,96,480,-0.20281738,0.11729199,0.58645993,3071,-6291,216,184.26,-377.46,12.96,0,0,0,0,0,0,1,0,0,0,0,0,2578280860FE8805E5055AFF6000E001E58A2808C6FEB205810509FF8800A501A59D28081CFEEE05C506BCFE5D006201FF0B6DE7D800200000180248
2026-09-12T15:44:36.0145145+00:00,7457,136898750,Connected,-1,24,-323,1494,1674,-1.5466543,7.153875,8.015787,-567,-198,283,-0.69275576,-0.24191472,0.345767,3074,-6295,215,184.44,-377.69998,12.9,0,0,0,0,0,0,1,0,0,0,0,0,BEE82808BDFED6058A06C9FD3AFF1B017EFB280837FF84051A0684FD45FF05013E0E290881FFD305E3056CFD60FF1A01020C69E7D700200000180248
2026-09-12T15:44:36.0311970+00:00,7458,136913175,Connected,-1,24,-118,1508,1536,-0.5650316,7.2209125,7.3549876,-683,-171,329,-0.83448356,-0.20892635,0.4019694,3075,-6297,217,184.5,-377.81998,13.0199995,0,0,0,0,0,0,1,0,0,0,0,0,172129088AFFE405000655FD55FF4901D733290877FF9905750639FD4BFF60019746290845FF4C05AE0609FD0EFF5901030C67E7D900200000180248
2026-09-12T15:44:36.0478531+00:00,7459,136927575,Connected,-1,24,-144,1404,1706,-0.6895301,6.7229185,8.169016,-815,-311,306,-0.9957601,-0.37997717,0.3738682,3073,-6304,221,184.37999,-378.24,13.259999,0,0,0,0,0,0,1,0,0,0,0,0,5759290870FF7C05AA06D1FCC9FE3201176C2908F1FFEB05B90698FC86FE1801F07E29082900C305A80660FC46FE3A01010C60E7DD00200000180248
2026-09-12T15:44:36.0645316+00:00,7460,136942000,Connected,-1,24,7,1340,1651,0.033518825,6.4164605,7.905654,-961,-477,374,-1.1741416,-0.58279455,0.45695,3070,-6309,223,184.2,-378.53998,13.38,0,0,0,0,0,0,1,0,0,0,0,0,B091290807003C0573063FFC23FE760170A42908EEFFD80494063AFC0AFE8E0149B72908ECFFA50495063CFC11FE5E01FE0B5BE7DF00200000180248
2026-09-12T15:44:36.0811603+00:00,7461,136956425,Connected,-1,24,45,1359,1571,0.21547815,6.50744,7.5225816,-955,-458,244,-1.1668109,-0.5595805,0.29811713,3061,-6318,233,183.65999,-379.08,13.98,0,0,0,0,0,0,1,0,0,0,0,0,09CA29082D004F05230645FC36FEF400C9DC2908FFFE800851057AFCB9FE900089EF29087EFF8608A70500FDB0FF1700F50B52E7E900200000180248
2026-09-12T15:44:36.0978429+00:00,7463,136985250,Connected,-1,24,-37,1503,1684,-0.17717093,7.1969705,8.063671,-340,392,750,-0.41540912,0.47894228,0.9163436,3055,-6333,246,183.3,-379.97998,14.759999,0,0,0,0,0,0,1,0,0,0,0,0,A23A2A08DBFFDF059406ACFE8801EE02624D2A0877FF33066506B6FEE6013B0322602A08A0FF85060E06AAFE2E026C03EF0B43E7F600200000180248
2026-09-12T15:44:36.1335754+00:00,7464,136999675,Connected,-1,24,6,1729,1547,0.02873042,8.279149,7.40766,-376,525,954,-0.4593936,0.6414405,1.1655891,3052,-6348,262,183.12,-380.88,15.719999,0,0,0,0,0,0,0,0,0,0,0,0,FB722A080600C1060B0688FE0D02BA03BB852A080B00CC065F064FFEBD0115047B982A08BC00CA06F405EEFDB6018704EC0B34E70601200000180048
2026-09-12T15:44:36.1502054+00:00,7466,137028500,Connected,-1,24,-70,-26,1637,-0.33518824,-0.12449849,7.8386164,-938,-71,1092,-1.1460404,-0.0867472,1.3341963,3047,-6375,286,182.81999,-382.5,17.16,0,0,0,0,0,0,0,0,0,0,0,1,94E32A08BAFFE6FF650656FCB9FF440454F62A085EFF7A021506F3FCA9FDF30214092B081D00B403F60580FDF0FC3B01E70B19E71E01200000184048
2026-09-12T15:44:36.1668835+00:00,7467,137042925,Connected,-1,24,203,1043,1552,0.9720459,4.9943047,7.431602,-507,-590,23,-0.6194483,-0.72085696,0.028101204,3045,-6384,295,182.7,-383.03998,17.699999,0,0,0,0,0,0,0,0,0,0,0,1,ED1B2B08CB001304100605FEB2FD1700AD2E2B08B0006604A6069AFEBDFEE9FF6D412B0821005D04520711FF2CFF3400E50B10E72701200000184048
2026-09-12T15:44:36.1835374+00:00,7468,137057325,Connected,-1,24,-104,1093,1892,-0.49799395,5.233725,9.059659,-179,-290,111,-0.21870068,-0.35431954,0.13561885,3038,-6402,308,182.28,-384.12,18.48,0,0,0,0,0,0,0,0,0,0,0,1,2D542B0898FF450464074DFFDEFE6F0006672B0833FFDD031C0762FF82FE6500C6792B08E4FE84039F0679FF63FEFEFFDE0BFEE63401200000184048
2026-09-12T15:44:36.2002158+00:00,7469,137071925,Connected,-1,24,-343,876,1576,-1.6424223,4.1946416,7.5465236,-75,-376,-188,-0.09163436,-0.4593936,-0.2296968,3034,-6410,317,182.04,-384.6,19.02,0,0,0,0,0,0,0,0,0,0,0,1,358D2B08A9FE6C032806B5FF88FE44FF469F2B08DDFD7F03A105210095FE60FE1FB22B0808FD8F03F104D9003CFE38FDDA0BF6E63D01200000184048
2026-09-12T15:44:36.2173857+00:00,7470,137086175,Connected,-1,24,-733,969,1174,-3.5098996,4.6399627,5.6215854,465,-582,-1073,0.56813306,-0.71108264,-1.3109822,3030,-6422,328,181.8,-385.31998,19.68,0,0,0,0,0,0,0,0,0,0,0,1,DFC42B0823FDC9039604D101BAFDCFFB9FD72B08E9FD4204D304BD0281FD7DFA5FEA2B082AFF160512063903C0FDA0F9D60BEAE64801200000184048
2026-09-12T15:44:36.2340255+00:00,7472,137115000,Connected,-1,24,1053,1721,1960,5.0421886,8.240842,9.385271,284,-991,-536,0.3469888,-1.2107954,-0.6548802,3031,-6429,335,181.86,-385.74,20.1,0,0,0,0,0,0,0,0,0,0,0,1,78352C081D04B906A8071C0121FCE8FD38482C08AE0284068F07610037FCDCFF115B2C08E700B505D107A7FF3DFCDB00D70BE3E64F01200000184048
2026-09-12T15:44:36.2507109+00:00,7473,137129425,Connected,-1,24,65,1350,1951,0.31124622,6.4643445,9.3421755,-246,-1101,235,-0.3005607,-1.3451924,0.287121,3026,-6437,342,181.56,-386.22,20.52,0,0,0,0,0,0,0,0,0,0,0,1,D16D2C08410046059F070AFFB3FBEB0091802C08AF0020053A0796FE2CFB6B0051932C081C01FD04C4064CFE0BFBD3FFD20BDBE65601200000184048
2026-09-12T15:44:36.2673733+00:00,7474,137143850,Connected,-1,24,309,1220,1579,1.4796166,5.841852,7.560889,-466,-1189,-173,-0.56935483,-1.45271,-0.21136993,3022,-6440,345,181.31999,-386.4,20.699999,0,0,0,0,0,0,0,0,0,0,0,1,2AA62C083501C4042B062EFE5BFB53FFEAB82C0824019F04C8054BFE03FCFEFEAACB2C08F400AA04A60599FED5FCCFFECE0BD8E65901200000184048
2026-09-12T15:44:36.2840377+00:00,7475,137158250,Connected,-1,24,175,1231,1489,0.8379706,5.8945246,7.129933,-259,-596,-323,-0.316444,-0.72818774,-0.39463866,3012,-6445,353,180.72,-386.69998,21.18,0,0,0,0,0,0,0,0,0,0,0,1,6ADE2C08AF00CF04D105FDFEACFDBDFE2AF12C089000E5041C0660FF5DFECBFE03042D089000DD043706ADFFD0FEFAFEC40BD3E66101200000184048
2026-09-12T15:44:36.3007613+00:00,7476,137172675,Connected,-1,24,255,1278,1611,1.2210429,6.1195793,7.714118,-12,-205,-186,-0.014661498,-0.25046727,-0.22725321,3007,-6449,355,180.42,-386.94,21.3,0,0,0,0,0,0,0,0,0,0,0,1,C3162D08FF00FE044B06F4FF33FF46FF83292D0840015C052B063800A6FFADFF433C2D085101B1052006730053001200BF0BCFE66301200000184048
2026-09-12T15:44:36.3174605+00:00,7478,137201500,Connected,-1,24,385,1582,1655,1.8435353,7.575254,7.9248075,211,648,452,0.25779802,0.79172087,0.5522497,2995,-6454,362,179.7,-387.24,21.72,0,0,0,0,0,0,0,0,0,0,0,1,5C872D0881012E067706D3008802C4011C9A2D08880121069606A80009033D02DCAC2D088F01AE05B40675005703AF02B30BCAE66A01200000184048
2026-09-12T15:44:36.3340613+00:00,7479,137215925,Connected,-1,24,323,1284,1692,1.5466543,6.14831,8.101978,51,888,741,0.062311366,1.0849508,0.90534747,2992,-6454,365,179.51999,-387.24,21.9,0,0,0,0,0,0,0,0,0,0,0,1,B5BF2D08430104059C0633007803E50275D22D080F01F404DC06E1FFAD03B10235E52D08B900FB0413077EFF8D035202B00BCAE66D01200000184048
2026-09-12T15:44:36.3673645+00:00,7480,137230325,Connected,-1,24,190,1254,1742,0.90979666,6.0046577,8.341399,-233,840,484,-0.28467742,1.0263048,0.5913471,2992,-6455,364,179.51999,-387.3,21.84,0,0,0,0,0,0,0,0,0,0,0,1,F5F72D08BE00E604CE0617FF4803E401CE0A2E08CF00B5049F06E5FE730388018E1D2E08CC008C04AD0602FFD2035001B00BC9E66C01200000184048
2026-09-12T15:44:36.3840262+00:00,7483,137273575,Connected,-1,24,51,1371,1788,0.24420857,6.564901,8.561666,59,1232,396,0.0720857,1.5052471,0.48382944,2994,-6455,367,179.64,-387.3,22.02,0,0,0,0,0,0,0,0,0,0,0,1,E7A02E0833005B05FC063B00D0048C01C0B32E082F000F05020718001A05830180C62E080200CD042B07F0FF67056601B20BC9E66F01200000184048
2026-09-12T15:44:36.4173686+00:00,7484,137288000,Connected,-1,24,-133,1034,1920,-0.6368576,4.951209,9.193734,-56,1401,317,-0.06842032,1.7117299,0.3873079,2994,-6455,367,179.64,-387.3,22.02,0,0,0,0,0,0,0,0,0,0,0,1,40D92E087BFF0A048007C8FF79053D0100EC2E08D1FE76026E07A1FF1B05E600D9FE2E08C0FEC1029106ABFF7F045400B20BC9E66F01200000184048
2026-09-12T15:44:36.4340400+00:00,7485,137302425,Connected,-1,24,-350,948,1609,-1.6759412,4.5394063,7.704541,12,978,-68,0.014661498,1.1949121,-0.08308182,2994,-6455,367,179.64,-387.3,22.02,0,0,0,0,0,0,0,0,0,0,0,1,99112F08A2FEB40349060C00D203BCFF59242F08B1FE5404DC0684002E033CFF19372F08F3FE98040008D400480205FFB20BC9E66F01200000184048
2026-09-12T15:44:36.4507006+00:00,7486,137316825,Connected,-1,24,-161,1144,1908,-0.770933,5.4779334,9.136273,204,247,-217,0.24924546,0.3017825,-0.26512876,3004,-6452,367,180.23999,-387.12,22.02,0,0,0,0,0,0,0,0,0,0,0,1,D9492F085FFF78047407CC00F70027FFB25C2F0898FF5F048406940058FF8BFF726F2F0850FFC20460064F0092FEBEFFBC0BCCE66F01200000184048
2026-09-12T15:44:36.4673820+00:00,7487,137331250,Connected,-1,24,-225,1380,1727,-1.0773908,6.6079965,8.269572,-20,-452,-114,-0.02443583,-0.5522497,-0.13928422,3012,-6452,365,180.72,-387.12,21.9,0,0,0,0,0,0,0,0,0,0,0,1,32822F081FFF6405BF06ECFF3CFE8EFFF2942F080EFFD8059A074CFFB3FD30FFCBA72F086BFF1406E80752FEEAFCDCFEC40BCCE66D01200000184048
2026-09-12T15:44:36.4840390+00:00,7489,137360075,Connected,-1,24,176,1345,1496,0.842759,6.4404025,7.1634517,-1196,-313,-181,-1.4612626,-0.38242075,-0.22114426,3026,-6453,362,181.56,-387.18,21.72,0,0,0,0,0,0,0,0,0,0,0,1,CBF22F08B0004105D80554FBC7FE4BFFA40530081200AE04D9059DFB67FF79FF64183008AAFF6A040A0623FCA0FF79FFD20BCBE66A01200000184048
2026-09-12T15:44:36.5007740+00:00,7490,137374500,Connected,-1,24,-66,1308,1576,-0.31603462,6.2632318,7.5465236,-863,-59,-186,-1.054406,-0.0720857,-0.22725321,3035,-6455,361,182.09999,-387.3,21.66,0,0,0,0,0,0,0,0,0,0,0,1,242B3008BEFF1C052806A1FCC5FF46FFE43D3008CDFF9E040D07FAFCCAFF04FFBD50300871FF17042A0715FD5FFFC7FEDB0BC9E66901200000184048
2026-09-12T15:44:36.5173570+00:00,7491,137388925,Connected,-1,24,-267,920,1828,-1.2785037,4.405331,8.7532015,-726,-394,-391,-0.88702065,-0.48138586,-0.47772047,3042,-6457,360,182.51999,-387.41998,21.6,0,0,0,0,0,0,0,0,0,0,0,1,7D633008F5FE980324072AFD76FE79FE3D7630083BFF02034B071DFDD8FD1AFEFD883008DBFFD9020907E4FCE7FDE6FDE20BC7E66801200000184048
2026-09-12T15:44:36.5340359+00:00,7492,137403350,Connected,-1,24,107,931,1681,0.51235914,4.4580035,8.049306,-830,-366,-522,-1.014087,-0.44717568,-0.6377752,3047,-6463,363,182.81999,-387.78,21.779999,0,0,0,0,0,0,0,0,0,0,0,1,D69B30086B00A3039106C2FC92FEF6FD96AE300874003E04A506DEFC28FF3DFE56C13008FDFF4F04B90635FD5FFF9CFEE70BC1E66B01200000184048
2026-09-12T15:44:36.5506984+00:00,7494,137432175,Connected,-1,24,77,1381,1692,0.36870706,6.612785,8.101978,-451,-138,-185,-0.55102795,-0.16860722,-0.22603142,3057,-6481,366,183.42,-388.86,21.96,0,0,0,0,0,0,0,0,0,1,0,0,6F0C31084D0065059C063DFE76FF47FF2F1F31089E009A05EA0653FEA100B5FFEF3131082200F6047E07ECFD94016200F10BAFE66E01200000181048
2026-09-12T15:44:36.5673680+00:00,7495,137446575,Connected,-1,24,22,1483,1606,0.10534488,7.101202,7.690176,-611,410,244,-0.7465146,0.50093454,0.29811713,3061,-6496,370,183.65999,-389.75998,22.199999,0,0,0,0,0,0,0,0,0,1,0,0,AF4431081600CB0546069DFD9A01F40088573108BC00B0038307BFFDCD012901486A3108C2FF15024E07AFFD26026A01F50BA0E67201200000181048
2026-09-12T15:44:36.5840637+00:00,7496,137461000,Connected,-1,24,-229,883,1825,-1.0965444,4.2281604,8.738836,-584,533,294,-0.71352625,0.65121484,0.3592067,3063,-6505,370,183.78,-390.3,22.199999,0,0,0,0,0,0,0,0,0,1,0,0,087D31081BFF73032107B8FD15022601C88F31089DFFA804C406D2FDEE017B0088A23108EEFFAA04D106E8FD3C022400F70B97E67201200000181048
2026-09-12T15:44:36.6006808+00:00,7497,137475425,Connected,-1,24,-33,1239,1792,-0.15801731,5.932832,8.580819,-540,776,69,-0.6597674,0.9481102,0.08430361,3062,-6526,379,183.72,-391.56,22.74,0,0,0,0,0,0,0,0,0,1,0,0,61B53108DFFFD7040007E4FD0803450021C8310891FFB906D505F6FDB303AE00E1DA3108F0FF1B04FD075FFE61040101F60B82E67B01200000181048
2026-09-12T15:44:36.6174053+00:00,7498,137489825,Connected,-1,24,-250,554,1946,-1.1971009,2.6527755,9.3182335,-436,1272,371,-0.5327011,1.5541188,0.45328465,3060,-6538,383,183.59999,-392.28,22.98,0,0,0,0,0,0,0,0,0,1,0,0,A1ED310806FF2A029A074CFEF80473017A00320887FE6902980759FEBE0457013A133208A1FEBF0251079BFE0304C200F40B76E67F01200000181048
2026-09-12T15:44:36.6340155+00:00,7499,137504250,Connected,-1,24,-297,950,1850,-1.4221559,4.548983,8.858546,-249,855,51,-0.30422607,1.0446317,0.062311366,3060,-6561,391,183.59999,-393.66,23.46,0,0,0,0,0,0,0,0,0,1,0,0,FA253208D7FEB6033A0707FF57033300BA38320848FF3504FC0758FF1D03F6FF7A4B32081FFF4A0593076BFFDA021600F40B5FE68701200000181048
2026-09-12T15:44:36.6507400+00:00,7500,137518675,Connected,-1,24,-118,1933,1645,-0.5650316,9.255983,7.8769236,-59,884,26,-0.0720857,1.0800637,0.03176658,3063,-6570,395,183.78,-394.19998,23.699999,0,0,0,0,0,0,0,0,0,1,0,0,535E32088AFF8D076D06C5FF74031A001371320863FF83045B090D002E057700D38332086AFE6F02E908C8FF45044301F70B56E68B01200000181048
2026-09-12T15:44:36.6673629+00:00,7502,137547500,Connected,-1,24,-152,1519,1945,-0.7278373,7.273585,9.313444,177,659,61,0.2162571,0.8051606,0.07452928,3081,-6599,403,184.86,-395.94,24.18,0,0,0,0,0,0,0,0,0,1,0,0,ECCE320868FFEF059907B10093023D00ACE132084BFF9204F7079A006902FFFF6CF43208A7FF08034F074200E201DCFF090C39E69301200000181048
2026-09-12T15:44:36.6840730+00:00,7503,137561925,Connected,-1,24,-102,447,1683,-0.48841715,2.1404164,8.058883,14,363,-45,0.01710508,0.44351032,-0.054980617,3088,-6604,402,185.28,-396.24,24.119999,0,0,0,0,0,0,0,0,0,1,0,0,450733089AFFBF0193060E006B01D3FF051A330881FFC0010D0627003701BCFFC52C3308A3FFB30205067C000901A6FF100C34E69201200000181048
2026-09-12T15:44:36.7007049+00:00,7504,137576325,Connected,-1,24,-125,961,1676,-0.59855044,4.6016555,8.025364,183,258,-67,0.22358784,0.3152222,-0.08186003,3102,-6613,399,186.12,-396.78,23.939999,0,0,0,0,0,0,0,0,0,0,0,0,853F330883FFC1038C06B7000201BDFF5E52330832FFCA04D206BA00E900E7FF1E65330812FF0205C106C000B100F7FF1E0C2BE68F01200000180048
2026-09-12T15:44:36.7173599+00:00,7505,137590750,Connected,-1,24,-370,964,1699,-1.7717092,4.6160207,8.135497,262,120,17,0.32010937,0.14661498,0.020770455,3108,-6616,399,186.48,-396.96,23.939999,0,0,0,0,0,0,0,0,0,0,0,1,DE7733088EFEC403A3060601780011009E8A3308D0FE7203490680013E004400779D3308E7FEC3022407BD014500A700240C28E68F01200000184048
2026-09-12T15:44:36.7340212+00:00,7506,137605175,Connected,-1,24,-388,873,1788,-1.8579005,4.1802764,8.561666,437,90,248,0.5339229,0.109961234,0.3030043,3123,-6620,398,187.37999,-397.19998,23.88,0,0,0,0,0,0,0,0,0,0,0,1,37B033087CFE6903FC06B5015A00F800F7C2330859FF3E039B06CE0192000401B7D5330887FF5303C006220242012F01330C24E68E01200000184048
2026-09-12T15:44:36.7506987+00:00,7507,137619600,Connected,-1,24,-189,786,1871,-0.90500826,3.763685,8.959103,666,294,352,0.81371313,0.3592067,0.4300706,3131,-6619,398,187.86,-397.13998,23.88,0,0,0,0,0,0,0,0,0,0,0,1,90E8330843FF12034F079A022601600150FB330803FF13033607F10274004901100E340834FF3A0351071A031500E1003B0C25E68E01200000184048
2026-09-12T15:44:36.7673822+00:00,7508,137634000,Connected,-1,24,-170,821,1862,-0.81402856,3.9312792,8.916007,800,-13,100,0.9774332,-0.01588329,0.12217915,3144,-6613,391,188.64,-396.78,23.46,0,0,0,0,0,0,0,0,0,0,0,1,D020340856FF350346072003F3FF6400A933340890FE7304840711030600EBFF69463408E6FE7906DD07B902E8FF5DFF480C2BE68701200000184048
2026-09-12T15:44:36.7840227+00:00,7510,137662850,Connected,-1,24,-106,1065,1829,-0.50757074,5.0996494,8.75799,5,341,-159,0.0061089573,0.4166309,-0.19426484,3161,-6599,382,189.65999,-395.94,22.92,0,0,0,0,0,0,0,0,0,0,0,1,8291340896FF290425070500550161FF42A4340840FF12043307C2FF0E028AFF02B73408B2FE5704AC07A3FFDA028FFF590C39E67E01200000184048
2026-09-12T15:44:36.8007278+00:00,7511,137677250,Connected,-1,24,-440,1161,2001,-2.1068976,5.559336,9.581595,-100,780,-143,-0.12217915,0.9529974,-0.17471619,3166,-6592,379,189.95999,-395.52,22.74,0,0,0,0,0,0,0,0,0,0,0,1,C2C9340848FE8904D1079CFF0C0371FF9BDC34084CFE61048C07A5FFC0025EFF5BEF34084CFE7F046207BAFF510275FF5E0C40E67B01200000184048
2026-09-12T15:44:36.8173641+00:00,7512,137691675,Connected,-1,24,-414,1169,1877,-1.982399,5.5976434,8.987833,-46,502,-97,-0.056202408,0.6133393,-0.11851378,3175,-6579,368,190.5,-394.74,22.08,0,0,0,0,0,0,0,0,0,0,0,1,1B02350862FE91045507D2FFF6019FFFF414350875FE78045E07E4FFC801D7FFB42735084CFE6C046507F4FFDC010E00670C4DE67001200000184048
2026-09-12T15:44:36.8340359+00:00,7513,137706100,Connected,-1,24,-488,1112,1987,-2.336741,5.3247046,9.514558,4,507,56,0.004887166,0.6194483,0.06842032,3177,-6574,366,190.62,-394.44,21.96,0,0,0,0,0,0,0,0,0,0,0,1,743A350818FE5804C3070400FB013800344D3508FBFD3E04C4070100C9015000F45F3508AAFE7803A7050D0031015500690C52E66E01200000184048
2026-09-12T15:44:36.8506806+00:00,7514,137720525,Connected,-1,24,-146,865,1375,-0.6991069,4.1419687,6.5840545,142,112,130,0.1734944,0.13684064,0.1588329,3180,-6569,363,190.8,-394.13998,21.779999,0,0,0,0,0,0,0,0,0,0,0,1,CD7235086EFF61035F058E00700082008D8535089FFFBA03A905010192008A004D98350839FF860303063901320146006C0C57E66B01200000184048
2026-09-12T15:44:36.8673445+00:00,7516,137749350,Connected,-1,24,-361,1103,1722,-1.7286136,5.281609,8.24563,122,0,-148,0.14905857,0,-0.18082514,3190,-6553,355,191.4,-393.18,21.3,0,0,0,0,0,0,0,0,0,0,0,1,66E3350897FE4F04BA067A0000006CFF26F635086AFE640462065700DEFF7CFFFF08360815FE6A0460065400F2FF75FF760C67E66301200000184048
2026-09-12T15:44:36.9010057+00:00,7518,137778200,Connected,-1,24,-331,1192,1820,-1.5849615,5.707777,8.714894,-113,82,-94,-0.13806243,0.1001869,-0.1148484,3198,-6539,347,191.87999,-392.34,20.82,0,0,0,0,0,0,0,0,0,0,0,1,18543608B5FEA8041C078FFF5200A2FFD8663608A3FE4804DE0659FF7E00A5FF98793608C1FE400498065EFF81009CFF7E0C75E65B01200000184048
2026-09-12T15:44:36.9343979+00:00,7520,137807025,Connected,-1,24,-347,1116,1765,-1.661576,5.3438582,8.451532,-154,370,-211,-0.18815589,0.45206285,-0.25779802,3209,-6536,344,192.54,-392.16,20.64,0,0,0,0,0,0,0,0,0,0,1,0,B1C43608A5FE5C04E50666FF72012DFF71D7360869FE8104F20669FF840137FF4AEA360841FE34040B0775FF6D015DFF890C78E65801200000182048
2026-09-12T15:44:36.9510090+00:00,7521,137821575,Connected,-1,24,-447,935,1769,-2.1404164,4.477157,8.470686,-123,302,-124,-0.15028036,0.36898103,-0.15150215,3216,-6535,341,192.95999,-392.1,20.46,0,0,0,0,0,0,0,0,0,0,1,0,87FD360841FEA703E90685FF2E0184FFCA0F3708BFFE1A04A006C3FFE800B9FF8A223708B4FE1D04F40625009F01E3FF900C79E65501200000182048
2026-09-12T15:44:36.9676991+00:00,7522,137835950,Connected,-1,24,-346,1127,1890,-1.6567876,5.3965306,9.050082,86,494,-4,0.10507407,0.603565,-0.004887166,3218,-6535,341,193.08,-392.1,20.46,0,0,0,0,0,0,0,0,0,0,1,0,AE353708A6FE670462075600EE01FCFF2348370858FE4F0480075B00C8011700155B3708F2FD4C04C9072B008C011500920C79E65501200000182048
2026-09-12T15:44:36.9843722+00:00,7523,137850350,Connected,-1,24,-588,1171,2046,-2.815581,5.60722,9.797073,-58,225,-18,-0.07086391,0.2749031,-0.021992248,3223,-6534,340,193.37999,-392.03998,20.4,0,0,0,0,0,0,0,0,0,0,1,0,EE6D3708B4FD9304FE07C6FFE100EEFF63803708E0FD67047E0744FF3600A8FF3C9337080AFE91043D0703FF0500A3FF970C7AE65401200000182048
2026-09-12T15:44:37.0010472+00:00,7524,137864700,Connected,-1,24,-490,1193,1805,-2.3463178,5.7125654,8.643068,-233,-13,-24,-0.28467742,-0.01588329,-0.029322997,3225,-6530,339,193.5,-391.8,20.34,0,0,0,0,0,0,0,0,0,0,1,0,FCA5370816FEA9040D0717FFF3FFE8FFBCB837081BFE8E04CB065CFFFFFF3B007CCB370805FE6904C106AEFF22007900990C7EE65301200000182048
2026-09-12T15:44:37.0177200+00:00,7526,137893525,Connected,-1,24,-389,1085,1779,-1.8626889,5.195418,8.51857,-139,31,40,-0.16982901,0.037875537,0.04887166,3231,-6530,341,193.86,-391.8,20.46,0,0,0,0,0,0,0,0,0,0,1,0,951638087BFE3D04F30675FF1F002800552938087FFE1D04E70647FF3B001300153C38085FFE1504CE065CFF3A0021009F0C7EE65501200000182048
2026-09-12T15:44:37.0343582+00:00,7527,137907950,Connected,-1,24,-443,1051,1733,-2.1212628,5.032612,8.298303,-86,78,44,-0.10507407,0.095299736,0.053758826,3233,-6533,341,193.98,-391.97998,20.46,0,0,0,0,0,0,0,0,0,0,1,0,EE4E380845FE1B04C506AAFF4E002C00AE61380830FE3904B9060500430028006E74380829FE3704AA063B004C001300A10C7BE65501200000182048
2026-09-12T15:44:37.0510093+00:00,7528,137922350,Connected,-1,24,-455,1102,1721,-2.1787236,5.2768207,8.240842,92,120,8,0.112404816,0.14661498,0.009774332,3236,-6537,340,194.15999,-392.22,20.4,0,0,0,0,0,0,0,0,0,0,1,0,2E87380839FE4E04B9065C0078000800079A380844FE6304BE06780090001200C7AC380834FE7B04BD068C00A5002200A40C77E65401200000182048
2026-09-12T15:44:37.0676849+00:00,7529,137936775,Connected,-1,24,-478,1158,1735,-2.2888567,5.544971,8.307879,146,174,56,0.17838156,0.21259172,0.06842032,3238,-6538,339,194.28,-392.28,20.34,0,0,0,0,0,0,0,0,0,0,1,0,87BF380822FE8604C7069200AE00380047D2380810FE8004D1068B00AC004F0007E538080DFE8704E5068800A0006400A60C76E65301200000182048
2026-09-12T15:44:37.0845049+00:00,7530,137951200,Connected,-1,24,-500,1181,1765,-2.3942018,5.6551046,8.451532,139,135,119,0.16982901,0.16494185,0.1453932,3242,-6537,338,194.51999,-392.22,20.279999,0,0,0,0,0,0,0,0,0,0,1,0,E0F738080CFE9D04E5068B0087007700A00A390803FEB404E9068A007E008F00601D3908EFFDA804010786006500AD00AA0C77E65201200000182048
2026-09-12T15:44:37.1010287+00:00,7532,137980025,Connected,-1,24,-387,1201,1457,-1.8531121,5.7508726,6.9767036,425,214,553,0.51926136,0.26146337,0.6756507,3246,-6535,334,194.76,-392.1,20.039999,0,0,0,0,0,0,0,0,0,0,0,0,796839087DFEB104B105A901D6002902397B390864FE0705C50565025701DD02F98D3908A9FD5B0431052C0362015103AE0C79E64E01200000180048
2026-09-12T15:44:37.1177176+00:00,7533,137994675,Connected,-1,24,-649,885,1362,-3.107674,4.237737,6.5218053,1032,310,890,1.2608888,0.37875536,1.0873945,3246,-6533,330,194.76,-391.97998,19.8,0,0,0,0,0,0,0,0,0,0,0,1,B3A1390877FD75035205080436017A0392B3390839FFD400EEFF7305BF02540352C63908DDFE5C03EE03EB0759070E03AE0C7BE64A01200000184048
2026-09-12T15:44:37.1343351+00:00,7534,138008850,Connected,-1,24,-389,1046,1323,-1.8626889,5.00867,6.3350577,2510,2333,926,3.0666966,2.8504395,1.1313789,3248,-6527,326,194.87999,-391.62,19.56,0,0,0,0,0,0,0,0,0,0,0,1,12D939087BFE16042B05CE091D099E03EBEB3908CBFCEA03B8055E0BD1086B04ABFE3908D7FCD7035006950CFC07C804B00C81E64601200000184048
2026-09-12T15:44:37.1510352+00:00,7535,138023275,Connected,-1,24,-741,936,1726,-3.5482068,4.4819455,8.264784,3381,1813,1294,4.130877,2.215108,1.5809982,3255,-6507,312,195.3,-390.41998,18.72,0,0,0,0,0,0,0,0,0,0,0,1,6B113A081BFDA803BE06350D15070E052B243A0825FD2C046E06570DC7056A05EB363A083FFE33048705190D10059805B70C95E63801200000184048
2026-09-12T15:44:37.1676797+00:00,7537,138052100,Connected,-1,24,-592,951,1719,-2.834735,4.5537715,8.231265,2912,676,1620,3.5578568,0.8259311,1.9793022,3268,-6441,273,196.08,-386.46,16.38,0,0,0,0,0,0,0,0,0,0,0,1,04823A08B0FDB703B706600BA4025406C4943A08CDFD6B03BF06B80AAF0077069DA73A08F3FD54032506060AAEFE9306C40CD7E61101200000184048
2026-09-12T15:44:37.1843427+00:00,7538,138066525,Connected,-1,24,-531,866,1522,-2.542642,4.146757,7.28795,2400,-745,1707,2.9322996,-0.9102347,2.085598,3270,-6413,259,196.2,-384.78,15.54,0,0,0,0,0,0,0,0,0,0,0,1,5DBA3A08EDFD6203F205600917FDAB061DCD3A08CCFD9C03FF05AE08C4FBB006DDDF3A08D1FD05043206E007A0FA9906C60CF3E60301200000184048
2026-09-12T15:44:37.2177152+00:00,7539,138080950,Connected,-1,24,-485,1173,1654,-2.3223755,5.616797,7.920019,1777,-1550,1660,2.1711235,-1.8937768,2.028174,3274,-6352,232,196.44,-381.12,13.92,0,0,0,0,0,0,0,0,0,0,0,1,B6F23A081BFE95047606F106F2F97C0676053B086DFE09057906E40560F96B0636183B08ACFE40052806E404F2F87A06CA0C30E7E800200000184048
2026-09-12T15:44:37.2343810+00:00,7540,138095350,Connected,-1,24,-345,1441,1347,-1.6519991,6.9000893,6.4499793,1042,-1945,1700,1.2731067,-2.3763845,2.0770454,3272,-6321,219,196.31999,-379.25998,13.139999,0,0,0,0,0,0,0,0,0,0,0,1,F62A3B08A7FEA1054305120467F8A406B63D3B085DFEA606BB03AB0353F8CC068F503B08B2FD97074303A80326F99F06C80C4FE7DB00200000184048
2026-09-12T15:44:37.2510562+00:00,7542,138125200,Connected,-1,24,-611,2213,1260,-2.9257145,10.596737,6.033388,386,-629,285,0.47161153,-0.7685068,0.34821057,3259,-6228,177,195.54,-373.68,10.62,0,0,0,0,0,0,0,0,0,0,0,1,909F3B089DFDA508EC0482018BFD1D0168AE3B0836FEE008FE04AA0049FDEDFF28C13B08B6FE1F09EA04E3FF75FCF4FEBB0CACE7B100200000184048
2026-09-12T15:44:37.2677079+00:00,7543,138138600,Connected,-1,24,-252,2392,1178,-1.2066777,11.453861,5.6407394,-170,-1202,-493,-0.20770456,-1.4685934,-0.6023432,3250,-6167,157,195,-370.02,9.42,0,0,0,0,0,0,0,0,0,0,0,1,E8D33B0804FF58099A0456FF4EFB13FEA8E63B084DFF73092E0449FFD4F937FD81F93B0874FFEF084804C5FF97F89CFCB20CE9E79D00200000184048
2026-09-12T15:44:37.2843648+00:00,7544,138153025,Connected,-1,24,-161,2031,1230,-0.770933,9.725247,5.889736,130,-2081,-921,0.1588329,-2.5425482,-1.12527,3245,-6139,148,194.7,-368.34,8.88,0,0,0,0,0,0,0,0,0,0,0,1,410C3C085FFFEF07CE048200DFF767FC011F3C083CFF0A078D053C015BF788FCC1313C081EFFA3065906C401AEF6D6FCAD0C05E89400200000184048
2026-09-12T15:44:37.3009975+00:00,7545,138167425,Connected,-1,24,-223,1693,1811,-1.067814,8.106767,8.671799,493,-2627,-740,0.6023432,-3.2096462,-0.9041257,3238,-6115,142,194.28,-366.9,8.5199995,0,0,0,0,0,0,0,0,0,0,0,1,81443C0821FF9D061307ED01BDF51CFD5A573C08BAFFE8067F079601F1F453FD1A6A3C08600070075807CA002EF4AFFDA60C1DE88E00200000184048
2026-09-12T15:44:37.3176783+00:00,7546,138181850,Connected,-1,24,450,2043,1630,2.1547816,9.782708,7.8050976,-56,-3224,-457,-0.06842032,-3.9390557,-0.5583587,3217,-6075,138,193.01999,-364.5,8.28,0,0,0,0,0,0,0,0,0,0,0,1,DA7C3C08C201FB075E06C8FF68F337FE9A8F3C08F60253082905F1FE3EF3F0FE5AA23C089F036D08DE0376FED2F3B2FF910C45E88A00200000184048
2026-09-12T15:44:37.3343519+00:00,7548,138210675,Connected,-1,24,295,1767,974,1.412579,8.461109,4.663905,-26,-1481,105,-0.03176658,-1.8094732,0.1282881,3175,-6051,155,190.5,-363.06,9.3,0,0,0,0,0,0,0,0,0,0,0,1,73ED3C082701E706CE03E6FF37FA69004C003D0804000706CC047F0002FBEEFF0C133D08C8FF50050805FD0042FB4DFF670C5DE89B00200000184048
2026-09-12T15:44:37.3510127+00:00,7549,138225100,Connected,-1,24,40,1335,1217,0.19153613,6.3925185,5.827487,365,-1143,-346,0.4459539,-1.3965076,-0.42273986,3161,-6047,162,189.65999,-362.81998,9.719999,0,0,0,0,0,0,0,0,0,0,0,1,CC253D0828003705C1046D0189FBA6FE8C383D0858007E059104DF01E9FB1DFE4C4B3D081E00A10566046E024BFCBFFD590C61E8A200200000184048
2026-09-12T15:44:37.3676759+00:00,7550,138239525,Connected,-1,24,5,1521,1121,0.023942016,7.2831616,5.3678,775,-832,-641,0.9468884,-1.0165305,-0.7831684,3135,-6043,175,188.09999,-362.58,10.5,0,0,0,0,0,0,0,0,0,0,0,1,255E3D080500F10561040703C0FC7FFDE5703D080C0065065804AA035FFD69FDA5833D082200130745045504FAFD8EFD3F0C65E8AF00200000184048
2026-09-12T15:44:37.3843720+00:00,7551,138253925,Connected,-1,24,86,1992,1063,0.41180268,9.5385,5.0900726,1276,-363,-531,1.559006,-0.44351032,-0.6487713,3127,-6042,180,187.62,-362.52,10.8,0,0,0,0,0,0,0,0,0,0,0,1,65963D085600C8072704FC0495FEEDFD3EA93D08790039083904920540FF7EFEFEBB3D089D00810842040F06E1FF2FFF370C66E8B400200000184048
2026-09-12T15:44:37.4011507+00:00,7552,138268350,Connected,-1,24,195,2197,1115,0.93373865,10.520123,5.33907,1653,101,-14,2.0196214,0.12340094,-0.01710508,3114,-6036,189,186.84,-362.16,11.34,0,0,0,0,0,0,0,0,0,0,0,1,BECE3D08C30095085B0475066500F2FF7EE13D08030194086704C006E300AD003EF43D081C018C08A004F006690154012A0C6CE8BD00200000184048
2026-09-12T15:44:37.4177099+00:00,7553,138282775,Connected,-1,24,325,2160,1274,1.5562311,10.342952,6.1004257,1801,448,488,2.2004464,0.54736257,0.59623426,3108,-6031,189,186.48,-361.86,11.34,0,0,0,0,0,0,0,0,0,0,0,1,17073E0845017008FA040907C001E801D7193E084D01220863050907A7016102C92C3E083D01C2078D05F6060E01B202240C71E8BD00200000184048
2026-09-12T15:44:37.4343871+00:00,7555,138311600,Connected,-1,24,332,1639,1239,1.5897499,7.848193,5.932832,1583,-566,529,1.934096,-0.691534,0.6463277,3089,-6006,176,185.34,-360.36,10.559999,0,0,0,0,0,0,0,0,0,0,0,1,B0773E084C016706D7042F06CAFD1102708A3E0807011B06F704DB05EDFCE301499D3E08A2002D0626057805FBFBAF01110C8AE8B000200000184048
2026-09-12T15:44:37.4510228+00:00,7556,138326025,Connected,-1,24,95,1616,1323,0.45489833,7.73806,6.3350577,1280,-1298,349,1.5638931,-1.5858854,0.42640522,3083,-5996,167,184.98,-359.75998,10.0199995,0,0,0,0,0,0,0,0,0,0,0,1,09B03E085F0050062B050005EEFA5D01C9C23E082300E607A305FC03DBF91F01A2D53E081700CE084E05FCFF38F952010B0C94E8A700200000184048
2026-09-12T15:44:37.4676933+00:00,7557,138340450,Connected,-1,24,364,2008,1029,1.7429788,9.615114,4.927267,-1150,-1787,494,-1.4050602,-2.1833415,0.603565,3070,-5978,150,184.2,-358.68,9,0,0,0,0,0,0,0,0,0,0,0,1,62E83E086C01D807050482FB05F9EE0122FB3E08290323072D0277F909FA1503E20D3F08A7021807090106F9EAFD7803FE0BA6E89600200000184048
2026-09-12T15:44:37.4844844+00:00,7558,138354875,Connected,-1,24,171,1969,304,0.81881696,9.428367,1.4556746,-1519,634,705,-1.8559012,0.7746158,0.861363,3064,-5968,142,183.84,-358.08,8.5199995,0,0,0,0,0,0,0,0,0,0,0,1,BB203F08AB00B107300111FA7A02C1027B333F0837FF9F078E029CFB830496013B463F0878FF2B07250306FD97039000F80BB0E88E00200000184048
2026-09-12T15:44:37.5010360+00:00,7559,138369275,Connected,-1,24,122,1717,815,0.58418524,8.221688,3.9025488,-464,581,-51,-0.5669113,0.70986086,-0.062311366,3056,-5951,126,183.36,-357.06,7.56,181,138,0.5746032,0.43809524,1,0,0,0,0,0,0,1,FB583F087A00B5062F0330FE4502CDFFD46B3F083F01A5062F0455FFD90132FF947E3F0805019206EA0411005001D6FEF00BC1E87E0012D48A184048
2026-09-12T15:44:37.5176899+00:00,7560,138383700,Connected,-1,24,204,1655,1222,0.9768343,7.9248075,5.851429,117,101,-387,0.14294961,0.12340094,-0.4728333,3054,-5942,118,183.23999,-356.52,7.08,178,141,0.5650794,0.44761905,1,0,0,0,1,0,0,0,54913F08CC007706C604750065007DFE14A43F08C0009906FB04180180FF11FED4B63F08DB00DC06B303AD0067FF8EFDEE0BCAE8760012C88D180848
2026-09-12T15:44:37.5343737+00:00,7561,138398125,Connected,-1,24,244,1789,912,1.1683705,8.566454,4.367024,186,-129,-719,0.22725321,-0.1576111,-0.8784681,3052,-5928,102,183.12,-355.68,6.12,174,150,0.552381,0.47619048,1,0,0,0,1,0,0,0,ADC93F08F400FD069003BA007FFF31FD6DDC3F08220141075103F00061FF0AFD2DEF3F082E017807550335017EFF10FDEC0BD8E8660012B896180848
2026-09-12T15:44:37.5510280+00:00,7562,138412525,Connected,-1,24,293,1954,917,1.4030021,9.356541,4.390966,407,-118,-681,0.49726912,-0.1441714,-0.83204,3051,-5922,94,183.06,-355.31998,5.64,174,150,0.552381,0.47619048,1,0,0,0,1,0,0,0,ED0140082501A207950397018AFF57FDAD1440080C01A307F703F00172FFBCFD86274008F600B1076404200237FF0FFEEB0BDEE85E0012B896180848
2026-09-12T15:44:37.5677267+00:00,7564,138441375,Connected,-1,24,222,1736,1263,1.0630256,8.312668,6.0477533,355,-776,-258,0.43373597,-0.9481102,-0.3152222,3046,-5913,78,182.76,-354.78,4.68,172,154,0.5460318,0.4888889,1,0,0,0,1,0,0,0,9F724008DE00C806EF046301F8FCFEFE5F854008D500D606C104DB0097FC0AFF1F984008A000E606E30453006EFB1BFFE60BE7E84E0012B09A180848
2026-09-12T15:44:37.5843934+00:00,7565,138455800,Connected,-1,24,232,1966,989,1.1109096,9.414001,4.735731,-26,-1495,-203,-0.03176658,-1.8265783,-0.24802367,3044,-5912,76,182.64,-354.72,4.56,171,154,0.54285717,0.4888889,1,0,0,0,1,0,0,0,F8AA4008E800AE07DD03E6FF29FA35FFB8BD4008090106081F03C3FF92FA60FF78D040084001DA073E02F9FF71FBA6FFE40BE8E84C0012AC9A180848
2026-09-12T15:44:37.6010787+00:00,7566,138470200,Connected,-1,24,311,1910,583,1.4891934,9.14585,2.791639,136,-919,-34,0.16616364,-1.1228263,-0.04154091,3039,-5915,72,182.34,-354.9,4.3199997,171,155,0.54285717,0.4920635,1,0,0,0,1,0,0,0,38E34008370176074702880069FCDEFFF8F5400807015807F2022101E6FC0100B8084108E300960796037F0113FD0900DF0BE5E8480012AC9B180848
2026-09-12T15:44:37.6176906+00:00,7567,138484625,Connected,-1,24,209,1951,956,1.0007763,9.3421755,4.5777135,415,-730,-6,0.5070435,-0.8919078,-0.007330749,3037,-5918,72,182.22,-355.08,4.3199997,171,156,0.54285717,0.4952381,1,0,0,0,1,0,0,0,911B4108D1009F07BC039F0126FDFAFF512E4108CE0059076F03AE0120FDD1FF11414108CF0032076B03D20113FD8EFFDD0BE2E8480012AC9C180848
2026-09-12T15:44:37.6343661+00:00,7568,138499025,Connected,-1,24,268,1889,805,1.283292,9.045294,3.8546648,513,-797,-172,0.626779,-0.9737678,-0.21014814,3034,-5921,68,182.04,-355.25998,4.08,171,156,0.54285717,0.4952381,1,0,0,0,1,0,0,0,D15341080C01610725030102E3FC54FF916641080E01AA073B033C0222FD26FF6A7941082701C3074D0371024CFD0FFFDA0BDFE8440012AC9C180848
2026-09-12T15:44:37.6510245+00:00,7570,138527875,Connected,-1,24,246,2004,853,1.1779473,9.595961,4.084508,497,-623,-156,0.60723037,-0.7611761,-0.19059947,3032,-5917,52,181.92,-355.02,3.12,171,156,0.54285717,0.4952381,1,0,0,0,0,0,0,1,83C44108F600D4075503F10191FD64FF43D741082C01B20715039602EFFCD1FF03EA4108A4005C07E2024D0269FDD2FFD80BE3E8340012AC9C184048
2026-09-12T15:44:37.6676997+00:00,7571,138542275,Connected,-1,24,151,1782,717,0.7230489,8.532935,3.4332852,593,-603,-11,0.72452235,-0.7367403,-0.0134397065,3031,-5914,45,181.86,-354.84,2.7,171,157,0.54285717,0.4984127,1,0,0,0,0,0,0,1,C3FC41089700F606CD025102A5FDF5FF830F42085500C5065B03510225FED5FF5C224208D7FF8106A4034E025FFE90FFD70BE6E82D0012AC9D184048
2026-09-12T15:44:37.6844018+00:00,7572,138556700,Connected,-1,24,-96,1596,1026,-0.45968673,7.642292,4.912902,554,-419,-193,0.6768725,-0.51193064,-0.23580576,3025,-5907,31,181.5,-354.41998,1.86,171,157,0.54285717,0.4984127,1,0,0,0,0,0,0,1,1C354208A0FF3C0602042A025DFE3FFFDC474208DCFF6E06F703BC0149FE13FF9C5A42087D00E7067603FD00B8FE02FFD10BEDE81F0012AC9D184048
2026-09-12T15:44:37.7010288+00:00,7573,138571100,Connected,-1,24,179,1861,746,0.8571242,8.911219,3.572149,53,-88,-268,0.06475495,-0.10751765,-0.3274401,3022,-5903,26,181.31999,-354.18,1.56,171,157,0.54285717,0.4984127,1,0,0,0,0,0,0,1,5C6D4208B3004507EA023500A8FFF4FE35804208A10074077902C8FF7400D4FEF5924208860053077002C6FFE3009FFECE0BF1E81A0012AC9D184048
2026-09-12T15:44:37.7176933+00:00,7574,138585525,Connected,-1,24,136,1833,717,0.6512229,8.7771435,3.4332852,-46,274,-410,-0.056202408,0.33477086,-0.50093454,3018,-5900,15,181.08,-354,0.9,172,157,0.5460318,0.4984127,1,0,0,0,0,0,0,1,B5A5420888002907CD02D2FF120166FE75B84208A300350723036DFF53013CFE35CB4208A7005C075D03ACFEDE010DFECA0BF4E80F0012B09D184048
2026-09-12T15:44:37.7344121+00:00,7576,138614350,Connected,-1,24,219,2026,659,1.0486604,9.701305,3.1555579,-449,544,-464,-0.5485844,0.66465455,-0.5669113,3016,-5898,5,180.95999,-353.88,0.29999998,172,157,0.5460318,0.4984127,1,0,0,0,1,0,0,0,4E164308DB00EA0793023FFE200230FE0E29430880008C075402ACFDE3025AFEE73B43085B009807EF02F8FDEA02ABFEC80BF6E8050012B09D180848
2026-09-12T15:44:37.7676884+00:00,7577,138628775,Connected,-1,24,23,2000,1056,0.110133275,9.576807,5.056554,-424,628,-258,-0.5180396,0.76728505,-0.3152222,3018,-5896,-3,181.08,-353.75998,-0.17999999,172,157,0.5460318,0.4984127,1,0,0,0,1,0,0,0,A74E43081700D007200458FE7402FEFE67614308FFFFB7070205BDFE54015DFF2774430824009F07FB04FDFEE7FFA1FFCA0BF8E8FDFF12B09D180848
2026-09-12T15:44:37.7843979+00:00,7578,138643200,Connected,-1,24,110,1973,1140,0.5267244,9.44752,5.45878,-233,-294,-55,-0.28467742,-0.3592067,-0.06719853,3018,-5896,-4,181.08,-353.75998,-0.24,172,157,0.5460318,0.4984127,1,0,0,0,1,0,0,0,008743086E00B507740417FFDAFEC9FFC09943089000C407B90329FF2DFEE7FF80AC43087F009D072E0349FFF1FDF5FFCA0BF8E8FCFF12B09D180848
2026-09-12T15:44:37.8011415+00:00,7580,138672025,Connected,-1,24,81,1885,808,0.3878607,9.02614,3.86903,142,-419,-174,0.1734944,-0.51193064,-0.21259172,3022,-5900,-8,181.31999,-354,-0.48,172,158,0.5460318,0.50158733,1,0,0,0,1,0,0,0,99F7430851005D0728038E005DFE52FF590A44087B0090074003F3005AFE2EFF191D4408A200B1075503420157FE1CFFCE0BF4E8F8FF12B09E180848
2026-09-12T15:44:37.8177107+00:00,7581,138686425,Connected,-1,24,188,1995,853,0.90021986,9.552865,4.084508,382,-444,-232,0.46672434,-0.5424754,-0.28345564,3025,-5902,-10,181.5,-354.12,-0.59999996,172,158,0.5460318,0.50158733,1,0,0,0,1,0,0,0,D92F4408BC00CB0755037E0144FE18FF99424408CC00CC0754039F0125FE17FF725544089C00E407C5039901DFFD11FFD10BF2E8F6FF12B09E180848
2026-09-12T15:44:37.8343494+00:00,7582,138700875,Connected,-1,24,254,1997,809,1.2162545,9.562442,3.8738184,338,-745,-244,0.41296554,-0.9102347,-0.29811713,3027,-5904,-9,181.62,-354.24,-0.53999996,172,159,0.5460318,0.50476193,1,0,0,0,0,0,0,0,4B684408FE00CD072903520117FD0CFFF27A44082501BD07EA022E015DFD12FFB28D44085F01FC075E02C30026FE25FFD30BF0E8F7FF12B09F180048
2026-09-12T15:44:37.8510237+00:00,7583,138715250,Connected,-1,24,239,1877,750,1.1444284,8.987833,3.5913026,235,-497,-155,0.287121,-0.60723037,-0.18937768,3028,-5908,-8,181.68,-354.47998,-0.48,172,161,0.5460318,0.51111114,1,0,0,0,0,0,0,1,72A04408EF005507EE02EB000FFE65FF4BB344081701C3071303CF01D0FDA4FF0BC644080701B507F3029F0108FEADFFD40BECE8F8FF12B0A1184048
2026-09-12T15:44:37.8676891+00:00,7584,138729675,Connected,-1,24,302,1999,596,1.4460979,9.572019,2.8538885,383,-366,-46,0.46794614,-0.44717568,-0.056202408,3029,-5911,-9,181.73999,-354.66,-0.53999996,172,161,0.5460318,0.51111114,1,0,0,0,0,0,0,1,CBD844082E01CF0754027F0192FED2FF8BEB44082D010F08E3016D01A3FF030064FE440827014608EE017601D0003E00D50BE9E8F7FF12B0A1184048
2026-09-12T15:44:37.8843670+00:00,7586,138758525,Connected,-1,24,116,2570,913,0.5554548,12.306197,4.3718123,143,-5,304,0.17471619,-0.0061089573,0.37142462,3034,-5910,-13,182.04,-354.6,-0.78,172,161,0.5460318,0.51111114,1,0,0,0,0,0,0,1,7D49450874000A0A91038F00FBFF30013D5C4508FA009209A80207FFD3000502FD6E4508C300BC081102D4FDBE029F02DA0BEAE8F3FF12B0A1184048
2026-09-12T15:44:37.9011152+00:00,7587,138772925,Connected,-1,24,116,1948,411,0.5554548,9.32781,1.9680338,-712,1149,770,-0.86991554,1.4038384,0.94077945,3034,-5910,-14,182.04,-354.6,-0.84,172,162,0.5460318,0.51428574,1,0,0,0,0,0,0,1,BD81450874009C079B0138FD7D0402037D9445087800DC066C0131FDFA05FB0256A7450894009E06E0019FFD57078D02DA0BEAE8F2FF12B0A2184048
2026-09-12T15:44:37.9176955+00:00,7588,138787350,Connected,-1,24,91,1753,732,0.4357447,8.394072,3.5051112,-449,2150,486,-0.5485844,2.6268518,0.59379065,3032,-5907,-14,181.92,-354.41998,-0.84,172,162,0.5460318,0.51428574,1,0,0,0,0,0,0,1,16BA45085B00D906DC023FFE6608E601D6CC45081B004D070104C3FE95085E0196DF4508FEFFA707D104F9FED3073101D80BEDE8F2FF12B0A2184048
2026-09-12T15:44:37.9343785+00:00,7589,138801775,Connected,-1,24,-14,1980,1325,-0.06703765,9.481039,6.3446345,-289,1696,342,-0.35309774,2.0721583,0.4178527,3032,-5907,-17,181.92,-354.41998,-1.02,172,162,0.5460318,0.51428574,1,0,0,0,0,0,0,1,6FF24508F2FFBC072D05DFFEA00656012F054608DFFF95070A05A1FE73059D01EF174608D0FF390791047BFEA404D501D80BEDE8EFFF12B0A2184048
2026-09-12T15:44:37.9510708+00:00,7590,138816175,Connected,-1,24,-71,1773,1088,-0.33997664,8.48984,5.209783,-360,1083,492,-0.43984494,1.3232002,0.6011214,3034,-5904,-22,182.04,-354.24,-1.3199999,0,0,0,0,0,0,0,0,0,0,0,1,AF2A4608B9FFED06400498FE3B04EC016F3D460881FFC0065604E9FEC103EE014850460842FF9D06A20438FFD302DF01DA0BF0E8EAFF000000184048
2026-09-12T15:44:37.9676931+00:00,7592,138845000,Connected,-1,24,-34,1793,1219,-0.16280572,8.585608,5.837064,-125,-204,353,-0.15272394,-0.24924546,0.43129238,3034,-5904,-22,182.04,-354.24,-1.3199999,0,0,0,0,0,0,0,0,0,0,0,1,489B4608DEFF0107C30483FF34FF610121AE4608210071079304B9FF89FE5301E1C046087500C4076004FEFFECFD5301DA0BF0E8EAFF200000184048
2026-09-12T15:44:38.0011476+00:00,7593,138859425,Connected,-1,24,160,2033,1082,0.7661445,9.734824,5.1810527,67,-658,361,0.08186003,-0.8039388,0.44106674,3034,-5904,-22,182.04,-354.24,-1.3199999,0,0,0,0,0,0,0,0,0,0,0,1,A1D34608A000F1073A0443006EFD690161E64608A400E8071A047B000BFD8B013AF946089B00B807FA03A100C1FCA101DA0BF0E8EAFF200000184048
2026-09-12T15:44:38.0176916+00:00,7595,138888275,Connected,-1,24,208,1835,918,0.9959879,8.78672,4.3957543,156,-808,239,0.19059947,-0.98720753,0.29200816,3033,-5897,-24,181.98,-353.82,-1.4399999,0,0,0,0,0,0,0,0,0,0,0,1,53444708D0002B0796039C00D8FCEF0013574708D30012078E03AE00EEFC9F00EC694708B300F706AE03D100E6FC5800D90BF7E8E8FF200000184048
2026-09-12T15:44:38.0345137+00:00,7596,138902675,Connected,-1,24,163,1776,978,0.78050977,8.504205,4.6830587,254,-826,23,0.31033504,-1.0091997,0.028101204,3032,-5895,-24,181.92,-353.69998,-1.4399999,0,0,0,0,0,0,0,0,0,0,0,1,937C4708A300F006D203FE00C6FC1700538F4708BB00EA06D0033B019FFCD8FF2CA24708D100190786038D016AFC9FFFD80BF9E8E8FF200000184048
2026-09-12T15:44:38.0510382+00:00,7597,138917100,Connected,-1,24,229,1901,796,1.0965444,9.102755,3.8115692,488,-941,-130,0.59623426,-1.1497058,-0.1588329,3028,-5893,-28,181.68,-353.58,-1.68,0,0,0,0,0,0,0,0,0,0,0,1,ECB44708E5006D071C03E80153FC7EFFACC747080701BA07DB023A0281FC83FF6CDA47081601D407BB027B02F7FCA6FFD40BFBE8E4FF200000184048
2026-09-12T15:44:38.0677814+00:00,7598,138931525,Connected,-1,24,241,1989,687,1.1540052,9.524135,3.289633,685,-635,-60,0.8369272,-0.7758376,-0.07330749,3028,-5892,-29,181.68,-353.52,-1.74,0,0,0,0,0,0,0,0,0,0,0,1,45ED4708F100C507AF02AD0285FDC4FF05004808CC00A207BF02D30205FEC9FFC5124808E5008B07D702EA0257FEB7FFD40BFCE8E3FF200000184048
2026-09-12T15:44:38.0843792+00:00,7599,138945925,Connected,-1,24,275,1915,738,1.316811,9.169792,3.5338416,753,-375,-99,0.920009,-0.4581718,-0.12095736,3025,-5889,-33,181.5,-353.34,-1.9799999,0,0,0,0,0,0,0,0,0,0,0,1,8525480813017B07E202F10289FE9DFF5E38480823017607DC02E602ADFE84FF1E4B480837017E07EC02D202D4FE6DFFD10BFFE8DFFF200000184048
2026-09-12T15:44:38.1010584+00:00,7600,138960350,Connected,-1,24,317,1913,773,1.5179238,9.160215,3.7014358,703,-261,-167,0.85891944,-0.3188876,-0.20403919,3022,-5888,-36,181.31999,-353.28,-2.1599998,0,0,0,0,0,0,0,0,0,0,0,1,DE5D48083D0179070503BF02FBFE59FF9E7048081B0141072F03BC0202FF3FFF77834808F10003070E03D102E7FE21FFCE0B00E9DCFF200000184048
2026-09-12T15:44:38.1176823+00:00,7602,138989200,Connected,-1,24,266,1714,904,1.2737153,8.207323,4.3287168,850,-636,-383,1.0385227,-0.7770594,-0.46794614,3014,-5881,-52,180.84,-352.86,-3.12,0,0,0,0,0,0,0,0,0,0,0,1,90CE48080A01B2068803520384FD81FE50E14808EF00DA065003350347FD5BFE10F44808D800F206D002170341FD41FEC60B07E9CCFF200000184048
2026-09-12T15:44:38.1343478+00:00,7603,139003600,Connected,-1,24,243,1854,310,1.163582,8.8777,1.484405,705,-544,-444,0.861363,-0.66465455,-0.5424754,3013,-5876,-65,180.78,-352.56,-3.8999999,0,0,0,0,0,0,0,0,0,0,0,1,D0064908F3003E073601C102E0FD44FE901949083501A6076E00C501CAFF4FFE692C4908AD01220815008000020254FEC50B0CE9BFFF200000184048
2026-09-12T15:44:38.1510482+00:00,7604,139018025,Connected,-1,24,410,1991,61,1.9632454,9.533711,0.29209262,-84,1038,-430,-0.10263049,1.2682196,-0.52537036,3011,-5874,-70,180.65999,-352.44,-4.2,0,0,0,0,0,0,0,0,0,0,0,1,293F49089A01C7073D00ACFF0E0452FEE9514908D8003507870164FF69057CFEA9644908AB003607510277FFB905DFFEC30B0EE9BAFF200000184048
2026-09-12T15:44:38.1677216+00:00,7605,139032425,Connected,-1,24,122,2106,689,0.58418524,10.084377,3.2992098,-145,1577,-227,-0.17715977,1.9267652,-0.27734667,3012,-5872,-78,180.72,-352.32,-4.68,0,0,0,0,0,1,0,0,0,0,0,0,697749087A003A08B1026FFF29061DFF428A490859002A0CF7011DFF010642FF029D490827010905D602D1FEF504A5FFC40B10E9B2FF200000180148
2026-09-12T15:44:38.1844606+00:00,7606,139046850,Connected,-1,24,262,1657,622,1.2545617,7.9343843,2.9783869,-185,1311,-37,-0.22603142,1.6017686,-0.045206286,3016,-5871,-91,180.95999,-352.25998,-5.46,0,0,0,0,0,1,0,0,0,0,0,0,C2AF4908060179066E0247FF1F05DBFF82C24908C30011072B0369FFA40533005BD5490882006707E20370FF68052800C80B11E9A5FF200000180148
2026-09-12T15:44:38.2011111+00:00,7608,139075675,Connected,-1,24,187,1793,728,0.89543146,8.585608,3.4859576,26,424,-119,0.03176658,0.5180396,-0.1453932,3032,-5870,-109,181.92,-352.19998,-6.54,0,0,0,0,0,1,0,0,0,0,0,0,5B204A08BB000107D8021A00A80189FF34334A084A007507F80237008E0150FFF4454A0848007B0716032500F8000AFFD80B12E993FF200000180148
2026-09-12T15:44:38.2177095+00:00,7609,139090100,Connected,-1,24,104,1859,756,0.49799395,8.901642,3.620033,23,125,-303,0.028101204,0.15272394,-0.3702028,3038,-5867,-114,182.28,-352.02,-6.8399997,0,0,0,0,0,1,0,0,0,0,0,0,B4584A0868004307F40217007D00D1FE746B4A0870007E07D40228003100BAFE4D7E4A089100D107C9023700EEFFC0FEDE0B15E98EFF200000180148
2026-09-12T15:44:38.2343786+00:00,7610,139104525,Connected,-1,24,130,2018,671,0.62249243,9.662998,3.2130187,42,-52,-279,0.051315244,-0.06353316,-0.34087983,3047,-5867,-123,182.81999,-352.02,-7.3799996,0,0,0,0,0,1,0,0,0,0,0,0,0D914A088200E2079F022A00CCFFE9FECDA34A085E00E00762021100C7FF21FF8DB64A084600D6074402FDFFCBFF53FFE70B15E985FF200000180148
2026-09-12T15:44:38.2510462+00:00,7611,139118950,Connected,-1,24,56,1986,596,0.2681506,9.509769,2.8538885,-21,-50,-135,-0.025657622,-0.061089575,-0.16494185,3053,-5868,-125,183.18,-352.08,-7.5,0,0,0,0,0,1,0,0,0,0,0,0,66C94A083800C2075402EBFFCEFF79FF26DC4A082C00AE077902DEFFC4FF91FFE6EE4A083000B5078402D2FFB0FF9AFFED0B14E983FF200000180148
2026-09-12T15:44:38.2676972+00:00,7612,139133350,Connected,-1,24,56,1971,641,0.2681506,9.437943,3.0693667,-48,-105,-96,-0.058645993,-0.1282881,-0.11729199,3066,-5868,-129,183.95999,-352.08,-7.74,0,0,0,0,0,1,0,0,0,0,0,0,A6014B083800B3078102D0FF97FFA0FF7F144B081E00B3078702DEFF8FFFA9FF3F274B081200D2077202F6FF79FFAEFFFA0B14E97FFF200000180148
2026-09-12T15:44:38.2843875+00:00,7613,139147775,Connected,-1,24,20,2015,661,0.095768064,9.648633,3.1651347,11,-149,-71,0.0134397065,-0.18204693,-0.0867472,3071,-5871,-129,184.26,-352.25998,-7.74,0,0,0,0,0,1,0,0,0,0,0,0,FF394B081400DF0795020B006BFFB9FFBF4C4B0816000808A402100068FFC5FF7F5F4B08FDFF2308A40201005FFFD9FFFF0B11E97FFF200000180148
2026-09-12T15:44:38.3011014+00:00,7614,139162200,Connected,-1,24,25,2107,463,0.11971009,10.089166,2.2170308,-29,-209,-43,-0.035431955,-0.25535443,-0.052537035,3079,-5874,-129,184.73999,-352.44,-7.74,0,0,0,0,0,1,0,0,0,0,0,0,58724B0819003B08CF01E3FF2FFFD5FF18854B08020009087402CEFFA9FFECFFD8974B0821000808AD02C7FFC5FF0D00070C0EE97FFF200000180148
2026-09-12T15:44:38.3176972+00:00,7615,139176900,Connected,-1,24,-10,2010,693,-0.047884032,9.624691,3.3183637,-82,-41,18,-0.1001869,-0.05009345,0.021992248,3084,-5874,-127,185.04,-352.44,-7.62,0,0,0,0,0,0,0,0,0,0,0,0,C4AB4B08F6FFDA07B502AEFFD7FF120071BD4B08EEFF6D07A702A0FFE6FFFCFF31D04B08FAFFF1053003CFFF0700E2FF0C0C0EE981FF200000180048
2026-09-12T15:44:38.3344918+00:00,7617,139205450,Connected,-1,24,103,1764,688,0.49320555,8.446744,3.2944214,-120,-218,-100,-0.14661498,-0.26635054,-0.12217915,3092,-5874,-130,185.51999,-352.44,-7.7999997,0,0,0,0,0,0,0,0,0,0,0,1,4A1B4C086700E406B00288FF26FF9CFF0A2E4C08E7FF01075D037BFFB3FFAAFFCA404C08CBFFA2078E041FFF41FF9CFF140C0EE97EFF200000184048
2026-09-12T15:44:38.3510133+00:00,7618,139219850,Connected,-1,24,36,2046,929,0.17238252,9.797073,4.4484267,-459,-555,-114,-0.5608023,-0.67809427,-0.13928422,3093,-5873,-130,185.58,-352.38,-7.7999997,0,0,0,0,0,0,0,0,0,0,0,1,8A534C082400FE07A10335FED5FD8EFF63664C087700CD07A102CBFDDCFDB6FF23794C0884005F07D70131FE48FF1000150C0FE97EFF200000184048
2026-09-12T15:44:38.3676825+00:00,7619,139234275,Connected,-1,24,23,1918,597,0.110133275,9.184157,2.858677,-240,241,89,-0.29322997,0.29445174,0.10873944,3094,-5871,-129,185.64,-352.25998,-7.74,0,0,0,0,0,0,0,0,0,0,0,1,E38B4C0817007E07550210FFF1005900A39E4C08DEFFBF07CA02ADFF9B01660063B14C08CFFF75075503FFFFD4014D00160C11E97FFF200000184048
2026-09-12T15:44:38.3843892+00:00,7620,139248700,Connected,-1,24,-9,1777,875,-0.04309563,8.508993,4.189853,34,473,27,0.04154091,0.5779074,0.03298837,3094,-5871,-130,185.64,-352.25998,-7.7999997,0,0,0,0,0,0,0,0,0,0,0,1,3CC44C08F7FFF1066B032200D9011B00FCD64C081600C9063A032000D101EDFFBCE94C08FEFF03074D0330000C02F1FF160C11E97EFF200000184048
2026-09-12T15:44:38.4010818+00:00,7621,139263100,Connected,-1,24,-5,2004,860,-0.023942016,9.595961,4.1180267,74,576,29,0.09041257,0.7037519,0.035431955,3095,-5873,-130,185.7,-352.38,-7.7999997,0,0,0,0,0,0,0,0,0,0,0,1,7CFC4C08FBFFD4075C034A0040021D00550F4D08160043084603330013024F0015224D081500DA08ED02FAFFB9017600170C0FE97EFF200000184048
2026-09-12T15:44:38.4176924+00:00,7622,139277525,Connected,-1,24,78,2552,353,0.37349546,12.220005,1.6903064,-80,350,141,-0.09774332,0.42762703,0.17227261,3095,-5873,-129,185.7,-352.38,-7.74,0,0,0,0,0,1,0,0,0,0,0,0,D5344D084E00F8096101B0FF5E018D0095474D088A002E057C03CAFF3D018B00555A4D0834009206B702CEFFA6017400170C0FE97FFF200000180148
2026-09-12T15:44:38.4343478+00:00,7624,139306350,Connected,-1,24,81,1919,671,0.3878607,9.188946,3.2130187,-69,267,-111,-0.08430361,0.32621834,-0.13561885,3098,-5877,-126,185.87999,-352.62,-7.56,0,0,0,0,0,1,0,0,0,0,0,0,6EA54D0851007F079F02BBFF0B0191FF47B84D085700A107FD02F8FFDE009CFF07CB4D084D009C073E030200A800AFFF1A0C0BE982FF200000180148
2026-09-12T15:44:38.4510209+00:00,7625,139320775,Connected,-1,24,76,1959,810,0.36391866,9.380483,3.8786068,-29,107,-58,-0.035431955,0.13073169,-0.07086391,3103,-5877,-124,186.18,-352.62,-7.44,0,0,0,0,0,1,0,0,0,0,0,0,C7DD4D084C00A7072A03E3FF6B00C6FF87F04D085900B307FE02B3FF2F00D9FF47034E085F00AB07CE0286FFFDFFE5FF1F0C0BE984FF200000180148
2026-09-12T15:44:38.4677108+00:00,7626,139335275,Connected,-1,24,111,1974,689,0.5315128,9.452309,3.2992098,-138,-36,-11,-0.16860722,-0.043984495,-0.0134397065,3105,-5880,-122,186.3,-352.8,-7.3199997,0,0,0,0,0,1,0,0,0,0,0,0,6B164E086F00B607B10276FFDCFFF5FFE0284E087100BC07A50280FFD7FF0200D23B4E086900B507A20293FFDDFF0800210C08E986FF200000180148
2026-09-12T15:44:38.4866441+00:00,7627,139349625,Connected,-1,24,146,1969,687,0.6991069,9.428367,3.289633,-93,-31,5,-0.11362661,-0.037875537,0.0061089573,3106,-5882,-120,186.36,-352.91998,-7.2,0,0,0,0,0,1,0,0,0,0,0,0,794E4E089200B107AF02A3FFE1FF050020614E089A00BB07BA02ACFFE9FF0800F9734E086300AF07AB02B3FFFBFF1200220C06E988FF200000180148
2026-09-12T15:44:38.5010536+00:00,7628,139364025,Connected,-1,24,50,1953,655,0.23942018,9.351752,3.1364043,-64,18,13,-0.078194655,0.021992248,0.01588329,3110,-5882,-116,186.59999,-352.91998,-6.96,0,0,0,0,0,1,0,0,0,0,0,0,B9864E083200A1078F02C0FF12000D0079994E083C00B1078B02E1FF3A00F3FF39AC4E086900D3078902F8FF6300D8FF260C06E98CFF200000180148
2026-09-12T15:44:38.5177140+00:00,7630,139392850,Connected,-1,24,70,1999,749,0.33518824,9.572019,3.5865142,10,124,-76,0.012217915,0.15150215,-0.092856154,3113,-5886,-110,186.78,-353.16,-6.6,0,0,0,0,0,0,0,0,0,0,0,0,52F74E084600CF07ED020A007C00B4FF2B0A4F082A00DA075003E2FF9D00BDFFEB1C4F083700F5070604A8FF6000D4FF290C02E992FF200000180048
2026-09-12T15:44:38.5677211+00:00,7632,139421700,Connected,-1,24,120,1949,705,0.5746084,9.332599,3.3758245,-187,-223,35,-0.228475,-0.2724595,0.0427627,3115,-5884,-104,186.9,-353.03998,-6.24,0,0,0,0,0,0,0,0,0,0,0,1,04684F0878009D07C10245FF21FF2300C47A4F084700EE06B6027AFFD1FE0000848D4F0869000D07CE02A7FF84FFF9FF2B0C04E998FF200000184048
2026-09-12T15:44:38.5843625+00:00,7633,139436125,Connected,-1,24,50,1891,924,0.23942018,9.054871,4.4244847,-53,159,-16,-0.06475495,0.19426484,-0.019548664,3116,-5883,-103,186.95999,-352.97998,-6.18,0,0,0,0,0,0,0,0,0,0,0,1,5DA04F08320063079C03CBFF9F00F0FF1DB34F082F005C076C03DEFFC800F8FFDDC54F0827006C075003DDFF9A00DEFF2C0C05E999FF200000184048
2026-09-12T15:44:38.6011486+00:00,7635,139464950,Connected,-1,24,35,2042,762,0.16759412,9.77792,3.6487634,-97,-77,-109,-0.11851378,-0.094077945,-0.13317527,3110,-5878,-102,186.59999,-352.68,-6.12,0,0,0,0,0,0,0,0,0,0,0,1,F61050082300FA07FA029FFFB3FF93FFB62350080D004E07B202B7FFE9FFB1FF8F36500802000207B302ECFF4300B9FF260C0AE99AFF200000184048
2026-09-12T15:44:38.6176810+00:00,7636,139480175,Connected,-1,24,6,1841,750,0.02873042,8.815451,3.5913026,46,120,-78,0.056202408,0.14661498,-0.095299736,3107,-5880,-100,186.42,-352.8,-6,0,0,0,0,0,0,0,0,0,0,0,1,6F4C500806003107EE022E007800B2FF0F5C50082300780719034D008B00A8FFCF6E50084C0098072D0343008F00A8FF230C08E99CFF200000184048
2026-09-12T15:44:38.6343550+00:00,7637,139493800,Connected,-1,24,83,1953,819,0.39743748,9.351752,3.9217024,43,125,-72,0.052537035,0.15272394,-0.08796899,3107,-5879,-99,186.42,-352.74,-5.94,0,0,0,0,0,0,0,0,0,0,0,1,A88150085300A10733032B007D00B8FF689450085500AB073D0313005F00D0FF28A750086100BC076B03F5FF3800EDFF230C09E99DFF200000184048
2026-09-12T15:44:38.6514850+00:00,7638,139508200,Connected,-1,24,61,1993,995,0.29209262,9.543288,4.7644615,-59,-16,26,-0.0720857,-0.019548664,0.03176658,3105,-5879,-100,186.3,-352.74,-6,0,0,0,0,0,0,0,0,0,0,0,1,E8B950083D00C907E303C5FFF0FF1A00C1CC50081700AC0725047CFF5BFF4E0081DF500813007707FE0335FFA1FE7A00210C09E99CFF200000184048
2026-09-12T15:44:38.6677458+00:00,7640,139537050,Connected,-1,24,37,1992,736,0.17717093,9.5385,3.5242648,-295,-692,147,-0.36042848,-0.8454797,0.17960335,3101,-5877,-98,186.06,-352.62,-5.8799996,0,0,0,0,0,0,0,0,0,0,0,1,9A2A51082500C807E002D9FE4CFD93005A3D51080900B507E702B9FE65FD8D001A50510819008C07C10283FE89FD6D001D0C0BE99EFF200000184048
2026-09-12T15:44:38.6843513+00:00,7641,139551475,Connected,-1,24,44,1891,650,0.21068975,9.054871,3.1124623,-428,-535,60,-0.52292675,-0.65365845,0.07330749,3099,-5878,-96,185.94,-352.68,-5.7599998,0,0,0,0,0,0,0,0,0,0,0,1,F36251082C0063078A0254FEE9FD3C00B37551083900560790023EFE76FE09007388510824005E07050337FEDBFEE5FF1B0C0AE9A0FF200000184048
2026-09-12T15:44:38.7010334+00:00,7642,139565875,Connected,-1,24,-3,1868,891,-0.01436521,8.944737,4.2664676,-473,-289,-48,-0.5779074,-0.35309774,-0.058645993,3097,-5879,-95,185.81999,-352.74,-5.7,0,0,0,0,0,0,0,0,0,0,0,1,339B5108FDFF4C077B0327FEDFFED0FF0CAE5108F6FF34078B0313FE92FEB9FFCCC0510818002E077F030AFE40FE9DFF190C09E9A1FF200000184048
2026-09-12T15:44:38.7176992+00:00,7643,139580300,Connected,-1,24,14,1844,938,0.06703765,8.829816,4.4915223,-500,-516,-118,-0.61089575,-0.6304444,-0.1441714,3095,-5884,-90,185.7,-353.03998,-5.4,0,0,0,0,0,0,0,0,0,0,0,1,8CD351080E003407AA030CFEFCFD8AFF4CE6510803004607AD0313FE98FD81FF0CF951081B0073079E0323FE33FD83FF170C04E9A6FF200000184048
2026-09-12T15:44:38.7343775+00:00,7644,139594725,Connected,-1,24,-6,1943,925,-0.02873042,9.303867,4.429273,-452,-822,-101,-0.5522497,-1.0043126,-0.12340094,3093,-5886,-87,185.58,-353.16,-5.22,0,0,0,0,0,0,0,0,0,0,0,1,E50B5208FAFF97079D033CFECAFC9BFFA51E52080A00D50765033DFEABFBDCFF6531520857001308D802FDFD1DFBFEFF150C02E9A9FF200000184048
2026-09-12T15:44:38.7510101+00:00,7646,139623550,Connected,-1,24,141,1976,888,0.6751649,9.461885,4.2521024,-671,-167,92,-0.8198221,-0.20403919,0.112404816,3089,-5896,-70,185.34,-353.75998,-4.2,0,0,0,0,0,0,0,0,0,0,0,1,7E7C52088D00B807780361FD59FF5C003E8F52086C008507D30340FD55FFA70017A252084E005807F50313FD13FFD900110CF8E8BAFF200000184048
2026-09-12T15:44:38.7843504+00:00,7648,139652375,Connected,-1,24,131,1902,772,0.62728083,9.107543,3.6966474,-774,-432,212,-0.9456666,-0.5278139,0.2590198,3078,-5907,-51,184.68,-354.41998,-3.06,0,0,0,0,0,0,0,0,0,0,0,1,17ED520883006E070403FAFC50FED400F0FF52085F006507FC02F5FCF7FEB700B0125308080030070403F3FCC2FF8100060CEDE8CDFF200000184048
2026-09-12T15:44:38.8010415+00:00,7649,139666800,Connected,-1,24,8,1780,841,0.038307227,8.523358,4.027047,-765,139,45,-0.9346705,0.16982901,0.054980617,3073,-5910,-44,184.37999,-354.6,-2.6399999,0,0,0,0,0,0,0,0,0,0,0,1,702553080800F406490303FD8B002D00303853084100A50653032DFD2701DAFFF04A53086D0074062B037EFDB2018BFF010CEAE8D4FF200000184048
2026-09-12T15:44:38.8176876+00:00,7651,139695625,Connected,-1,24,146,1836,1037,0.6991069,8.791509,4.9655743,-133,847,-329,-0.16249827,1.0348574,-0.4019694,3062,-5927,-21,183.72,-355.62,-1.26,0,0,0,0,0,0,0,0,0,0,0,1,0996530892002C070D047BFF4F03B7FEE2A85308C6006F073B04A7FF2103D8FEA2BB5308E9008D072104A5FFF80215FFF60BD9E8EBFF200000184048
2026-09-12T15:44:38.8511041+00:00,7652,139710050,Connected,-1,24,226,1926,1020,1.0821792,9.222465,4.8841715,-115,762,-174,-0.14050601,0.9310051,-0.21259172,3056,-5938,-3,183.36,-356.28,-0.17999999,0,0,0,0,0,0,0,0,0,0,0,1,62CE5308E2008607FC038DFFFA0252FF22E15308DB006107D9036AFFFD0279FFE2F35308D6005307C80339FF190387FFF00BCEE8FDFF200000184048
2026-09-12T15:44:38.8676763+00:00,7653,139724475,Connected,-1,24,166,1828,971,0.79487497,8.7532015,4.6495395,-256,830,-134,-0.31277862,1.014087,-0.16372006,3055,-5942,4,183.3,-356.52,0.24,0,0,0,0,0,0,0,0,0,0,0,1,BB065408A6002407CB0300FF3E037AFF7B1954088100FA06CE03D8FE4B0347FF3B2C54086E00F506D603DFFE4603EFFEEF0BCAE80400200000184048
2026-09-12T15:44:38.8843643+00:00,7654,139738875,Connected,-1,24,39,1801,984,0.18674773,8.623915,4.711789,-244,844,-371,-0.29811713,1.0311921,-0.45328465,3055,-5951,20,183.3,-357.06,1.1999999,0,0,0,0,0,0,0,0,0,0,0,1,FB3E540827000907D8030CFF4C038DFED4515408D1FF2B07EB035AFF55033EFE946454087DFF54072804C1FF600311FEEF0BC1E81400200000184048
2026-09-12T15:44:38.9010146+00:00,7656,139767900,Connected,-1,24,-122,1960,1135,-0.58418524,9.385271,5.434838,481,901,-379,0.5876817,1.1008341,-0.46305898,3062,-5958,34,183.72,-357.47998,2.04,0,0,0,0,0,0,0,0,0,0,0,1,5CB0540886FFA8076F04E101850385FE86C25408ACFF0B0859043B029903C8FE2DD5540890FFF2076D046C02A00311FFF60BBAE82200200000184048
2026-09-12T15:44:38.9176809+00:00,7657,139782200,Connected,-1,24,-110,2028,1099,-0.5267244,9.710882,5.2624555,619,930,-172,0.75628895,1.1362661,-0.21014814,3066,-5958,35,183.95999,-357.47998,2.1,0,0,0,0,0,0,0,0,0,0,0,1,38E8540892FFEC074B046B02A20354FFADFA54089BFFC8073F044F02A60398FF860D550870FF9207510428028603D4FFFA0BBAE82300200000184048
2026-09-12T15:44:38.9343710+00:00,7658,139796550,Connected,-1,24,-193,1901,1133,-0.92416185,9.102755,5.425261,511,812,-14,0.62433547,0.9920947,-0.01710508,3077,-5957,38,184.62,-357.41998,2.28,0,0,0,0,0,0,0,0,0,0,0,1,462055083FFF6D076D04FF012C03F2FF0633550818FF5807BE04D401B802FDFFDF455508FDFE4607F704A3012F020F00050CBBE82600200000184048
2026-09-12T15:44:38.9510234+00:00,7659,139810975,Connected,-1,24,-260,1855,1258,-1.2449849,8.882488,6.0238113,372,385,45,0.45450643,0.47038972,0.054980617,3083,-5955,38,184.98,-357.3,2.28,0,0,0,0,0,0,0,0,0,0,0,1,9F585508FCFE3F07EA04740181012D005F6B550838FF3C078E045301C90050001F7E550888FF3E071E043F014D0073000B0CBDE82600200000184048
2026-09-12T15:44:38.9676864+00:00,7660,139825375,Connected,-1,24,-81,1849,944,-0.3878607,8.853758,4.5202527,291,43,147,0.35554132,0.052537035,0.17960335,3088,-5955,39,185.28,-357.3,2.34,0,0,0,0,0,0,0,0,0,0,0,1,DF905508AFFF3907B00323012B009300B8A35508ADFF26077B0306014E00A50078B655089EFF28077003DD008000A700100CBDE82700200000184048
2026-09-12T15:44:38.9843312+00:00,7662,139854225,Connected,-1,24,-137,1864,972,-0.6560113,8.925584,4.654328,165,13,137,0.20159559,0.01588329,0.16738543,3111,-5948,31,186.65999,-356.88,1.86,0,0,0,0,0,0,0,0,0,0,0,1,9101560877FF4807CC03A5000D0089005114560878FF6007BB03D700F5FF9A001127560873FF7607A4031401ECFFB700270CC4E81F00200000184048
2026-09-12T15:44:39.0010254+00:00,7663,139868625,Connected,-1,24,-149,1940,916,-0.7134721,9.289502,4.3861775,338,-27,221,0.41296554,-0.03298837,0.27001593,3123,-5943,23,187.37999,-356.58,1.38,0,0,0,0,0,0,0,0,0,0,0,1,D13956086BFF940794035201E5FFDD00AA4C560878FFA10779037D01E2FF04016A5F560891FF980753038F01F5FF2301330CC9E81700200000184048
2026-09-12T15:44:39.0176708+00:00,7664,139883050,Connected,-1,24,-77,1925,810,-0.36870706,9.217676,3.8786068,402,41,306,0.49116018,0.05009345,0.3738682,3130,-5938,19,187.8,-356.28,1.14,0,0,0,0,0,0,0,0,0,0,0,1,2A725608B3FF85072A03920129003201EA845608CEFF620717038F0160003201AA975608EBFF33070C038401830020013A0CCEE81300200000184048
2026-09-12T15:44:39.0343520+00:00,7665,139897475,Connected,-1,24,-9,1789,790,-0.04309563,8.566454,3.7828386,379,160,247,0.46305898,0.19548663,0.3017825,3139,-5929,12,188.34,-355.74,0.71999997,0,0,0,0,0,0,0,0,0,0,0,1,83AA5608F7FFFD0616037B01A000F70043BD56080600D50617037D01BC00B70003D056085E003706DD0179012D016700430CD7E80C00200000184048
2026-09-12T15:44:39.0511162+00:00,7666,139911875,Connected,-1,24,216,1440,247,1.0342951,6.895301,1.1827357,280,969,-126,0.3421016,1.183916,-0.15394573,3143,-5924,7,188.58,-355.44,0.42,0,0,0,0,0,0,0,0,0,0,0,1,C3E25608D800A005F7001801C90382FF9CF5560816009A062B02BF0070066DFE5C0857087FFF2F079802EB0022062FFE470CDCE80700200000184048
2026-09-12T15:44:39.0676941+00:00,7668,139940725,Connected,-1,24,-151,1734,941,-0.7230489,8.303091,4.5058875,-378,1045,-188,-0.46183717,1.2767721,-0.2296968,3157,-5916,-4,189.42,-354.96,-0.24,0,0,0,0,0,0,0,0,0,0,0,1,7553570869FFC606AD0386FE150444FF3566570847FF3C068C032FFE810362FFF578570819FF3006B3034FFE0D0373FF550CE4E8FCFF200000184048
2026-09-12T15:44:39.0843444+00:00,7669,139955150,Connected,-1,24,-353,1590,1061,-1.6903064,7.6135616,5.080496,-357,683,-120,-0.43617955,0.83448356,-0.14661498,3163,-5913,-7,189.78,-354.78,-0.42,0,0,0,0,0,0,0,0,0,0,0,1,CE8B57089FFE360625049BFEAB0288FF759E570832FE3D06C104EDFE04029CFF4EB157082FFE3806770563FFC900B3FF5B0CE7E8F9FF200000184048
2026-09-12T15:44:39.1009970+00:00,7670,139969550,Connected,-1,24,-381,1603,1511,-1.8243817,7.675811,7.2352777,6,-292,-41,0.007330749,-0.35676312,-0.05009345,3171,-5910,-11,190.26,-354.6,-0.65999997,0,0,0,0,0,0,0,0,0,0,0,1,0EC4570883FE4306E7050600DCFED7FFCED657081EFF6C060A06B300DCFC0D008EE957088BFFB5064D062E0131FB3500630CEAE8F5FF200000184048
2026-09-12T15:44:39.1343322+00:00,7672,139998375,Connected,-1,24,26,2257,739,0.12449849,10.807426,3.53863,250,-2204,122,0.30544788,-2.6928284,0.14905857,3180,-5904,-12,190.8,-354.24,-0.71999997,0,0,0,0,0,0,0,0,0,0,0,1,A73458081A00D108E302FA0064F77A00674758080B00EC084E021001FEF77B00405A5808C3FFB0082D02360107F980006C0CF0E8F4FF200000184048
2026-09-12T15:44:39.1510139+00:00,7673,140012800,Connected,-1,24,-147,2064,580,-0.7038953,9.883265,2.777274,345,-1512,123,0.42151806,-1.8473487,0.15028036,3181,-5902,-12,190.86,-354.12,-0.71999997,294,235,0.93333334,0.74603176,1,0,0,0,0,0,0,1,006D58086DFF10084402590118FA7B00C07F580860FF9907270275010BFB5E00809258087DFF62076E0296011DFC31006D0CF2E8F4FF1498EB184048
2026-09-12T15:44:39.1676772+00:00,7674,140027200,Connected,-1,24,-130,1891,801,-0.62249243,9.054871,3.8355112,410,-755,12,0.50093454,-0.92245257,0.014661498,3180,-5897,-12,190.8,-353.82,-0.71999997,302,219,0.95873016,0.6952381,1,0,0,0,0,0,0,1,40A558087EFF630721039A010DFD0C0019B85808A6FF6407890373018AFDFEFFD9CA5808C4FF3D07BF033F018FFDFFFF6C0CF7E8F4FF14B8DB184048
2026-09-12T15:44:39.1843424+00:00,7675,140041650,Connected,-1,24,-52,1822,914,-0.24899697,8.724471,4.3766007,256,-689,-13,0.31277862,-0.84181434,-0.01588329,3178,-5896,-11,190.68,-353.75998,-0.65999997,307,204,0.9746032,0.64761907,1,0,0,0,0,0,0,1,B2DD5808CCFF1E07920300014FFDF3FF59F05808CBFF16074703B70037FDD2FF32035908C8FF36075103640046FDAFFF6A0CF8E8F5FF14CCCC184048
2026-09-12T15:44:39.2010055+00:00,7676,140056050,Connected,-1,24,-44,1906,819,-0.21068975,9.126697,3.9217024,25,-675,-102,0.030544788,-0.82470924,-0.12462273,3175,-5894,-9,190.5,-353.63998,-0.53999996,312,187,0.9904762,0.5936508,1,0,0,0,0,0,0,1,F2155908D4FF7207330319005DFD9AFFB2285908E1FFB0071003EDFF8FFD93FF723B5908DAFFCF073D03F5FFDAFD96FF670CFAE8F7FF14E0BB184048
2026-09-12T15:44:39.2176772+00:00,7678,140084950,Connected,-1,24,141,2082,896,0.6751649,9.969456,4.2904096,182,-659,-10,0.22236605,-0.8051606,-0.012217915,3165,-5895,-1,189.9,-353.69998,-0.06,314,160,0.9968254,0.50793654,1,0,0,0,0,0,0,1,D68659088D0022088003B6006DFDF6FF649959089E0016087F03D10046FD14000BAC5908A40020087603E20031FD25005D0CF9E8FFFF14E8A0184048
2026-09-12T15:44:39.2343280+00:00,7679,140099300,Connected,-1,24,157,2169,824,0.7517793,10.386047,3.9456444,222,-720,52,0.2712377,-0.8796899,0.06353316,3160,-5892,2,189.59999,-353.52,0.12,312,143,0.9904762,0.45396826,1,0,0,0,0,0,0,1,E4BE59089D0079083803DE0030FD3400BDD1590897003F081103D20043FD490064E459089800EA07DB02C60085FD5A00580CFCE8020014E08F184048
2026-09-12T15:44:39.2510070+00:00,7680,140113700,Connected,-1,24,152,2032,707,0.7278373,9.730036,3.3854012,209,-531,103,0.25535443,-0.6487713,0.12584452,3155,-5892,4,189.3,-353.52,0.24,311,128,0.9873016,0.4063492,1,0,0,0,0,0,0,1,24F759089800F007C302D100EDFD6700E4095A086C000008A802E10071FE7100BD1C5A08670024089402E6001AFF7000530CFCE8040014DC80184048
2026-09-12T15:44:39.2676804+00:00,7681,140128125,Connected,-1,24,117,1964,666,0.5602432,9.404425,3.1890767,222,-70,87,0.2712377,-0.0855254,0.10629586,3147,-5892,7,188.81999,-353.52,0.42,308,116,0.9777778,0.36825398,1,0,0,0,0,0,0,1,7D2F5A087500AC079A02DE00BAFF57003D425A08960085076202B00071000A00FD545A088A0098077C0275003001A3FF4B0CFCE8070014D074184048
2026-09-12T15:44:39.2843460+00:00,7682,140142550,Connected,-1,24,73,2014,686,0.34955344,9.643845,3.2848446,79,430,-178,0.09652153,0.52537036,-0.21747889,3142,-5892,9,188.51999,-353.52,0.53999996,302,101,0.95873016,0.32063493,1,0,0,0,0,0,0,1,D6675A084900DE07AE024F00AE014EFF967A5A0823000D08ED025700EB0131FF568D5A08280031081C035800060251FF460CFCE8090014B865184048
2026-09-12T15:44:39.3010270+00:00,7684,140171375,Connected,-1,24,8,2060,864,0.038307227,9.864111,4.1371803,-67,514,195,-0.08186003,0.62800086,0.23824935,3136,-5891,11,188.15999,-353.46,0.65999997,264,46,0.83809525,0.14603175,1,0,0,0,0,0,0,1,6FD85A0808000C086003BDFF0202C3002FEB5A081D00ED074803A4FFA2015601EFFD5A0827009A07640362FF9A019801400CFDE80B0014202E184048
2026-09-12T15:44:39.3177011+00:00,7685,140185775,Connected,-1,24,82,1912,816,0.39264908,9.155427,3.9073372,-226,375,441,-0.27612486,0.4581718,0.5388101,3135,-5889,15,188.09999,-353.34,0.9,232,33,0.73650795,0.104761906,1,0,0,0,0,0,0,1,AF105B085200780730031EFF7701B90188235B084A0068070703DDFE8201B20148365B08280065072603B5FE8F018C013F0CFFE80F0013A021184048
2026-09-12T15:44:39.3343188+00:00,7686,140200200,Connected,-1,24,23,1879,871,0.110133275,8.99741,4.1706996,-348,374,356,-0.42518345,0.45695,0.43495777,3135,-5889,16,188.09999,-353.34,0.96,179,24,0.568254,0.07619048,1,0,0,0,0,0,0,1,08495B08170057076703A4FE76016401C85B5B0828005E07970392FE3D013F01886E5B082B007307A1037FFE0A0122013F0CFFE8100012CC18184048
2026-09-12T15:44:39.3677103+00:00,7688,140229025,Connected,-1,24,47,1938,806,0.22505496,9.279925,3.8594532,-219,194,333,-0.26757234,0.23702756,0.40685657,3139,-5889,16,188.34,-353.34,0.96,121,49,0.384127,0.15555556,1,0,0,0,0,0,0,1,A1B95B082F009207260325FFC2004D0161CC5B08240089070C035DFFF20063013ADF5B0824007B07F10284FF30016C01430CFFE8100011E431184048
2026-09-12T15:44:39.3843317+00:00,7690,140257850,Connected,-1,24,43,1945,779,0.20590134,9.313444,3.7301662,-87,712,316,-0.10629586,0.86991554,0.3860861,3142,-5889,21,188.51999,-353.34,1.26,70,89,0.22222222,0.2825397,1,0,0,0,0,0,0,1,3A2A5C082B0099070B03A9FFC8023C01133D5C082E00800736039EFF1B032401D34F5C0833005D074D0395FF44030801460CFFE81500111859184048
2026-09-12T15:44:39.4177081+00:00,7691,140272275,Connected,-1,24,57,1835,892,0.272939,8.78672,4.271256,-118,854,226,-0.1441714,1.04341,0.27612486,3144,-5888,24,188.64,-353.28,1.4399999,56,105,0.17777778,0.33333334,1,0,0,0,0,0,0,1,93625C0839002B077C038AFF5603E20053755C084B001107970379FF5803A7002C885C085F002407B80370FF47035A00480C00E9180010E069184048
2026-09-12T15:44:39.4343877+00:00,7692,140286700,Connected,-1,24,132,1835,976,0.63206923,8.78672,4.673482,-139,781,17,-0.16982901,0.95421916,0.020770455,3144,-5886,26,188.64,-353.16,1.56,41,124,0.13015874,0.3936508,1,0,0,0,0,0,0,1,EC9A5C0884002B07D00375FF0D031100ACAD5C088E002907CB037CFFBC02DBFF6CC05C0888002807D5038AFF7C02B6FF480C02E91A0010A47C184048
2026-09-12T15:44:39.4510448+00:00,7694,140315525,Connected,-1,24,86,1917,940,0.41180268,9.179369,4.501099,-124,378,-186,-0.15150215,0.46183717,-0.22725321,3148,-5885,30,188.87999,-353.1,1.8,28,162,0.08888889,0.51428574,1,0,0,0,0,0,0,1,850B5D0856007D07AC0384FF7A0146FF451E5D0839009C07640361FF460121FF1E315D081300AE0722033CFF500102FF4C0C03E91E001070A2184048
2026-09-12T15:44:39.4678249+00:00,7695,140329950,Connected,-1,24,-12,1976,738,-0.05746084,9.461885,3.5338416,-218,421,-277,-0.26635054,0.5143742,-0.33843625,3151,-5886,31,189.06,-353.16,1.86,27,179,0.08571429,0.568254,1,0,0,0,0,0,0,1,DE435D08F4FFB807E20226FFA501EBFE9E565D08CDFFCF07C2023FFF3E02EFFE5E695D08C1FFA207BC0291FFFB021AFF4F0C02E91F00106CB3184048
2026-09-12T15:44:39.4843541+00:00,7696,140344350,Connected,-1,24,-103,1927,765,-0.49320555,9.227253,3.6631286,-6,1001,-170,-0.007330749,1.2230133,-0.20770456,3156,-5885,32,189.36,-353.1,1.92,28,195,0.08888889,0.61904764,1,0,0,0,0,0,0,1,1E7C5D0899FF8707FD02FAFFE90356FFF78E5D0867FF930770036200970497FFB7A15D0857FF7C07B703AA00B904CEFF540C03E920001070C3184048
2026-09-12T15:44:39.5010405+00:00,7697,140358775,Connected,-1,24,-212,1887,1027,-1.0151415,9.035717,4.9176903,209,1193,-12,0.25535443,1.4575973,-0.014661498,3159,-5885,31,189.54,-353.1,1.86,29,206,0.092063494,0.6539683,1,0,0,0,0,0,0,1,77B45D082CFF5F070304D100A904F4FF37C75D0811FF22072604D7006C040D0010DA5D0803FFFE063604CA001D040F00570C03E91F001074CE184048
2026-09-12T15:44:39.5176669+00:00,7698,140373200,Connected,-1,24,-234,1769,1049,-1.1204864,8.470686,5.023035,172,977,-13,0.21014814,1.1936903,-0.01588329,3163,-5883,31,189.78,-352.97998,1.86,34,218,0.10793651,0.6920635,1,0,0,0,0,0,0,1,D0EC5D0816FFE9061904AC00D103F3FFDBFF5D083EFFE506E8038C009C03C2FF50125E084CFFED06D3037100710389FF5B0C05E91F001088DA184048
2026-09-12T15:44:39.5343372+00:00,7700,140402125,Connected,-1,24,-283,1877,982,-1.3551182,8.987833,4.7022123,217,582,-213,0.26512876,0.71108264,-0.2602416,3177,-5881,25,190.62,-352.86,1.5,88,262,0.2793651,0.83174604,1,0,0,0,0,0,0,1,CD5D5E08E5FE5507D603D90046022BFF42705E08DEFE2F07EF0333019A017EFF02835E08F4FE240705049D01D700F4FF690C07E91900116106184048
2026-09-12T15:44:39.5510296+00:00,7701,140416450,Connected,-1,24,-235,1828,1073,-1.1252748,8.7532015,5.1379566,496,46,104,0.6060086,0.056202408,0.12706631,3188,-5877,17,191.28,-352.62,1.02,124,273,0.3936508,0.8666667,1,0,0,0,0,0,0,1,C2955E0815FF24073104F0012E00680082A85E08F8FE1C0752041B02A5FFBB005BBB5E08C9FE0E073A0428022BFFE700740C0BE9110011F111184048
2026-09-12T15:44:39.5676692+00:00,7702,140430875,Connected,-1,24,-316,1807,1029,-1.5131354,8.652645,4.927267,551,-339,242,0.6732071,-0.4141873,0.29567355,3188,-5877,17,191.28,-352.62,1.02,142,277,0.45079365,0.8793651,1,0,0,0,0,0,0,1,1BCE5E08C4FE0F0705042702ADFEF200DBE05E08F2FE2307B3031B023CFEE3009BF35E081EFF310756030802F2FDC400740C0BE91100123915184048
2026-09-12T15:44:39.5843562+00:00,7703,140445300,Connected,-1,24,-146,1856,732,-0.6991069,8.887277,3.5051112,492,-536,157,0.6011214,-0.6548802,0.19182126,3188,-5877,17,191.28,-352.62,1.02,225,241,0.71428573,0.7650794,1,0,0,0,0,0,0,1,74065F086EFF4007DC02EC01E8FD9D0034195F08B7FF62078C02D60166FE7B00F42B5F08CFFFB1075402B501FDFE6400740C0BE911001384F1184048
2026-09-12T15:44:39.6009897+00:00,7704,140459700,Connected,-1,24,-52,1995,590,-0.24899697,9.552865,2.825158,402,-182,79,0.49116018,-0.22236605,0.09652153,3188,-5877,17,191.28,-352.62,1.02,259,203,0.82222223,0.64444447,1,0,0,0,0,0,0,1,B43E5F08CCFFCB074E0292014AFF4F0074515F08B1FFA4077A0269016CFF29004D645F08AAFF940797023E0193FFF5FF740C0BE91100140CCB184048
2026-09-12T15:44:39.6176667+00:00,7705,140474125,Connected,-1,24,-97,1904,718,-0.46447513,9.11712,3.4380736,275,-44,-49,0.33599266,-0.053758826,-0.059867784,3197,-5868,7,191.81999,-352.08,0.42,266,191,0.84444445,0.60634923,1,0,0,0,0,0,0,1,0D775F089FFF7007CE021301D4FFCFFFCD895F0889FF7207F502E300F6FFC0FF8D9C5F087FFF8A070E03A200ECFFC1FF7D0C14E907001428BF184048
2026-09-12T15:44:39.6343267+00:00,7706,140488550,Connected,-1,24,-126,1947,773,-0.60333884,9.323022,3.7014358,76,-52,-53,0.092856154,-0.06353316,-0.06475495,3201,-5866,2,192.06,-351.96,0.12,285,147,0.9047619,0.46666667,1,0,0,0,0,0,0,1,66AF5F0882FF9B0705034C00CCFFCBFF26C25F0894FFB8070903EFFFA4FFE3FFE6D45F08C5FFCB071703B3FF4FFF2100810C16E90200147493184048
2026-09-12T15:44:39.6510814+00:00,7707,140502950,Connected,-1,24,-34,2017,832,-0.16280572,9.65821,3.9839516,-102,-272,127,-0.12462273,-0.33232728,0.15516752,3210,-5860,-6,192.59999,-351.6,-0.35999998,290,125,0.9206349,0.3968254,1,0,0,0,0,0,0,1,A6E75F08DEFFE10740039AFFF0FE7F0066FA5F08E1FF060834037FFFBCFEE9003F0D6008E6FF31081F0361FFB7FE61018A0C1CE9FAFF14887D184048
2026-09-12T15:44:39.6676799+00:00,7708,140517550,Connected,-1,24,-55,2071,778,-0.2633622,9.916783,3.7253778,-172,-331,475,-0.21014814,-0.40441298,0.58035094,3211,-5858,-10,192.65999,-351.47998,-0.59999996,290,125,0.9206349,0.3968254,1,0,0,0,0,0,0,1,AE206008C9FF17080A0354FFB5FEDB01BF326008BDFFEA07FF027FFF90FE35027F456008B7FFC8072403C1FF6AFE5F028B0C1EE9F6FF14887D184048
2026-09-12T15:44:39.6844262+00:00,7710,140546200,Connected,-1,24,-43,1968,768,-0.20590134,9.423578,3.6774938,-123,-505,453,-0.15028036,-0.6170047,0.55347157,3214,-5848,-20,192.84,-350.88,-1.1999999,288,109,0.9142857,0.34603176,1,0,0,0,0,0,0,1,98906008D5FFB007000385FF07FEC50158A36008D9FFA707D80258FF40FE7F0118B66008F6FFA707B5025AFF40FE4B018E0C28E9ECFF14806D184048
2026-09-12T15:44:39.7010714+00:00,7711,140560625,Connected,-1,24,25,1985,723,0.11971009,9.504981,3.4620156,-162,-392,278,-0.19793022,-0.47894228,0.33965802,3215,-5845,-21,192.9,-350.69998,-1.26,275,91,0.8730159,0.2888889,1,0,0,0,0,0,0,1,F1C860081900C107D3025EFF78FE1601B1DB60082C00C307B70258FFC4FEFA0071EE60081D00D207E90250FF10FFEB008F0C2BE9EBFF144C5B184048
2026-09-12T15:44:39.7176737+00:00,7712,140575025,Connected,-1,24,23,2017,762,0.110133275,9.65821,3.6487634,-182,-178,232,-0.22236605,-0.21747889,0.28345564,3211,-5842,-26,192.65999,-350.52,-1.56,239,70,0.7587302,0.22222222,1,0,0,0,0,0,0,1,310161081700E107FA024AFF4EFFE8000A1461081500DC07020342FF8BFFEE00CA2661083700D407FD0237FFD0FFF5008B0C2EE9E6FF13BC46184048
2026-09-12T15:44:39.7343997+00:00,7713,140589450,Connected,-1,24,87,2017,760,0.4165911,9.65821,3.6391866,-212,11,258,-0.2590198,0.0134397065,0.3152222,3207,-5839,-24,192.42,-350.34,-1.4399999,207,59,0.6571429,0.18730159,1,0,0,0,0,0,0,1,8A3961085700E107F8022CFF0B0002014A4C61087E00DF07F40220FF42001A01235F61089700ED07F2020AFF7D002F01870C31E9E8FF133C3B184048
2026-09-12T15:44:39.7510195+00:00,7714,140603875,Connected,-1,24,143,2029,765,0.6847417,9.715671,3.6631286,-257,187,320,-0.31400043,0.228475,0.39097327,3200,-5836,-26,192,-350.16,-1.56,112,56,0.35555556,0.17777778,1,0,0,0,0,0,0,1,E37161088F00ED07FD02FFFEBB004001A38461087100DC071F0300FFF1005401639761085900BE075C0301FF15016B01800C34E9E6FF11C038184048
2026-09-12T15:44:39.7676835+00:00,7716,140632700,Connected,-1,24,102,1914,909,0.48841715,9.165004,4.3526587,-211,331,458,-0.25779802,0.40441298,0.5595805,3191,-5839,-17,191.45999,-350.34,-1.02,66,73,0.20952381,0.23174603,1,0,0,0,0,0,0,1,7CE2610866007A078D032DFF4B01CA013CF561086E006A0791033DFF4001C30115086208730063079D035AFF3B01AC01770C31E9EFFF110849184048
2026-09-12T15:44:39.7843414+00:00,7717,140647125,Connected,-1,24,124,1862,938,0.59376204,8.916007,4.4915223,-126,303,396,-0.15394573,0.3702028,0.48382944,3187,-5840,-14,191.22,-350.4,-0.84,38,93,0.12063492,0.2952381,1,0,0,0,0,0,0,1,D51A62087C004607AA0382FF2F018C01952D62087B003107BD03A7FF13016A01554062087F002A07B303BDFFEC003E01730C30E9F2FF10985D184048
2026-09-12T15:44:39.8010660+00:00,7718,140661550,Connected,-1,24,127,1838,941,0.60812724,8.801085,4.5058875,-51,216,267,-0.062311366,0.26390696,0.32621834,3180,-5839,-8,190.8,-350.34,-0.48,26,111,0.082539685,0.35238096,1,0,0,0,0,0,0,1,2E5362087F002E07AD03CDFFD8000B01EE65620888003A079503D7FFC500D200AE786208870033077703DEFFBF009D006C0C31E9F8FF10686F184048
2026-09-12T15:44:39.8176771+00:00,7719,140676000,Connected,-1,24,132,1830,849,0.63206923,8.762778,4.0653543,-30,196,105,-0.036653746,0.23947114,0.1282881,3179,-5838,-5,190.73999,-350.28,-0.29999998,21,123,0.06666667,0.3904762,1,0,0,0,0,0,0,1,A08B6208840026075103E2FFC40069002E9E620887002B073703E4FFDD00370007B162087D0038071E03DEFF0D0104006B0C32E9FBFF10547B184048
2026-09-12T15:44:39.8343117+00:00,7720,140690500,Connected,-1,24,111,1894,795,0.5315128,9.069236,3.8067808,-58,334,-42,-0.07086391,0.40807837,-0.051315244,3175,-5839,2,190.5,-350.34,0.12,18,137,0.057142857,0.43492064,1,0,0,0,0,0,0,1,44C462086F0066071B03C6FF4E01D6FF87D66208790084072103A9FF9301B3FF47E9620885009207220399FFD601A1FF670C31E90200104889184048
2026-09-12T15:44:39.8510078+00:00,7722,140719200,Connected,-1,24,42,1894,886,0.20111294,9.069236,4.2425256,-71,651,3,-0.0867472,0.79538625,0.0036653746,3172,-5838,5,190.31999,-350.28,0.29999998,15,158,0.04761905,0.50158733,1,0,0,0,0,0,0,1,603463082A0066077603B9FF8B0203003947630818005907AE03D4FF8F021C00F959630812002907E303FCFF57023300640C32E90500103C9E184048
2026-09-12T15:44:39.8676603+00:00,7723,140733625,Connected,-1,24,3,1800,1052,0.01436521,8.619126,5.0374002,43,496,60,0.052537035,0.6060086,0.07330749,3171,-5839,9,190.26,-350.34,0.53999996,18,179,0.057142857,0.568254,1,0,0,0,0,0,0,1,B96C6308030008071C042B00F0013C00797F6308F5FFEF063F0458006E01380052926308E0FFF10643047400F3001A00630C31E909001048B3184048
2026-09-12T15:44:39.8843181+00:00,7724,140748050,Connected,-1,24,-99,1870,1130,-0.47405192,8.954314,5.410896,133,116,-27,0.16249827,0.14172782,-0.03298837,3171,-5840,9,190.26,-350.4,0.53999996,21,188,0.06666667,0.5968254,1,0,0,0,0,0,0,1,12A563089DFF4E076A0485007400E5FFD2B7630894FF970748047F00B3FFC4FF92CA6308D6FFAF07F803600017FFACFF630C30E909001054BC184048
2026-09-12T15:44:39.9176549+00:00,7726,140776875,Connected,-1,24,-102,1779,1006,-0.48841715,8.51857,4.817134,228,-431,53,0.27856845,-0.52659214,0.06475495,3173,-5838,11,190.37999,-350.28,0.65999997,27,202,0.08571429,0.64126986,1,0,0,0,0,0,0,1,AB1564089AFFF306EE03E40051FE35006B28640880FF8707D5033C01D0FDC400443B640887FFB40786032F01DFFDC400650C32E90B00106CCA184048
2026-09-12T15:44:39.9343870+00:00,7727,140791300,Connected,-1,24,-68,1947,773,-0.32561144,9.323022,3.7014358,281,-487,116,0.3433234,-0.5950125,0.14172782,3177,-5836,9,190.62,-350.16,0.53999996,27,202,0.08571429,0.64126986,1,0,0,0,0,0,0,1,044E6408BCFF9B070503190119FE7400C4606408DBFF6C07BC0233015CFE14009D736408D7FF4707D3027501A1FED1FF690C34E90900106CCA184048
2026-09-12T15:44:39.9509878+00:00,7728,140805725,Connected,-1,24,-64,1854,806,-0.30645782,8.8777,3.8594532,440,-303,-79,0.53758824,-0.3702028,-0.09652153,3176,-5834,8,190.56,-350.03998,0.48,32,206,0.1015873,0.6539683,1,0,0,0,0,0,0,1,5D866408C0FF3E072603B801D1FEB1FF1D996408A8FF61076E03DC01EAFE9FFFDDAB64089CFF7B079203DE01E0FE90FF680C36E908001080CE184048
2026-09-12T15:44:39.9676729+00:00,7729,140820125,Connected,-1,24,-76,1944,902,-0.36391866,9.308656,4.31914,463,-331,-125,0.56568944,-0.40441298,-0.15272394,3177,-5831,2,190.62,-349.86,0.12,44,199,0.13968255,0.63174605,1,0,0,0,0,0,0,1,9DBE6408B4FF98078603CF01B5FE83FF8FD16408CBFF84076303B90176FE80FF36E46408D5FF60072D03A20150FE77FF690C39E9020010B0C7184048
2026-09-12T15:44:39.9843148+00:00,7730,140834550,Connected,-1,24,-18,1914,770,-0.08619126,9.165004,3.6870706,388,-431,-150,0.4740551,-0.52659214,-0.18326873,3178,-5830,-1,190.68,-349.8,-0.06,55,181,0.17460318,0.5746032,1,0,0,0,0,0,0,1,F6F66408EEFF7A070203840151FE6AFFB609650807009107F402540161FE69FF8F1C65080E009607F8022B016FFE6FFF6A0C3AE9FFFF10DCB5184048
2026-09-12T15:44:40.0010751+00:00,7732,140863375,Connected,-1,24,93,1943,771,0.44532153,9.303867,3.691859,153,-499,-116,0.1869341,-0.609674,-0.14172782,3179,-5826,-11,190.73999,-349.56,-0.65999997,61,96,0.1936508,0.30476192,1,0,0,0,0,0,0,1,8F6765085D009707030399000DFE8CFF687A65086C009607F2026F0009FE91FF288D65087800AA07C902570014FE97FF6B0C3EE9F5FF10F460184048
2026-09-12T15:44:40.0176697+00:00,7733,140877800,Connected,-1,24,88,1969,692,0.4213795,9.428367,3.3135753,88,-467,-99,0.10751765,-0.5705766,-0.12095736,3180,-5825,-15,190.8,-349.5,-0.9,60,83,0.1904762,0.26349208,1,0,0,0,0,0,0,1,E89F65085800B107B40258002DFE9DFFA8B265082100AB07A20274004CFE9DFF81C565080600A807B3029D0079FE97FF6C0C3FE9F1FF10F053184048
2026-09-12T15:44:40.0343612+00:00,7734,140892225,Connected,-1,24,-13,1944,716,-0.062249243,9.308656,3.4284968,184,-331,-117,0.22480963,-0.40441298,-0.14294961,3177,-5821,-20,190.62,-349.25998,-1.1999999,59,72,0.18730159,0.22857143,1,0,0,0,0,0,0,1,41D86508F3FF9807CC02B800B5FE8BFF01EB650808008107C402C200F1FE76FFC1FD65082A007C07C802DC0035FF5FFF690C43E9ECFF10EC48184048
2026-09-12T15:44:40.0510203+00:00,7735,140906625,Connected,-1,24,76,1967,739,0.36391866,9.41879,3.53863,276,-151,-152,0.33721444,-0.18449052,-0.18571231,3177,-5819,-22,190.62,-349.13998,-1.3199999,59,67,0.18730159,0.21269841,1,0,0,0,0,0,0,1,811066084C00AF07E302140169FF68FF5A2366085A00FE071C035E0187FFA3FF1A36660863003E0818038A0189FFF1FF690C45E9EAFF10EC43184048
2026-09-12T15:44:40.0678033+00:00,7736,140921050,Connected,-1,24,97,2094,735,0.46447513,10.0269165,3.5194764,383,-78,27,0.46794614,-0.095299736,0.03298837,3177,-5816,-29,190.62,-348.96,-1.74,58,63,0.18412699,0.2,1,0,0,0,0,0,0,1,DA48660861002E08DF027F01B2FF1B009A5B66086800F40788025501F9FF1700736E66086800D607730213016000E2FF690C48E9E3FF10E83F184048
2026-09-12T15:44:40.0845362+00:00,7738,140949900,Connected,-1,24,115,2009,632,0.5506664,9.619903,3.0262709,99,499,-198,0.12095736,0.609674,-0.24191472,3173,-5810,-37,190.37999,-348.6,-2.22,115,31,0.36507937,0.0984127,1,0,0,0,0,0,0,1,8CB966087300D90778026300F3013AFF4CCC66087400BF0793025200470209FF0CDF660884009607860250007902E1FE650C4EE9DBFF11CC1F184048
2026-09-12T15:44:40.1010032+00:00,7739,140964300,Connected,-1,24,168,1926,680,0.80445176,9.222465,3.2561142,107,724,-312,0.13073169,0.88457704,-0.38119894,3174,-5809,-41,190.44,-348.53998,-2.46,144,33,0.45714286,0.104761906,1,0,0,0,0,0,0,1,CCF16608A8008607A8026B00D402C8FEA5046708A00095070B0392002203D7FEC91767089C00B9075703A300C7020FFF660C4FE9D7FF124021184048
2026-09-12T15:44:40.1176526+00:00,7740,140978725,Connected,-1,24,138,2005,907,0.6607997,9.600749,4.343082,143,565,-151,0.17471619,0.6903122,-0.18449052,3178,-5805,-47,190.68,-348.3,-2.82,144,33,0.45714286,0.104761906,1,0,0,0,0,0,0,1,252A67088A00D5078B038F00350269FF173D67087400D30787036100C201CFFFBE4F67085500CA076C032F0070012F006A0C53E9D1FF124021184048
2026-09-12T15:44:40.1343191+00:00,7741,140993150,Connected,-1,24,71,2005,821,0.33997664,9.600749,3.9312792,7,306,128,0.00855254,0.3738682,0.15638931,3178,-5803,-49,190.68,-348.18,-2.9399998,191,40,0.60634923,0.12698413,1,0,0,0,0,0,0,1,7E6267084700D50735030700320180003E7567085500EB07FA02EDFF1701C400FE8767084D00FC07B602DBFF290102016A0C55E9CFFF12FC28184048
2026-09-12T15:44:40.1510109+00:00,7742,141007575,Connected,-1,24,45,2047,680,0.21547815,9.801862,3.2561142,-47,349,305,-0.0574242,0.42640522,0.3726464,3179,-5801,-52,190.73999,-348.06,-3.12,235,53,0.74603176,0.16825397,1,0,0,0,0,0,0,1,D79A67082D00FF07A802D1FF5D01310197AD67080E000208BB02C5FF9A01500157C0670811000A08C702B1FFC6015D016B0C57E9CCFF13AC35184048
2026-09-12T15:44:40.1676641+00:00,7744,141036400,Connected,-1,24,-25,1995,662,-0.11971009,9.552865,3.169923,-116,663,296,-0.14172782,0.81004775,0.3616503,3182,-5800,-58,190.92,-348,-3.48,298,91,0.94603175,0.2888889,1,0,0,0,0,0,0,1,700B6808E7FFCB0796028CFF97022801301E6808D5FFA707B30292FFB8021601F0306808D5FFA507C20299FFD7020E016E0C58E9C6FF14A85B184048
2026-09-12T15:44:40.2010027+00:00,7745,141050825,Connected,-1,24,-45,1967,711,-0.21547815,9.41879,3.4045548,-115,751,265,-0.14050601,0.9175654,0.32377476,3188,-5796,-63,191.28,-347.75998,-3.78,300,96,0.95238096,0.30476192,1,0,0,0,0,0,0,1,C9436808D3FFAF07C7028DFFEF02090189566808D7FFA707B00278FF03030C0149696808FCFF9C078D0261FF1E030901740C5CE9C1FF14B060184048
2026-09-12T15:44:40.2176594+00:00,7746,141065225,Connected,-1,24,38,1931,640,0.18195933,9.246407,3.064578,-183,849,257,-0.22358784,1.037301,0.31400043,3190,-5794,-66,191.4,-347.63998,-3.9599998,307,111,0.9746032,0.35238096,1,0,0,0,0,0,0,1,097C680826008B07800249FF51030101E28E680837007B076D0233FF8E03F300A2A168082F00A3077D0216FFDF03D300760C5EE9BEFF14CC6F184048
2026-09-12T15:44:40.2344281+00:00,7748,141094075,Connected,-1,24,-40,1837,991,-0.19153613,8.796297,4.745308,-158,660,178,-0.19304305,0.80638236,0.21747889,3197,-5791,-73,191.81999,-347.46,-4.38,312,143,0.9904762,0.45396826,1,0,0,0,0,0,0,1,BBEC6808D8FF2D07DF0362FF9402B2007BFF6808C3FF28071F0467FFBD01C6003B126908A0FF3407470477FFD100E8007D0C61E9B7FF14E08F184048
2026-09-12T15:44:40.2509983+00:00,7749,141108475,Connected,-1,24,-144,1867,1113,-0.6895301,8.939949,5.329493,-122,-24,276,-0.14905857,-0.029322997,0.33721444,3200,-5788,-77,192,-347.28,-4.62,314,176,0.9968254,0.5587302,1,0,0,0,0,0,0,1,FB24690870FF4B07590486FFE8FF1401D43769085FFF5C07480487FF06FF4201944A690871FF6707F6037CFF59FE6101800C64E9B3FF14E8B0184048
2026-09-12T15:44:40.2676501+00:00,7750,141123000,Connected,-1,24,-102,1935,903,-0.48841715,9.26556,4.3239284,-158,-508,368,-0.19304305,-0.6206701,0.44961926,3201,-5788,-77,192.06,-347.28,-4.62,313,190,0.9936508,0.6031746,1,0,0,0,0,0,0,1,B85D69089AFF8F07870362FF04FE700114706908CFFFB60702034DFFF2FD7A011F836908EDFFC607B7023FFF2AFE7501810C64E9B3FF14E4BE184048
2026-09-12T15:44:40.2844723+00:00,7751,141137325,Connected,-1,24,-7,2004,673,-0.033518825,9.595961,3.2225955,-201,-380,355,-0.24558009,-0.46428075,0.43373597,3200,-5788,-75,192,-347.28,-4.5,302,202,0.95873016,0.64126986,1,0,0,0,0,0,0,1,AD956908F9FFD407A10237FF84FE63016DA869080900D107A90238FFCBFE44012DBB69080700B607C50245FF01FF1B01800C64E9B5FF14B8CA184048
2026-09-12T15:44:40.3010531+00:00,7752,141151725,Connected,-1,24,-6,1924,733,-0.02873042,9.212888,3.5098996,-166,-222,229,-0.20281738,-0.2712377,0.27979025,3198,-5789,-74,191.87999,-347.34,-4.44,260,222,0.82539684,0.7047619,1,0,0,0,0,0,0,1,EDCD6908FAFF8407DD025AFF22FFE500C6E06908FFFF5807DA026AFF31FFA20086F369080E003F07CB026BFF4EFF5A007E0C63E9B6FF1410DE184048
2026-09-12T15:44:40.3177830+00:00,7754,141180575,Connected,-1,24,96,1948,679,0.45968673,9.32781,3.2513258,-324,31,-4,-0.39586043,0.037875537,-0.004887166,3193,-5788,-72,191.58,-347.28,-4.3199997,216,234,0.6857143,0.74285716,1,0,0,0,0,0,0,1,9F3E6A0860009C07A702BCFE1F00FCFF5F516A085200D007C502A4FE77001C001F646A084E00CD07FA02ACFEB7004900790C64E9B8FF1360EA184048
2026-09-12T15:44:40.3343097+00:00,7755,141195000,Connected,-1,24,100,1949,843,0.47884035,9.332599,4.036624,-312,202,132,-0.38119894,0.24680188,0.16127647,3193,-5789,-70,191.58,-347.34,-4.2,195,237,0.61904764,0.75238097,1,0,0,0,0,0,0,1,F8766A0864009D074B03C8FECA008400B8896A089900A3078C03EDFEA600CC00789C6A08B600C607D7031EFF74001301790C63E9BAFF130CED184048
2026-09-12T15:44:40.3509886+00:00,7756,141209400,Connected,-1,24,204,2007,1001,0.9768343,9.610326,4.793192,-176,60,343,-0.2150353,0.07330749,0.41907448,3189,-5789,-67,191.34,-347.34,-4.02,179,240,0.568254,0.7619048,1,0,0,0,0,0,0,1,38AF6A08CC00D707E90350FF3C005701F8C16A08D300E307BD0376FF01008001D1D46A08DB00F60766038EFFE4FF7D01750C63E9BDFF12CCF0184048
2026-09-12T15:44:40.3676462+00:00,7757,141223825,Connected,-1,24,183,2025,792,0.8762778,9.696517,3.7924154,-96,-2,348,-0.11729199,-0.002443583,0.42518345,3186,-5789,-66,191.15999,-347.34,-3.9599998,157,246,0.4984127,0.7809524,1,0,0,0,0,0,0,1,91E76A08B700E9071803A0FFFEFF5C0151FA6A088400DD07E102AEFF5E002E01110D6B086000C007C802BCFFD200F900720C63E9BEFF1274F6184048
2026-09-12T15:44:40.3843575+00:00,7758,141238225,Connected,-1,24,65,1933,711,0.31124622,9.255983,3.4045548,-47,330,195,-0.0574242,0.40319118,0.23824935,3183,-5790,-62,190.98,-347.4,-3.72,130,262,0.41269842,0.83174604,1,0,0,0,0,0,0,1,D11F6B0841008D07C702D1FF4A01C300AA326B0833005507D902EAFFB40189006A456B0831003E07F302FCFF14024A006F0C62E9C2FF120906184048
2026-09-12T15:44:40.4010543+00:00,7759,141252650,Connected,-1,24,74,1846,793,0.35434186,8.839393,3.7972038,-2,621,8,-0.002443583,0.7587325,0.009774332,3181,-5792,-59,190.86,-347.52,-3.54,122,269,0.3873016,0.85396826,1,0,0,0,0,0,0,1,2A586B084A0036071903FEFF6D020800EA6A6B087E0060072103EDFFBA02CDFFC37D6B08A700B1070803C9FFFF02A6FF6D0C60E9C5FF11E90D184048
2026-09-12T15:44:40.4178699+00:00,7761,141281525,Connected,-1,24,33,1927,820,0.15801731,9.227253,3.9264908,-219,1033,-48,-0.26757234,1.2621106,-0.058645993,3178,-5795,-52,190.68,-347.69998,-3.12,116,280,0.36825398,0.8888889,1,0,0,0,0,0,0,1,F5C86B0821008707340325FF0904D0FF9CDB6B08000045075A0302FF1E04D9FF5CEE6B08E1FF13079503F2FE0C04DDFF6A0C5DE9CCFF11D118184048
2026-09-12T15:44:40.4344093+00:00,7762,141295900,Connected,-1,24,-38,1764,942,-0.18195933,8.446744,4.510676,-268,956,-31,-0.3274401,1.1680326,-0.037875537,3177,-5795,-52,190.62,-347.69998,-3.12,116,291,0.36825398,0.9238095,1,0,0,0,0,0,0,1,1C016C08DAFFE406AE03F4FEBC03E1FFDC136C080200D006AC03FFFE6403D3FFB5266C080E00B9069803FDFE2403B9FF690C5DE9CCFF11D123184048
2026-09-12T15:44:40.4511284+00:00,7763,141310325,Connected,-1,24,24,1748,913,0.11492168,8.37013,4.3718123,-261,775,-99,-0.3188876,0.9468884,-0.12095736,3179,-5795,-53,190.73999,-347.69998,-3.1799998,118,298,0.37460318,0.94603175,1,0,0,0,0,0,0,1,75396C081800D4069103FBFE07039DFF354C6C083200F9067803FCFE1A0378FFF55E6C083B0019076D0308FF250351FF6B0C5DE9CBFF11D92A184048
2026-09-12T15:44:40.4677525+00:00,7764,141324725,Connected,-1,24,36,1844,920,0.17238252,8.829816,4.405331,-219,809,-220,-0.26757234,0.9884293,-0.26879412,3181,-5794,-52,190.86,-347.63998,-3.12,120,303,0.3809524,0.96190476,1,0,0,0,0,0,0,1,B5716C0824003407980325FF290324FF8E846C0800007407D70348FF020300FF4E976C08E4FFB3070E0462FFA402F8FE6D0C5EE9CCFF11E12F184048
2026-09-12T15:44:40.4844275+00:00,7765,141339150,Connected,-1,24,-44,2016,1044,-0.21068975,9.653421,4.999093,-157,575,-261,-0.19182126,0.7025301,-0.3188876,3187,-5796,-50,191.22,-347.75998,-3,150,313,0.47619048,0.9936508,1,0,0,0,0,0,0,1,0EAA6C08D4FFE007140463FF3F02FBFECEBC6C0899FFEB072E0459FFE0010EFFA7CF6C0852FFD2072E0460FF3A0159FF730C5CE9CEFF125939184048
2026-09-12T15:44:40.5010689+00:00,7766,141353575,Connected,-1,24,-179,1981,1016,-0.8571242,9.485827,4.865018,-133,123,-38,-0.16249827,0.15028036,-0.046428077,3190,-5796,-49,191.4,-347.75998,-2.9399998,175,314,0.5555556,0.9968254,1,0,0,0,0,0,0,1,67E26C084DFFBD07F8037BFF7B00DAFF27F56C084EFF8C07D90384FF10005100E7076D0869FF83077C037DFFE9FFA500760C5CE9CFFF12BD3A184048
2026-09-12T15:44:40.5177326+00:00,7767,141367975,Connected,-1,24,-201,1852,872,-0.9624691,8.868123,4.175488,-154,12,188,-0.18815589,0.014661498,0.2296968,3195,-5797,-49,191.7,-347.82,-2.9399998,175,314,0.5555556,0.9968254,1,0,0,0,0,0,0,1,A71A6D0837FF3C07680366FF0C00BC00802D6D084FFF1F07100370FF0700B50040406D0837FFD006070389FF18008E007B0C5BE9CFFF12BD3A184048
2026-09-12T15:44:40.5344158+00:00,7768,141382400,Connected,-1,24,-203,1704,735,-0.9720459,8.159439,3.5194764,-78,37,82,-0.095299736,0.045206286,0.1001869,3198,-5800,-48,191.87999,-348,-2.8799999,178,314,0.5650794,0.9968254,1,0,0,0,0,0,0,1,00536D0835FFA806DF02B2FF25005200C0656D0829FF9406E102E2FF4800040080786D0808FF350614030C007800A7FF7E0C58E9D0FF12C93A184048
2026-09-12T15:44:40.5510644+00:00,7770,141411225,Connected,-1,24,-195,1739,859,-0.93373865,8.327033,4.1132383,208,-113,-515,0.25413263,-0.13806243,-0.62922263,3206,-5802,-43,192.36,-348.12,-2.58,206,307,0.6539683,0.9746032,1,0,0,0,0,0,0,1,99C36D083DFFCB065B03D0008FFFFDFD72D66D0884FF1607160391008BFFA6FD32E96D08BEFF5007DA024700C5FF6EFD860C56E9D5FF133933184048
2026-09-12T15:44:40.5677923+00:00,7771,141425650,Connected,-1,24,-37,1918,671,-0.17717093,9.184157,3.2130187,33,23,-679,0.04031912,0.028101204,-0.8295964,3214,-5804,-39,192.84,-348.24,-2.34,254,278,0.8063492,0.8825397,1,0,0,0,0,0,0,1,F2FB6D08DBFF7E079F022100170059FDE40E6E08E0FF980798022C00740059FD72216E08CFFF9F0701035900BF0060FD8E0C54E9D9FF13F916184048
2026-09-12T15:44:40.5843890+00:00,7772,141440075,Connected,-1,24,-79,1936,948,-0.37828386,9.270349,4.5394063,139,201,-662,0.16982901,0.24558009,-0.80882597,3219,-5807,-39,193.14,-348.41998,-2.34,269,248,0.85396826,0.7873016,1,0,0,0,0,0,0,1,4B346E08B1FF9007B4038B00C9006AFD0B476E087BFF6C073004B20075006AFDCB596E0874FF4F075F04DA00DFFF56FD930C51E9D9FF1434F8184048
2026-09-12T15:44:40.6010848+00:00,7773,141454475,Connected,-1,24,-82,1908,1115,-0.39264908,9.136273,5.33907,283,-214,-709,0.345767,-0.26146337,-0.86625016,3223,-5808,-37,193.37999,-348.47998,-2.22,269,248,0.85396826,0.7873016,1,0,0,0,0,0,0,1,8B6C6E08AEFF74075B041B012AFF3BFD647F6E08BAFF9A074104740172FE2EFD24926E08E6FFEA07F303D401D1FD37FD970C50E9DBFF1434F8184048
2026-09-12T15:44:40.6177245+00:00,7774,141468900,Connected,-1,24,-13,2095,905,-0.062249243,10.031705,4.333505,555,-648,-668,0.67809427,-0.79172087,-0.81615674,3234,-5812,-35,194.04,-348.72,-2.1,275,225,0.8730159,0.71428573,1,0,0,0,0,0,0,1,E4A46E08F3FF2F0889032B0278FD64FDA4B76E08DBFF5C081D03750280FDA8FD64CA6E08A2FF7C084503BD02C5FDF5FDA20C4CE9DDFF144CE1184048
2026-09-12T15:44:40.6344081+00:00,7776,141497725,Connected,-1,24,-400,1818,1431,-1.9153614,8.7053175,6.8522053,747,-1764,-76,0.91267824,-2.1552403,-0.092856154,3244,-5814,-36,194.64,-348.84,-2.1599998,292,178,0.92698413,0.5650794,1,0,0,0,0,0,0,1,7D156F0870FE1A079705EB021CF9B4FF56286F08AFFEE3063B05CA0285F7BFFF163B6F084AFF34077804890285F6AFFFAC0C4AE9DCFF1490B2184048
2026-09-12T15:44:40.6511552+00:00,7777,141512150,Connected,-1,24,-47,1992,975,-0.22505496,9.5385,4.6686935,590,-2570,-82,0.72085696,-3.1400042,-0.1001869,3244,-5814,-39,194.64,-348.84,-2.34,295,172,0.93650794,0.5460318,1,0,0,0,0,0,0,1,D64D6F08D1FFC807CF034E02F6F5AEFF96606F082B007308AE0315027AF5CFFF56736F089B00DF08C402C601C4F41000AC0C4AE9D9FF149CAC184048
2026-09-12T15:44:40.6677413+00:00,7778,141526575,Connected,-1,24,166,2271,427,0.79487497,10.874464,2.0446482,396,-2824,69,0.48382944,-3.450339,0.08430361,3248,-5813,-40,194.87999,-348.78,-2.3999999,298,166,0.94603175,0.52698416,1,0,0,0,0,0,0,1,2F866F08A600DF08AB018C01F8F44500EF986F086500AB08CD006E0139F64F00AFAB6F082E005F08960063012DF83B00B00C4BE9D8FF14A8A6184048
2026-09-12T15:44:40.6845846+00:00,7779,141540975,Connected,-1,24,27,2099,265,0.12928689,10.0508585,1.2689269,330,-1432,30,0.40319118,-1.7496054,0.036653746,3247,-5813,-42,194.81999,-348.78,-2.52,306,155,0.9714286,0.4920635,1,0,0,0,0,0,0,1,6FBE6F081B00330809014A0168FA1E0048D16F0832002C08B2011B0147FC1A0008E46F0801000B082902CA0098FD2100AF0C4BE9D6FF14C89B184048
2026-09-12T15:44:40.7177462+00:00,7781,141569825,Connected,-1,24,-110,2020,544,-0.5267244,9.672575,2.6048915,-36,-33,-63,-0.043984495,-0.04031912,-0.076972865,3241,-5814,-50,194.45999,-348.84,-3,309,153,0.9809524,0.4857143,1,0,0,0,0,0,0,1,212F700892FFE4072002DCFFDFFFC1FFE1417008AAFFFD07EC01F7FFA200C2FFBA547008DFFFEF07BE013300CB01C4FFA90C4AE9CEFF14D499184048
2026-09-12T15:44:40.7344006+00:00,7783,141598650,Connected,-1,24,-171,1927,631,-0.81881696,9.227253,3.0214825,214,1488,-175,0.26146337,1.8180257,-0.21381351,3231,-5811,-62,193.86,-348.66,-3.72,0,0,0,0,0,0,0,0,0,0,0,1,BA9F700855FF87077702D600D00551FF7AB2700854FF94079C02AC00470624FF53C570086EFFD407BC026500720619FF9F0C4DE9C2FF000000184048
2026-09-12T15:44:40.7677269+00:00,7784,141613075,Connected,-1,24,-150,2042,762,-0.7182605,9.77792,3.6487634,19,1648,-199,0.023214038,2.0135124,-0.24313651,3230,-5812,-67,193.8,-348.72,-4.02,0,0,0,0,0,0,0,0,0,0,0,1,13D870086AFFFA07FA021300700639FFD3EA700872FFEB071A03C5FF6F0667FF93FD700893FFC0073E037AFF7B0689FF9E0C4CE9BDFF200000184048
2026-09-12T15:44:40.7844064+00:00,7786,141641900,Connected,-1,24,-124,1926,923,-0.59376204,9.222465,4.4196963,-564,1270,-247,-0.68909043,1.5516752,-0.3017825,3226,-5811,-75,193.56,-348.66,-4.5,0,0,0,0,0,0,0,0,0,0,0,1,AC48710884FF86079B03CCFDF60409FF6C5B710864FF2D07E80351FD7404BAFE2C6E7108B2FE7106D40802FD8B02AEFE9A0C4DE9B5FF200000184048
2026-09-12T15:44:40.8010525+00:00,7787,141656325,Connected,-1,24,-365,1425,1673,-1.7477672,6.823475,8.010999,-744,-673,-323,-0.90901285,-0.8222657,-0.39463866,3228,-5810,-77,193.68,-348.6,-4.62,0,0,0,0,0,0,0,0,0,0,0,1,0581710893FE9105890618FD5FFDBDFEC59371080CFF4305FB035DFD0FFA3BFE85A671080C001906C20165FDDEF970FD9C0C4EE9B3FF200000184048
2026-09-12T15:44:40.8178233+00:00,7788,141670725,Connected,-1,24,-28,1940,177,-0.1340753,9.289502,0.8475474,-732,-1166,-747,-0.89435136,-1.4246088,-0.91267824,3232,-5812,-77,193.92,-348.72,-4.62,0,0,0,0,0,0,0,0,0,0,0,1,45B97108E4FF9407B10024FD72FB15FD1ECC710832FF6508EC000DFDFCFC23FDDEDE7108CAFF8A09C2013EFDDFFD33FDA00C4CE9B3FF200000184048
2026-09-12T15:44:40.8353717+00:00,7789,141685150,Connected,-1,24,111,2535,685,0.5315128,12.138602,3.2800562,-715,-208,-767,-0.87358093,-0.25413263,-0.93711406,3235,-5822,-75,194.09999,-349.32,-4.5,0,0,0,0,0,0,0,0,0,0,0,1,9EF171086F00E709AD0235FD30FF01FD5E0472083900C80808033DFDE10094FC3717720869FF4F073B03A4FDFF01F7FBA30C42E9B5FF200000184048
2026-09-12T15:44:40.8520584+00:00,7790,141699575,Connected,-1,24,-216,1708,844,-1.0342951,8.178593,4.0414124,-430,645,-1205,-0.52537036,0.78805554,-1.4722588,3240,-5826,-75,194.4,-349.56,-4.5,0,0,0,0,0,0,0,0,0,0,0,1,F729720828FFAC064C0352FE85024BFBB73C720811FF3A077E03EEFEF202D9FA774F720831FF2008D20335FF4003C1FAA80C3EE9B5FF200000184048
2026-09-12T15:44:40.8686852+00:00,7792,141728575,Connected,-1,24,-323,1911,1120,-1.5466543,9.150639,5.363012,-114,852,-742,-0.13928422,1.0409664,-0.9065693,3265,-5838,-77,195.9,-350.28,-4.62,0,0,0,0,0,0,0,0,0,0,0,1,3F9B7208BDFE770760048EFF54031AFD50AD7208CBFE56078B04F8FF7603CEFD29C07208F6FE6A0777045F00750381FEC10C32E9B3FF200000184048
2026-09-12T15:44:40.8853410+00:00,7793,141742825,Connected,-1,24,-209,1954,1091,-1.0007763,9.356541,5.2241483,171,842,-229,0.20892635,1.0287484,-0.27979025,3277,-5843,-80,196.62,-350.58,-4.7999997,0,0,0,0,0,0,0,0,0,0,0,1,E9D272082FFFA2074304AB004A031BFFA9E572083BFFDA071104C40024039BFF69F87208FFFEF507E503AB0015030100CD0C2DE9B0FF200000184048
2026-09-12T15:44:40.9020738+00:00,7794,141757250,Connected,-1,24,-346,2022,977,-1.6567876,9.682152,4.6782703,114,784,76,0.13928422,0.95788455,0.092856154,3297,-5853,-79,197.81999,-351.18,-4.74,0,0,0,0,0,0,0,0,0,0,0,1,420B7308A6FEE607D103720010034C00021E7308CAFEEC07E5033C00CD027400C23073085AFF0C08EA0309005E026600E10C23E9B1FF200000184048
2026-09-12T15:44:40.9187777+00:00,7795,141771650,Connected,-1,24,-95,2069,1045,-0.45489833,9.907207,5.0038815,-37,437,50,-0.045206286,0.5339229,0.061089575,3304,-5859,-78,198.23999,-351.53998,-4.68,0,0,0,0,0,0,0,0,0,0,0,1,82437308A1FF15081504DBFFB50132004256730868FFFA07560496FFB70000001B69730830FFD20752042BFF83FFE0FFE80C1DE9B2FF200000184048
2026-09-12T15:44:40.9353359+00:00,7797,141800500,Connected,-1,24,-243,1893,823,-1.163582,9.064447,3.940856,-506,-979,-83,-0.61822647,-1.1961339,-0.10140869,3321,-5874,-81,199.26,-352.44,-4.8599997,0,0,0,0,0,0,0,0,0,0,0,1,34B473080DFF6507370306FE2DFCADFFF4C67308D7FE3A07F90225FE98FCB9FFB4D9730887FEC706FF028CFE46FDD7FFF90C0EE9AFFF200000184048
2026-09-12T15:44:40.9520081+00:00,7798,141814900,Connected,-1,24,-378,1605,811,-1.8100165,7.6853876,3.8833952,-212,-563,-14,-0.2590198,-0.6878686,-0.01710508,3328,-5891,-85,199.68,-353.46,-5.1,0,0,0,0,0,0,0,0,0,0,0,1,74EC730886FE45062B032CFFCDFDF2FF34FF73089AFEFD057A03F6FF19FEFEFF0D127408B0FEF0059E03A7000CFEE8FF000DFDE8ABFF200000184048
2026-09-12T15:44:40.9686912+00:00,7799,141829325,Connected,-1,24,-279,1563,849,-1.3359646,7.4842744,4.0653543,266,-600,-81,0.32499653,-0.7330749,-0.09896511,3329,-5895,-86,199.73999,-353.69998,-5.16,0,0,0,0,0,0,0,0,0,0,0,1,CD247408E9FE1B0651030A01A8FDAFFF8D37740809FF620686020C0158FD6CFF4D4A7408FDFEB706EF01B20090FD19FF010DF9E8AAFF200000184048
2026-09-12T15:44:41.0027763+00:00,7800,141843750,Connected,-1,24,-189,1750,281,-0.90500826,8.379706,1.3455414,11,-494,-339,0.0134397065,-0.603565,-0.4141873,3335,-5900,-93,200.09999,-354,-5.58,0,0,0,0,0,0,0,0,0,0,0,1,265D740843FFD60619010B0012FEADFEE66F7408D4FE6106EB011DFF1EFF34FEA682740895FEED05390375FE02FFF3FD070DF4E8A3FF200000184048
2026-09-12T15:44:41.0193560+00:00,7802,141872575,Connected,-1,24,-294,1747,724,-1.4077905,8.365341,3.466804,-834,-872,-682,-1.0189741,-1.0654022,-0.8332618,3341,-5915,-94,200.45999,-354.9,-5.64,0,0,0,0,0,0,0,0,0,0,0,1,BFCD7408DAFED306D402BEFC98FC56FDB1E07408CCFECA06080369FCC8FB4DFD3FF37408F2FEE906050315FCF4FA4DFD0D0DE5E8A2FF200000184048
2026-09-12T15:44:41.0360400+00:00,7803,141887000,Connected,-1,24,-265,1863,832,-1.2689269,8.920795,3.9839516,-1075,-1495,-670,-1.3134259,-1.8265783,-0.8186003,3338,-5922,-89,200.28,-355.31998,-5.3399997,0,0,0,0,0,0,0,0,0,0,0,1,18067508F7FE47074003CDFB29FA62FDD8187508F0FE5B078A038CFB3FF9A0FD982B750801FF1807640476FB60F842FE0A0DDEE8A7FF200000184048
2026-09-12T15:44:41.0526840+00:00,7804,141901400,Connected,-1,24,-448,1895,1222,-2.1452048,9.074024,5.851429,-1169,-2338,-203,-1.4282743,-2.8565485,-0.24802367,3333,-5930,-83,199.98,-355.8,-4.98,0,0,0,0,0,0,0,0,0,0,0,1,583E750840FE6707C6046FFBDEF635FF1851750802FEE407EA033BFBE9F4A3FFF16375080F00CB09560413FB89F3D7FF050DD6E8ADFF200000184048
2026-09-12T15:44:41.0694269+00:00,7805,141915825,Connected,-1,24,-219,2376,1229,-1.0486604,11.377247,5.884948,-1299,-3623,198,-1.5871072,-4.4265504,0.24191472,3317,-5950,-65,199.01999,-357,-3.8999999,0,0,0,0,0,0,0,0,0,0,0,1,B176750825FF4809CD04EDFAD9F1C600718975084BFDF7076C04EAFA01F05801319C7508DCFCE6068A030AFB16EF0001F50CC2E8BFFF200000184048
2026-09-12T15:44:41.0860675+00:00,7806,141930250,Connected,-1,24,-650,1587,264,-3.1124623,7.599196,1.2641385,-1182,-4279,79,-1.4441576,-5.228046,0.09652153,3308,-5960,-54,198.48,-357.6,-3.24,0,0,0,0,0,0,0,0,0,0,0,1,0AAF750876FD3306080162FB49EF4F00CAC1750825FE4C06A1FF56FC95F08AFF8AD47508ABFE4B073A019FFD39F2E4FEEC0CB8E8CAFF200000184048
2026-09-12T15:44:41.1027545+00:00,7808,141959075,Connected,-1,24,-145,2006,1357,-0.6943185,9.605537,6.4978633,-339,-3739,-61,-0.4141873,-4.5682783,-0.07452928,3265,-5996,-17,195.9,-359.75998,-1.02,0,0,0,0,0,0,0,0,0,0,0,1,A31F76086FFFD6074D05ADFE65F1C3FF6332760878FF59088905AEFEC5EF21003C45760870FFDF08FC0486FE4AED9000C10C94E8EFFF200000184048
2026-09-12T15:44:41.1194469+00:00,7809,141973500,Connected,-1,24,-204,2216,1137,-0.9768343,10.611102,5.4444146,-395,-5499,258,-0.48260763,-6.7186313,0.3152222,3225,-6016,12,193.5,-360.96,0.71999997,0,0,0,0,0,0,0,0,0,0,0,1,FC57760834FFA808710475FE85EA0201BC6A760804FF180816049CFED8E774017C7D76080DFF4E07BD03E4FEA6E5DA01990C80E80C00200000184048
2026-09-12T15:44:41.1360902+00:00,7810,141987900,Connected,-1,24,-213,1678,898,-1.0199299,8.034941,4.2999864,-211,-7107,522,-0.25779802,-8.683272,0.6377752,3199,-6027,26,191.94,-361.62,1.56,0,0,0,0,0,0,0,0,0,0,0,1,3C9076082BFF8E0682032DFF3DE40A0215A3760864FF39068A037DFF8AE31502D5B5760864FFFF056003E7FF09E338027F0C75E81A00200000184048
2026-09-12T15:44:41.1527514+00:00,7811,142002325,Connected,-1,24,-189,1453,759,-0.90500826,6.95755,3.6343982,126,-7489,598,0.15394573,-9.149997,0.7306313,3132,-6045,47,187.92,-362.69998,2.82,0,0,0,0,0,0,0,0,0,0,0,1,95C8760843FFAD05F7027E00BFE2560255DB760807FF9105AE024C01B4E243022EEE7608C6FEBF05A6025B0297E20F023C0C63E82F00200000184048
2026-09-12T15:44:41.1693800+00:00,7813,142031175,Connected,-1,24,-144,1610,560,-0.6895301,7.7093296,2.681506,1799,-8271,386,2.1980028,-10.105437,0.47161153,2999,-6047,60,179.94,-362.81998,3.6,0,0,0,0,0,0,0,0,0,0,0,1,4739770870FF4A0630020707B1DF8201074C7708A2FF6506CB0148084EDE8201C75E7708B801C006B3027E0939DD9F01B70B61E83C00200000184048
2026-09-12T15:44:41.1860477+00:00,7814,142045575,Connected,-1,24,1304,1797,1432,6.244078,8.604761,6.8569937,2558,-8866,536,3.1253426,-10.832403,0.6548802,2999,-6047,60,179.94,-362.81998,3.6,0,0,0,0,0,0,0,0,0,0,0,1,87717708180505079805FE095EDD180247847708AC07DF065B094A09DBDE1903209777087E066D063E09B0072CE09204B70B61E83C00200000184048
2026-09-12T15:44:41.2027045+00:00,7815,142060000,Connected,-1,24,1373,1594,1866,6.5744777,7.632715,8.935161,1661,-8294,1564,2.0293956,-10.133538,1.9108819,2999,-6047,60,179.94,-362.81998,3.6,0,0,0,0,0,0,0,0,0,0,0,1,E0A977085D053A064A077D069ADF1C06A0BC7708D004E305D104DA0526DE860760CF7708F3049505BA029C0561DD7208B70B61E83C00200000184048
2026-09-12T15:44:41.2193876+00:00,7816,142074425,Connected,-1,24,1368,1460,433,6.5505357,6.991069,2.0733786,1427,-8705,2250,1.7434964,-10.6356945,2.7490308,2999,-6047,60,179.94,-362.81998,3.6,0,0,0,0,0,0,0,0,0,0,0,1,39E277085805B405B1019305FFDDCA08F9F47708F304CE056201740552DFC008B9077808E8039C056C011E056DE06F08B70B61E83C00200000184048
2026-09-12T15:44:41.2360375+00:00,7817,142088825,Connected,-1,24,700,1439,404,3.3518825,6.8905125,1.934515,1193,-8032,1998,1.4575973,-9.813429,2.4411395,2939,-6034,41,176.34,-362.03998,2.46,0,0,0,0,0,0,0,0,0,0,0,1,791A7808BC029F059401A904A0E0CE07392D78087502E1051601FA03B4DFF60612407808380301061B00FF02C1DEFB057B0B6EE82900200000184048
2026-09-12T15:44:41.2527088+00:00,7818,142103250,Connected,-1,24,1119,1556,-217,5.3582234,7.4507556,-1.0390835,470,-8433,1274,0.574242,-10.303368,1.5565623,2817,-5998,-16,169.01999,-359.88,-0.96,0,0,0,0,0,0,0,0,0,0,0,1,D25278085F04140627FFD6010FDFFA04926578085205F10548FEAC00C2E01E0452787808C705C20593FDAAFF45E39503010B92E8F0FF200000184048
2026-09-12T15:44:41.2693617+00:00,7819,142117675,Connected,-1,24,1760,1294,-1310,8.42759,6.196194,-6.2728086,-344,-6526,855,-0.42029628,-7.973411,1.0446317,2756,-5978,-54,165.36,-358.68,-3.24,0,0,0,0,0,0,0,0,0,0,0,1,2B8B7808E0060E05E2FAA8FE82E65703EB9D78084A070205FCF8E0FD21EC2C03ABB078081705BD0535FBD1FD6DF23703C40AA6E8CAFF200000184048
2026-09-12T15:44:41.2860391+00:00,7820,142132075,Connected,-1,24,856,1337,-763,4.098873,6.4020953,-3.6535518,-426,-2725,885,-0.5204832,-3.3293817,1.0812855,2640,-5933,-136,158.4,-355.97998,-8.16,0,0,0,0,0,0,0,0,0,0,0,1,6BC378085803390505FD56FE5BF575032BD678086A021005DDFD25FFF0F5110304E978080302D0053FFEE4FF3FF52802500AD3E878FF200000184048
2026-09-12T15:44:41.3026925+00:00,7821,142146500,Connected,-1,24,593,1708,-507,2.8395233,8.178593,-2.4277205,110,-3039,314,0.13439706,-3.7130244,0.38364252,2585,-5911,-181,155.09999,-354.66,-10.86,0,0,0,0,0,0,0,0,0,0,0,1,C4FB78085102AC0605FE6E0021F43A01840E7908E502DF06A3FDCF007AF393005D2179089B03810630FD060195F35000190AE9E84BFF200000184048
2026-09-12T15:44:41.3194066+00:00,7822,142160925,Connected,-1,24,1098,1538,-776,5.257667,7.3645644,-3.715801,284,-2911,97,0.3469888,-3.5566351,0.11851378,2482,-5863,-279,148.92,-351.78,-16.74,0,0,0,0,0,0,0,0,0,0,0,1,1D3479084A040206F8FC1C01A1F46100DD467908EC04A40500FD200159F6AE009D59790871056D0512FD250128F82B01B20919E9E9FE200000184048
2026-09-12T15:44:41.3360350+00:00,7824,142189750,Connected,-1,24,1710,1440,-374,8.1881695,6.895301,-1.7908629,408,-2160,1002,0.49849093,-2.6390696,1.224235,2394,-5811,-384,143.64,-348.66,-23.039999,0,0,0,0,0,0,0,0,0,0,0,1,B6A47908AE06A0058AFE980190F7EA0376B779083C07C005AAFEC0013AF5A8044FCA7908910704068BFEED0199F267055A094DE980FE200000184048
2026-09-12T15:44:41.3526948+00:00,7825,142204175,Connected,-1,24,2014,1605,-473,9.643845,7.6853876,-2.2649148,524,-4034,1572,0.64021873,-4.9287066,1.9206562,2323,-5765,-491,139.37999,-345.9,-29.46,0,0,0,0,0,0,0,0,0,0,0,1,0FDD7908DE07450627FE0C023EF02406CFEF790813089606ABFD0002E2EECB068F027A083208220734FDBC01ACEE590713097BE915FE200000184048
2026-09-12T15:44:41.3693823+00:00,7826,142218600,Connected,-1,24,1987,1962,-720,9.514558,9.394848,-3.4476504,300,-4214,2003,0.36653745,-5.148629,2.4472485,2294,-5742,-549,137.64,-344.52,-32.94,0,0,0,0,0,0,0,0,0,0,0,1,68157A08C307AA0730FD2C018AEFD30728287A089206670711FD7800EAF01808E83A7A0840051307FFFCF0FF76F2CC07F60892E9DBFD200000184048
2026-09-12T15:44:41.3860240+00:00,7827,142233000,Connected,-1,24,1034,1746,-782,4.951209,8.360553,-3.7445314,-87,-3078,1793,-0.10629586,-3.7606742,2.1906722,2244,-5708,-658,134.64,-342.47998,-39.48,0,0,0,0,0,0,0,0,0,0,0,1,A84D7A080A04D206F2FCA9FFFAF3010781607A0831036B06FBFC87FF88F5F10541737A089202F405D2FC83FF1CF79A04C408B4E96EFD200000184048
2026-09-12T15:44:41.4027617+00:00,7829,142261850,Connected,-1,24,1615,1280,-738,7.7332716,6.129156,-3.5338416,-357,-509,202,-0.43617955,-0.62189186,0.24680188,2222,-5693,-763,133.31999,-341.58,-45.78,0,0,0,0,0,0,0,0,0,0,0,1,5ABE7A084F0600051EFD9BFE03FECA001AD17A08F905050561FC38FEBAFEF600DAE37A083D055E0523FCCCFD48FFF300AE08C3E905FD200000184048
2026-09-12T15:44:41.4360686+00:00,7831,142290675,Connected,-1,24,1044,1493,-1051,4.999093,7.1490865,-5.032612,-839,-51,-270,-1.0250831,-0.062311366,-0.3298837,2209,-5691,-839,132.54,-341.46,-50.34,0,0,0,0,0,0,0,0,0,0,0,1,F32E7B081404D505E5FBB9FCCDFFF2FECC417B086704F00535FC17FDFAFE6CFE8C547B0892040606B7FCA7FD8BFD31FEA108C5E9B9FC200000184048
2026-09-12T15:44:41.4527071+00:00,7832,142305100,Connected,-1,24,1168,1457,-828,5.592855,6.9767036,-3.964798,-424,-1171,-426,-0.5180396,-1.4307178,-0.5204832,2207,-5690,-859,132.42,-341.4,-51.539997,0,0,0,0,0,0,0,0,0,0,0,1,4C677B089004B105C4FC58FE6DFB56FE0C7A7B083904A605C3FC03FF5AF996FECC8C7B08E9032F06C4FC7AFF90F7C5FE9F08C6E9A5FC200000184048
2026-09-12T15:44:41.4694054+00:00,7833,142319525,Connected,-1,24,1020,1613,-880,4.8841715,7.723695,-4.213795,-83,-2506,-279,-0.10140869,-3.0618095,-0.34087983,2206,-5691,-895,132.36,-341.46,-53.699997,0,0,0,0,0,0,0,0,0,0,0,1,A59F7B08FC034D0690FCADFF36F6E9FE65B27B0837042F069AFC9EFF23F501FF25C57B081904440621FD68FFE5F323FF9E08C5E981FC200000184048
2026-09-12T15:44:41.4861988+00:00,7835,142348350,Connected,-1,24,1043,1752,-742,4.9943047,8.389283,-3.5529952,-706,-5097,-120,-0.86258477,-6.2274714,-0.14661498,2213,-5693,-930,132.78,-341.58,-55.8,0,0,0,0,0,0,0,0,0,0,0,1,3E107C081304D8061AFD3EFD17EC88FFFE227C08E2031707C8FCB1FC76EB9FFFD7357C088B035B071AFC31FC91EB89FFA508C3E95EFC200000184048
2026-09-12T15:44:41.5027464+00:00,7836,142362775,Connected,-1,24,730,1996,-1038,3.4955344,9.557653,-4.9703627,-1063,-5072,-186,-1.2987643,-6.1969266,-0.22725321,2228,-5691,-964,133.68,-341.46,-57.84,0,0,0,0,0,0,0,0,0,0,0,1,97487C08DA02CC07F2FBD9FB30EC46FF575B7C081D0216089EFB90FB38EDC7FE176E7C08F601370869FB3FFB2BEFCEFDB408C5E93CFC200000184048
2026-09-12T15:44:41.5193885+00:00,7837,142377200,Connected,-1,24,1352,2060,-1296,6.4739213,9.864111,-6.205771,-1307,-3588,-851,-1.5968815,-4.383788,-1.0397446,2240,-5690,-978,134.4,-341.4,-58.68,0,0,0,0,0,0,0,0,0,0,0,1,F0807C0848050C08F0FAE5FAFCF1ADFCB0937C08450453073BFAD8FABBF4A8FC70A67C084302BC06A7FB19FBF4F686FCC008C6E92EFC200000184048
2026-09-12T15:44:41.5528379+00:00,7838,142391600,Connected,-1,24,355,1722,-739,1.6998832,8.24563,-3.53863,-1349,-1753,-1075,-1.6481967,-2.1418004,-1.3134259,2264,-5685,-995,135.84,-341.1,-59.699997,0,0,0,0,0,0,0,0,0,0,0,1,30B97C086301BA061DFDBBFA27F9CDFB09CC7C089B01C2061FFCE2F90DFBF5FAC9DE7C0854022D0726FB82F929FC99FAD808CBE91DFC200000184048
2026-09-12T15:44:41.5694049+00:00,7840,142420450,Connected,-1,24,161,1626,-1074,0.770933,7.785944,-5.142745,-1416,-1731,-871,-1.7300568,-2.114921,-1.0641804,2313,-5675,-1001,138.78,-340.5,-60.059998,0,0,0,0,0,0,0,0,0,0,0,1,E2297D08A1005A06CEFB78FA3DF999FCA23C7D08D9009C06B1FB68FA48F8BAFC624F7D081B01D5068AFB34FAB6F7D8FC0909D5E917FC200000184048
2026-09-12T15:44:41.5860796+00:00,7841,142434850,Connected,-1,24,311,1795,-1123,1.4891934,8.595184,-5.377377,-1562,-2199,-776,-1.9084383,-2.6867194,-0.9481102,2333,-5669,-1001,139.98,-340.13998,-60.059998,0,0,0,0,0,0,0,0,0,0,0,1,22627D08370103079DFBE6F969F7F8FCFB747D08B2011B07FAFB7EF949F717FDBB877D082E02E40669FCF4F8B3F732FD1D09DBE917FC200000184048
2026-09-12T15:44:41.6027235+00:00,7842,142449275,Connected,-1,24,546,1741,-894,2.6144683,8.336611,-4.280833,-1947,-1838,-717,-2.378828,-2.2456527,-0.8760245,2373,-5658,-1002,142.37999,-339.47998,-60.12,0,0,0,0,0,0,0,0,0,0,0,1,7B9A7D082202CD0682FC65F8D2F833FD3BAD7D085C02E706C3FCFEF73FFA0CFD14C07D087502F40606FDBDF7C9FBE0FC4509E6E916FC200000184048
2026-09-12T15:44:41.6193976+00:00,7843,142463700,Connected,-1,24,577,1805,-739,2.7629087,8.643068,-3.53863,-2156,-703,-847,-2.6341825,-0.85891944,-1.0348574,2394,-5652,-1001,143.64,-339.12,-60.059998,0,0,0,0,0,0,0,0,0,0,0,1,D4D27D0841020D071DFD94F741FDB1FC94E57D08FE013C0736FD7FF786FE79FC6DF87D08E30196072CFD6FF786FF54FC5A09ECE917FC200000184048
2026-09-12T15:44:41.6361400+00:00,7844,142478125,Connected,-1,24,492,2006,-789,2.3558946,9.605537,-3.7780502,-2226,75,-936,-2.719708,0.09163436,-1.1435969,2434,-5643,-992,146.04,-338.58,-59.52,0,0,0,0,0,0,0,0,0,0,0,1,2D0B7E08EC01D607EBFC4EF74B0058FCED1D7E08A70102089EFC0CF7F30083FCAD307E0852012E0867FCA7F66E01C4FC8209F5E920FC200000184048
2026-09-12T15:44:41.6527263+00:00,7846,142506950,Connected,-1,24,118,1974,-889,0.5650316,9.452309,-4.256891,-2951,-399,-311,-3.6055067,-0.4874948,-0.37997717,2469,-5634,-965,148.14,-338.03998,-57.899998,0,0,0,0,0,0,0,0,0,0,0,1,C67B7E087600B60787FC79F471FEC9FE868E7E0860007D07D3FC33F4B1FD61FF46A17E084C00220761FD48F405FD1900A509FEE93BFC200000184048
2026-09-12T15:44:41.6693956+00:00,7847,142521350,Connected,-1,24,180,1759,-541,0.8619126,8.422802,-2.5905263,-2906,-875,199,-3.5505261,-1.0690676,0.24313651,2503,-5635,-925,150.18,-338.1,-55.5,0,0,0,0,0,0,0,0,0,0,0,1,06B47E08B400DF06E3FDA6F495FCC700DFC67E080D01E80615FE03F5D3FC30019FD97E082F01370724FE41F5D1FD3001C709FDE963FC200000184048
2026-09-12T15:44:41.6862503+00:00,7848,142535775,Connected,-1,24,338,1938,-426,1.6184803,9.279925,-2.0398598,-2703,-259,231,-3.3025024,-0.316444,0.28223383,2515,-5637,-901,150.9,-338.22,-54.059998,0,0,0,0,0,0,0,0,0,0,0,1,5FEC7E085201920756FE71F5FDFEE7001FFF7E0879019807D4FEB3F5F2FF8A00F8117F0852018D0736FF0FF6A9003C00D309FBE97BFC200000184048
2026-09-12T15:44:41.7029282+00:00,7849,142550200,Connected,-1,24,315,2006,-194,1.508347,9.605537,-0.92895025,-2432,278,2,-2.971397,0.33965802,0.002443583,2539,-5646,-850,152.34,-338.75998,-51,0,0,0,0,0,0,0,0,0,0,0,1,B8247F083B01D6073EFF80F61601020078377F080601CC0732FFF4F66701CEFF384A7F08BF003F074BFF6DF76401A7FFEB09F2E9AEFC200000184048
2026-09-12T15:44:41.7195293+00:00,7851,142579025,Connected,-1,24,283,2001,-111,1.3551182,9.581595,-0.5315128,-1910,327,-179,-2.3336217,0.39952582,-0.21870068,2562,-5669,-771,153.72,-340.13998,-46.26,0,0,0,0,0,0,0,0,0,0,0,1,51957F081B01D10791FF8AF847014DFF11A87F080801EA0798FF93F8A60132FFEABA7F080C010308A3FFB0F80F0225FF020ADBE9FDFC200000184048
2026-09-12T15:44:41.7361635+00:00,7852,142593450,Connected,-1,24,222,2004,-100,1.0630256,9.595961,-0.47884035,-1816,621,-216,-2.2187734,0.7587325,-0.26390696,2568,-5679,-745,154.08,-340.74,-44.7,0,0,0,0,0,0,0,0,0,0,0,1,AACD7F08DE00D4079CFFE8F86D0228FF6AE07F0868008507E5FF4EF960022CFF2AF37F0870000407F1FFD6F9B8012AFF080AD1E917FD200000184048
2026-09-12T15:44:41.7695026+00:00,7853,142607850,Connected,-1,24,47,1777,38,0.22505496,8.508993,0.18195933,-1433,345,-245,-1.7508272,0.42151806,-0.2993389,2577,-5700,-689,154.62,-342,-41.34,0,0,0,0,0,0,0,0,0,0,0,1,EA0580082F00F106260067FA59010BFFC31880084A007F076100FDFAFF00D8FE832B80089900B4075C0089FB7F00BAFE110ABCE94FFD200000184048
2026-09-12T15:44:41.7861969+00:00,7855,142637225,Connected,-1,24,254,1993,208,1.2162545,9.543288,0.9959879,-704,-44,-570,-0.8601412,-0.053758826,-0.69642115,2582,-5722,-636,154.92,-343.32,-38.16,0,0,0,0,0,0,0,0,0,0,0,1,A9788008FE00C907D00040FDD4FFC6FD5C8980082801B107C4006DFD8EFF86FD1C9C80080401CD07C00086FD38FF66FD160AA6E984FD200000184048
2026-09-12T15:44:41.8028677+00:00,7857,142665525,Connected,-1,24,233,1907,127,1.115698,9.131485,0.60812724,-670,-313,-516,-0.8186003,-0.38242075,-0.6304444,2590,-5756,-570,155.4,-345.36,-34.2,0,0,0,0,0,0,0,0,0,0,0,1,35E78008E90073077F0062FDC7FEFCFD0EFA8008D80087079D0048FD37FF58FECE0C8108C000A407C0002FFD9DFFD5FE1E0A84E9C6FD200000184048
2026-09-12T15:44:41.8361676+00:00,7858,142679950,Connected,-1,24,147,1949,199,0.7038953,9.332599,0.9528923,-737,-18,-168,-0.9004603,-0.021992248,-0.20526098,2593,-5776,-537,155.58,-346.56,-32.219997,0,0,0,0,0,0,0,0,0,0,0,1,8E1F810893009D07C7001FFDEEFF58FF4E32810886008A07DB001CFD0F00B7FF0E4581089C00AC07CD003BFDE5FFF7FF210A70E9E7FD200000184048
2026-09-12T15:44:41.8528350+00:00,7859,142694375,Connected,-1,24,153,1955,235,0.7326257,9.361329,1.1252748,-659,-94,53,-0.8051606,-0.1148484,0.06475495,2594,-5784,-521,155.64,-347.03998,-31.26,0,0,0,0,0,0,0,0,0,0,0,1,E75781089900A307EB006DFDA2FF3500A76A81088C007107EB009DFD71FF6900677D810892007B07F000D9FD83FF9400220A68E9F7FD200000184048
2026-09-12T15:44:41.8695263+00:00,7860,142708775,Connected,-1,24,178,1915,305,0.8523358,9.169792,1.460463,-476,-107,186,-0.5815728,-0.13073169,0.22725321,2598,-5803,-494,155.87999,-348.18,-29.64,0,0,0,0,0,0,0,0,0,0,0,1,27908108B2007B07310124FE95FFBA0000A38108B0009E07100165FEA1FFC100C0B581088F008F073C01BFFEB5FFBC00260A55E912FE200000184048
2026-09-12T15:44:41.8862277+00:00,7862,142737625,Connected,-1,24,187,1925,385,0.89543146,9.217676,1.8435353,228,-338,207,0.27856845,-0.41296554,0.25291085,2605,-5823,-467,156.3,-349.38,-28.019999,0,0,0,0,0,0,0,0,0,0,0,1,D9008208BB0085078101E400AEFECF0099138208E700970742015701ACFEC4005926820809015808F600A801D1FE9C002D0A41E92DFE200000184048
2026-09-12T15:44:41.9028683+00:00,7863,142752025,Connected,-1,24,434,3327,-377,2.078167,15.931018,-1.8052281,399,-266,75,0.4874948,-0.32499653,0.09163436,2606,-5828,-458,156.36,-349.68,-27.48,0,0,0,0,0,1,0,0,0,0,0,0,19398208B201FF0C87FE8F01F6FE4B00F24B8208F300B3037C021701F7FF1E00B25E8208D6009804E501D00057FFA9FF2E0A3CE936FE200000180148
2026-09-12T15:44:41.9196630+00:00,7864,142766450,Connected,-1,24,88,2165,91,0.4213795,10.366894,0.4357447,114,-346,-355,0.13928422,-0.42273986,-0.43373597,2611,-5835,-446,156.66,-350.1,-26.76,0,0,0,0,0,1,0,0,0,0,0,0,72718208580075085B007200A6FE9DFE4B848208F70088098000A800D1FDA0FE0B97820809016F08D7FFBB0052FD0AFF330A35E942FE200000180148
2026-09-12T15:44:41.9361898+00:00,7865,142780875,Connected,-1,24,200,2086,218,0.9576807,9.988609,1.043872,206,-522,-199,0.25168905,-0.6377752,-0.24313651,2612,-5837,-443,156.72,-350.22,-26.58,0,0,0,0,0,1,0,0,0,0,0,0,CBA98208C8002608DA00CE00F6FD39FF8BBC8208FB007B08B200C7005BFE3FFF4BCF82082B0182086400BE00A5FE44FF340A33E945FE200000180148
2026-09-12T15:44:41.9528558+00:00,7867,142809700,Connected,-1,24,149,2144,150,0.7134721,10.266336,0.7182605,198,-227,-146,0.24191472,-0.27734667,-0.17838156,2617,-5845,-434,157.01999,-350.69998,-26.039999,0,0,0,0,0,1,0,0,0,0,0,0,641A8308950060089600C6001DFF6EFF242D83087C004908B200D70009FF63FFFD3F830886003008B300E500DEFE43FF390A2BE94EFE200000180148
2026-09-12T15:44:41.9695230+00:00,7868,142824125,Connected,-1,24,130,2076,189,0.62249243,9.940725,0.90500826,245,-327,-225,0.2993389,-0.39952582,-0.2749031,2617,-5847,-432,157.01999,-350.82,-25.92,0,0,0,0,0,1,0,0,0,0,0,0,BD52830882001C08BD00F500B9FE1FFF7D6583085A000308C3000B019DFEF9FE3D7883084900E107CF00360177FECDFE390A29E950FE200000180148
2026-09-12T15:44:41.9862541+00:00,7869,142838525,Connected,-1,24,45,2001,205,0.21547815,9.581595,0.9816227,376,-440,-346,0.4593936,-0.53758824,-0.42273986,2618,-5848,-430,157.08,-350.88,-25.8,0,0,0,0,0,1,0,0,0,0,0,0,FD8A83082D00D107CD00780148FEA6FED69D83080C00D307CD00C70112FE88FE96B08308F1FFB407C8001E02CEFD78FE3A0A28E952FE200000180148
2026-09-12T15:44:42.0028617+00:00,7870,142852950,Connected,-1,24,20,1966,187,0.095768064,9.414001,0.89543146,628,-628,-393,0.76728505,-0.76728505,-0.48016405,2620,-5849,-428,157.2,-350.94,-25.68,0,0,0,0,0,1,0,0,0,0,0,0,56C383081400AE07BB0074028CFD77FE16D683086400C207B400B80278FD88FEEFE88308B600D4078D00CC02BCFD9EFE3C0A27E954FE200000180148
2026-09-12T15:44:42.0195155+00:00,7871,142867375,Connected,-1,24,242,2001,101,1.1587936,9.581595,0.48362875,673,-418,-346,0.8222657,-0.51070887,-0.42273986,2623,-5847,-433,157.37999,-350.82,-25.98,0,0,0,0,0,1,0,0,0,0,0,0,AFFB8308F200D1076500A1025EFEA6FE6F0E84082A01E8072600480227FFACFE2F218408300102080D00D401EAFFCEFE3F0A29E94FFE200000180148
2026-09-12T15:44:42.0362670+00:00,7872,142881775,Connected,-1,24,284,2058,-13,1.3599066,9.854534,-0.062249243,327,144,-260,0.39952582,0.17593798,-0.3176658,2623,-5844,-435,157.37999,-350.63998,-26.099998,0,0,0,0,0,0,0,0,0,0,0,0,EF3384081C010A08F3FF47019000FCFEC846840801010908E1FFB5001C012DFF88598408C7008707EAFF3A006E016AFF3F0A2CE94DFE200000180048
2026-09-12T15:44:42.0529439+00:00,7873,142896200,Connected,-1,24,102,1324,232,0.48841715,6.339846,1.1109096,-14,362,-92,-0.01710508,0.44228852,-0.112404816,2627,-5837,-440,157.62,-350.22,-26.4,0,0,0,0,0,0,0,0,0,0,0,1,486C840866002C05E800F2FF6A01A4FF087F84082601F50AEFFDD5FF1901BDFFE19184087700B409B6FF47FF97010B00430A33E948FE200000184048
2026-09-12T15:44:42.0695226+00:00,7874,142910625,Connected,-1,24,132,1962,215,0.63206923,9.394848,1.0295067,-346,318,133,-0.42273986,0.3885297,0.16249827,2629,-5834,-443,157.73999,-350.03998,-26.58,0,0,0,0,0,0,0,0,0,0,0,1,A1A484088400AA07D700A6FE3E01850061B78408C500150721FF3EFEE5006D0021CA840839008407510021FE74011D00450A36E945FE200000184048
2026-09-12T15:44:42.0861774+00:00,7876,142939450,Connected,-1,24,39,2033,100,0.18674773,9.734824,0.47884035,-236,39,117,-0.2883428,0.047649868,0.14294961,2631,-5827,-452,157.86,-349.62,-27.119999,0,0,0,0,0,0,0,0,0,0,0,1,3A1585082700F107640014FF270075002C288508830011081400A2FF54008000D33A85088200460854002200D4008B00470A3DE93CFE200000184048
2026-09-12T15:44:42.1194960+00:00,7878,142968300,Connected,-1,24,137,1981,-15,0.6560113,9.485827,-0.07182605,319,552,330,0.3897515,0.6744289,0.40319118,2635,-5821,-460,158.09999,-349.25998,-27.599998,0,0,0,0,0,0,0,0,0,0,0,1,EC8585088900BD07F1FF3F0128024A01AC98850847003A0808000C0187025C016CAB85081F0059083A00D2006E0267014B0A43E934FE200000184048
2026-09-12T15:44:42.1361689+00:00,7879,142982725,Connected,-1,24,90,2087,10,0.4309563,9.993398,0.047884032,142,492,329,0.1734944,0.6011214,0.4019694,2636,-5819,-461,158.16,-349.13998,-27.66,0,0,0,0,0,0,0,0,0,0,0,1,45BE85085A0027080A008E00EC01490105D185088D005008C4FF510075011401C5E38508B800640992FF1E004401EA004C0A45E933FE200000184048
2026-09-12T15:44:42.1529252+00:00,7880,142997125,Connected,-1,24,402,2456,-250,1.9249382,11.760319,-1.1971009,-50,310,208,-0.061089575,0.37875536,0.25413263,2637,-5819,-462,158.22,-349.13998,-27.72,0,0,0,0,0,1,0,0,0,0,0,0,85F685089201980906FFCEFF3601D0005E098608C7FFCB059B02DCFF5501ED001E1C86084E0065065DFFC4FFE60024004D0A45E932FE200000180148
2026-09-12T15:44:42.1695394+00:00,7881,143011550,Connected,-1,24,3,2244,92,0.01436521,10.745177,0.4405331,-69,332,-99,-0.08430361,0.40563476,-0.12095736,2635,-5819,-464,158.09999,-349.13998,-27.84,0,0,0,0,0,1,0,0,0,0,0,0,DE2E86080300C4085C00BBFF4C019DFFB7418608330013085D00D6FF7100C1FF77548608020096070F000300B7FFE2FF4B0A45E930FE200000180148
2026-09-12T15:44:42.1861791+00:00,7882,143025975,Connected,-1,24,14,2087,140,0.06703765,9.993398,0.6703765,57,-139,-20,0.06964211,-0.16982901,-0.02443583,2635,-5818,-464,158.09999,-349.08,-27.84,0,0,0,0,0,1,0,0,0,0,0,0,376786080E0027088C00390075FFECFFF77986083E003C08580056001FFF0500B78C86084000FE0746007500EBFE17004B0A46E930FE200000180148
2026-09-12T15:44:42.2028242+00:00,7884,143054800,Connected,-1,24,126,2042,84,0.60333884,9.77792,0.40222588,138,-325,67,0.16860722,-0.39708224,0.08186003,2631,-5819,-461,157.86,-349.13998,-27.66,0,0,0,0,0,1,0,0,0,0,0,0,D0D786087E00FA0754008A00BBFE4300A9EA86087000EE076A008900DDFE390069FD86087E00DB0755008800E3FE1E00470A45E933FE200000180148
2026-09-12T15:44:42.2195088+00:00,7885,143069275,Connected,-1,24,116,2021,93,0.5554548,9.677363,0.44532153,140,-263,3,0.1710508,-0.32133117,0.0036653746,2630,-5819,-461,157.8,-349.13998,-27.66,0,0,0,0,0,1,0,0,0,0,0,0,5B1087087400E5075D008C00F9FE0300E92287088300E9079B00980008FFF1FFA9358708A600D9078E00AF0029FFE1FF460A45E933FE200000180148
2026-09-12T15:44:42.2361831+00:00,7886,143083650,Connected,-1,24,166,2027,154,0.79487497,9.706094,0.7374141,207,-111,-42,0.25291085,-0.13561885,-0.051315244,2631,-5818,-460,157.86,-349.08,-27.599998,0,0,0,0,0,1,0,0,0,0,0,0,82488708A600EB079A00CF0091FFD6FF425B870896001808C900EA003400D5FF1B6E8708B4004508DC00ED00E700D5FF470A46E934FE200000180148
2026-09-12T15:44:42.2528513+00:00,7887,143098050,Connected,-1,24,252,2144,202,1.2066777,10.266336,0.9672575,198,422,-41,0.24191472,0.51559603,-0.05009345,2631,-5817,-458,157.86,-349.02,-27.48,0,0,0,0,0,1,0,0,0,0,0,0,C2808708FC006008CA00C600A601D7FF9B938708EE005808C90076006F02E6FF5BA68708D60052087A001D000E03FEFF470A47E936FE200000180148
2026-09-12T15:44:42.2695050+00:00,7889,143126900,Connected,-1,24,247,2064,20,1.1827357,9.883265,0.095768064,-205,1254,365,-0.25046727,1.5321265,0.4459539,2628,-5818,-457,157.68,-349.08,-27.42,0,0,0,0,0,0,0,0,0,0,0,1,74F18708F7001008140033FFE6046D013404880824005E057D01B6FED30506020D1788081D01CA0A9BFE91FE1C069F02440A46E937FE200000184048
2026-09-12T15:44:42.2861865+00:00,7890,143141325,Connected,-1,24,257,2738,-337,1.2306197,13.110648,-1.6136919,-557,2096,858,-0.6805379,2.560875,1.048297,2628,-5820,-456,157.68,-349.19998,-27.359999,0,0,0,0,0,0,0,0,0,0,0,1,CD2988080101B20AAFFED3FD30085A038D3C8808720135098700ABFCA00902044D4F88087B018507FAFF81FBA80A3504440A44E938FE200000184048
2026-09-12T15:44:42.3029571+00:00,7891,143155725,Connected,-1,24,246,1632,-77,1.1779473,7.8146744,-0.36870706,-1337,3022,990,-1.6335353,3.6922538,1.2095736,2626,-5822,-450,157.56,-349.32,-27,0,0,0,0,0,0,0,0,0,0,0,1,0D628808F6006006B3FFC7FACE0BDE03E67488080002AA050EFFCDFACA0C3703A687880869018B063A00A2FB3F0E8602420A42E93EFE200000184048
2026-09-12T15:44:42.3361647+00:00,7892,143170150,Connected,-1,24,-14,2086,495,-0.06703765,9.988609,2.3702598,-848,3682,501,-1.0360792,4.4986362,0.6121175,2625,-5825,-445,157.5,-349.5,-26.699999,0,0,0,0,0,0,0,0,0,0,0,1,669A8808F2FF2608EF01B0FC620EF50126AD8808A2FF0E0936028AFDE70C9801FFBF8808FCFF0D09DB014FFE1D0B8701410A3FE943FE200000184048
2026-09-12T15:44:42.3528455+00:00,7894,143198975,Connected,-1,24,229,2058,87,1.0965444,9.854534,0.4165911,100,1982,689,0.12217915,2.4215908,0.84181434,2622,-5836,-427,157.31999,-350.16,-25.619999,0,0,0,0,0,0,0,0,0,0,0,1,FF0A8908E5000A0857006400BE07B102D81D8908E400D9078A008D005B07AE0298308908FA0091076C00D000C00683023E0A34E955FE200000184048
2026-09-12T15:44:42.3696010+00:00,7895,143213400,Connected,-1,24,221,1881,142,1.0582372,9.006987,0.6799533,342,1525,592,0.4178527,1.863232,0.7233006,2621,-5845,-414,157.26,-350.69998,-24.84,0,0,0,0,0,0,0,0,0,0,0,1,58438908DD0059078E005601F505500218568908A8004C07F5000502E1042D02D8688908A20070074F01AD02CA0313023D0A2BE962FE200000184048
2026-09-12T15:44:42.3861650+00:00,7896,143227825,Connected,-1,24,262,1970,344,1.2545617,9.433155,1.6472107,820,782,522,1.0018691,0.95544094,0.6377752,2621,-5849,-407,157.26,-350.94,-24.42,0,0,0,0,0,0,0,0,0,0,0,1,B17B89080601B207580134030E030A02718E89085401D8072D019C03F5021C0231A189084801DA07FC00F903480341023D0A27E969FE200000184048
2026-09-12T15:44:42.4028937+00:00,7897,143242250,Connected,-1,24,274,2021,221,1.3120226,9.677363,1.0582372,1112,955,604,1.3586321,1.1668109,0.73796207,2620,-5853,-401,157.2,-351.18,-24.06,0,0,0,0,0,0,0,0,0,0,0,1,0AB489081201E507DD005804BB035C02B1C68908F900E607D400AD0424045B028AD989083A01F307D900E40478044C023C0A23E96FFE200000184048
2026-09-12T15:44:42.4195163+00:00,7898,143256650,Connected,-1,24,386,2057,209,1.8483237,9.849746,1.0007763,1260,1221,595,1.5394573,1.4918075,0.72696596,2614,-5862,-391,156.84,-351.72,-23.46,0,0,0,0,0,0,0,0,0,0,0,1,4AEC890882010908D100EC04C50453020AFF8908E001EC073800BE0437058C02CA118A08E601E107B9FF2B040607CA03360A1AE979FE200000184048
2026-09-12T15:44:42.4362320+00:00,7900,143285475,Connected,-1,24,578,1731,-89,2.767697,8.288726,-0.4261679,78,3266,1673,0.095299736,3.990371,2.0440571,2605,-5871,-373,156.3,-352.25998,-22.38,0,0,0,0,0,0,0,0,0,0,0,1,E35C8A084202C306A7FF4E00C20C8906A36F8A0833017E076F00F2FF310D78067C828A08CC006808E700E1FF6B0D1A062D0A11E98BFE200000184048
2026-09-12T15:44:42.4529216+00:00,7901,143299900,Connected,-1,24,232,2222,412,1.1109096,10.6398325,1.9728222,-5,3268,1385,-0.0061089573,3.9928145,1.6921812,2599,-5873,-367,155.94,-352.38,-22.02,0,0,0,0,0,0,0,0,0,0,0,1,3C958A08E800AE089C01FBFFC40C6905FCA78A0856014C0843023800E20AAC04BCBA8A08B501DA0733028500C708FB03270A0FE991FE200000184048
2026-09-12T15:44:42.4695333+00:00,7902,143314325,Connected,-1,24,516,1927,461,2.4708161,9.227253,2.207454,235,1776,878,0.287121,2.1699016,1.0727329,2591,-5877,-358,155.45999,-352.62,-21.48,0,0,0,0,0,0,0,0,0,0,0,1,95CD8A0804028707CD01EB00F0066E0355E08A0852025B07800149018905160315F38A087E02550714019301B004FB021F0A0BE99AFE200000184048
2026-09-12T15:44:42.4861869+00:00,7903,143328725,Connected,-1,24,631,1895,219,3.0214825,9.074024,1.0486604,488,1123,786,0.59623426,1.3720719,0.9603281,2588,-5876,-357,155.28,-352.56,-21.42,0,0,0,0,0,0,0,0,0,0,0,1,D5058B0877026707DB00E8016304120395188B0839026107B4005202490444036E2B8B0804024A07A800C1022D0481031C0A0CE99BFE200000184048
2026-09-12T15:44:42.5028848+00:00,7905,143357575,Connected,-1,24,614,1945,-41,2.9400797,9.313444,-0.19632454,689,1395,1097,0.84181434,1.7043991,1.3403052,2573,-5878,-357,154.37999,-352.68,-21.42,0,0,0,0,0,0,0,0,0,0,0,1,87768B0866029907D7FFB1027305490447898B0883021809C1FF0F0289066804079C8B08BA02060A3B005201B20775040D0A0AE99BFE200000184048
2026-09-12T15:44:42.5196151+00:00,7906,143371975,Connected,-1,24,764,2500,119,3.6583402,11.971008,0.56982,97,2235,1162,0.11851378,2.730704,1.4197217,2560,-5880,-356,153.59999,-352.8,-21.359999,0,0,0,0,0,0,0,0,0,0,0,1,C7AE8B08FC02C40977006100BB088A04B9C18B08A702D0082E0052FFAF09900460D48B086602F3071B006DFED60A4F04000A08E99CFE200000184048
2026-09-12T15:44:42.5361840+00:00,7907,143386400,Connected,-1,24,649,1920,40,3.107674,9.193734,0.19153613,-584,3085,979,-0.71352625,3.7692268,1.1961339,2554,-5884,-354,153.23999,-353.03998,-21.24,0,0,0,0,0,0,0,0,0,0,0,1,20E78B08890280072800B8FD0D0CD303F9F98B08E602900762001DFD6F0D3E03A00C8C084803AF0795008FFCF10EA702FA0904E99EFE200000184048
2026-09-12T15:44:42.5528320+00:00,7908,143400825,Connected,-1,24,780,1697,36,3.7349546,8.12592,0.17238252,-995,4200,520,-1.2156825,5.131524,0.6353316,2550,-5887,-349,153,-353.22,-20.939999,0,0,0,0,0,0,0,0,0,0,0,1,791F8C080C03A10624001DFC6810080239328C085D0372076300E0FBD0115201F9448C083503E9076A00C9FBD812AE00F60901E9A3FE200000184048
2026-09-12T15:44:42.5695246+00:00,7909,143415225,Connected,-1,24,830,2105,199,3.9743748,10.079589,0.9528923,-1043,4957,21,-1.2743285,6.0564203,0.025657622,2545,-5898,-331,152.7,-353.88,-19.859999,0,0,0,0,0,0,0,0,0,0,0,1,B9578C083E033908C700EDFB5D131500926A8C088E032A08F30013FCC41399FF527D8C085103B307E3000BFC421430FFF109F6E8B5FE200000184048
2026-09-12T15:44:42.5861737+00:00,7911,143444075,Connected,-1,24,383,2051,687,1.8339585,9.821015,3.289633,-951,4462,-658,-1.1619238,5.4516335,-0.8039388,2554,-5922,-293,153.23999,-355.31998,-17.58,0,0,0,0,0,0,0,0,0,0,0,1,6BC88C087F010308AF0249FC6E116EFD2BDB8C08FD016708040369FCA50F2FFDEBED8C084702780819035BFC650E0FFDFA09DEE8DBFE200000184048
2026-09-12T15:44:42.6194965+00:00,7912,143458475,Connected,-1,24,632,2094,760,3.0262709,10.0269165,3.6391866,-982,3499,-758,-1.1997993,4.2750483,-0.92611796,2562,-5930,-279,153.72,-355.8,-16.74,0,0,0,0,0,0,0,0,0,0,0,1,AB008D0878022E08F8022AFCAB0D0AFD84138D08A202CD070603F8FB440D26FD44268D08B402A1071A03CCFB050D5FFD020AD6E8E9FE200000184048
2026-09-12T15:44:42.6361673+00:00,7913,143472900,Connected,-1,24,614,1941,759,2.9400797,9.294291,3.6343982,-1107,3321,-590,-1.3525232,4.0575695,-0.72085696,2582,-5950,-249,154.92,-357,-14.94,0,0,0,0,0,0,0,0,0,0,0,1,04398D0866029507F702ADFBF90CB2FDC44B8D0812029307CA029CFB5F0DF9FD845E8D08E4019B07B30284FB4D0E17FE160AC2E807FF200000184048
2026-09-12T15:44:42.6528292+00:00,7914,143487350,Connected,-1,24,450,1941,647,2.1547816,9.294291,3.098097,-1197,4011,-500,-1.4624844,4.9006057,-0.61089575,2595,-5960,-230,155.7,-357.6,-13.799999,0,0,0,0,0,0,0,0,0,0,0,1,76718D08C2019507870253FBAB0F0CFE1D848D087B017007760218FB2F11E6FDDD968D0823013D078902E4FA7912AEFD230AB8E81AFF200000184048
2026-09-12T15:44:42.6695040+00:00,7916,143516275,Connected,-1,24,143,1868,754,0.6847417,8.944737,3.6104562,-1284,5223,-912,-1.5687803,6.381417,-1.1142738,2651,-5996,-169,159.06,-359.75998,-10.139999,0,0,0,0,0,0,0,0,0,0,0,1,73E28D088F004C07F202FCFA671470FCB6F48D08E0006407300365FB0A1412FC8F078E0804012F07ED02D4FB7F13E3FB5B0A94E857FF200000184048
2026-09-12T15:44:42.6861712+00:00,7917,143530575,Connected,-1,24,195,1509,682,0.93373865,7.225701,3.265691,-939,4957,-1073,-1.1472622,6.0564203,-1.3109822,2705,-6023,-125,162.3,-361.38,-7.5,0,0,0,0,0,0,0,0,0,0,0,1,4F1A8E08C300E505AA0255FC5D13CFFB0F2D8E0836004206CA01EEFCA013D0FB46418E08B7FFE0068800B4FD9A14BAFB910A79E883FF200000184048
2026-09-12T15:44:42.7028339+00:00,7918,143544975,Connected,-1,24,-151,1777,153,-0.7230489,8.508993,0.7326257,-329,5639,-1145,-0.4019694,6.8896823,-1.3989513,2737,-6034,-106,164.22,-362.03998,-6.3599997,0,0,0,0,0,0,0,0,0,0,0,1,8F528E0869FFF1069900B7FE071687FB68658E082EFFEE061F01CDFF6B175DFB28788E0824FF1807B901D400B9184AFBB10A6EE896FF200000184048
2026-09-12T15:44:42.7194931+00:00,7919,143559400,Connected,-1,24,12,1633,749,0.05746084,7.819463,3.5865142,400,6528,-1133,0.4887166,7.975855,-1.3842897,2770,-6045,-91,166.2,-362.69998,-5.46,0,0,0,0,0,0,0,0,0,0,0,1,E88A8E080C006106ED029001801993FBA89D8E08D8FE1E062002E901C41936FC81B08E080CFE9E06E40238022E1A6CFCD20A63E8A5FF200000184048
2026-09-12T15:44:42.7361831+00:00,7920,143573825,Connected,-1,24,-480,1824,1103,-2.2984335,8.734048,5.281609,578,6689,-901,0.7061955,8.172564,-1.1008341,2849,-6060,-69,170.94,-363.6,-4.14,0,0,0,0,0,0,0,0,0,0,0,1,41C38E0820FE20074F044202211A7BFC01D68E082FFEC906FA04EA015019B0FCC1E88E08EDFD4206DB0473010418E6FC210B54E8BBFF200000184048
2026-09-12T15:44:42.7528411+00:00,7922,143602650,Connected,-1,24,-468,1532,1009,-2.2409728,7.335834,4.831499,11,5098,-908,0.0134397065,6.228693,-1.1093867,2970,-6069,-61,178.2,-364.13998,-3.6599998,0,0,0,0,0,0,0,0,0,0,0,1,DA338F082CFEFC05F1030B00EA1374FC9A468F0821FE7606E703BDFF12144CFC73598F08FBFDCF06B30366FF7C1429FC9A0B4BE8C3FF200000184048
2026-09-12T15:44:42.7694948+00:00,7923,143617075,Connected,-1,24,-611,1765,909,-2.9257145,8.451532,4.3526587,-244,5382,-1019,-0.29811713,6.5756817,-1.2450055,3013,-6071,-62,180.78,-364.25998,-3.72,0,0,0,0,0,0,0,0,0,0,0,1,336C8F089DFDE5068D030CFF061505FCF37E8F0849FD1D07C903C4FE2115E3FBB3918F081BFD5C072C047AFE8714D0FBC50B49E8C2FF200000184048
2026-09-12T15:44:42.7861741+00:00,7924,143631475,Connected,-1,24,-757,1996,1160,-3.6248214,9.557653,5.554548,-494,4941,-1084,-0.603565,6.036872,-1.324422,3098,-6069,-74,185.87999,-364.13998,-4.44,0,0,0,0,0,0,0,0,0,0,0,1,73A48F080BFDCC07880412FE4D13C4FB4CB78F08F3FC0108860486FDAE11C1FB0CCA8F08BFFCEA073304EAFC1D10A7FB1A0C4BE8B6FF200000184048
2026-09-12T15:44:42.8028886+00:00,7925,143645900,Connected,-1,24,-860,1986,989,-4.1180267,9.509769,4.735731,-926,3729,-1174,-1.1313789,4.5560603,-1.4343832,3141,-6069,-82,188.45999,-364.13998,-4.92,0,0,0,0,0,0,0,0,0,0,0,1,CCDC8F08A4FCC207DD0362FC910E6AFB8CEF8F08E1FC9B07B00305FCE70C31FB6502900862FDBF077203EFFB0D0B22FB450C4BE8AEFF200000184048
2026-09-12T15:44:42.8195066+00:00,7927,143674750,Connected,-1,24,-796,1970,447,-3.8115692,9.433155,2.1404164,-606,1264,-1035,-0.7404056,1.5443444,-1.2645541,3224,-6066,-106,193.44,-363.96,-6.3599997,0,0,0,0,0,0,0,0,0,0,0,1,7E4D9008E4FCB207BF01A2FDF004F5FB3E609008D9FCAD07930138FE7F043FFCFE729008BEFCDE07B801BAFE6604AEFC980C4EE896FF200000184048
2026-09-12T15:44:42.8361875+00:00,7928,143689150,Connected,-1,24,-784,2053,615,-3.7541082,9.830592,2.944868,-232,1133,-689,-0.28345564,1.3842897,-0.84181434,3224,-6066,-106,193.44,-363.96,-6.3599997,0,0,0,0,0,0,0,0,0,0,0,1,BE859008F0FC0508670218FF6D044FFD9798900809FDE6070C0347FF500415FE57AB9008D2FCB607470354FFF903E2FE980C4EE896FF200000184048
2026-09-12T15:44:42.8528560+00:00,7929,143703575,Connected,-1,24,-946,1929,828,-4.5298295,9.23683,3.964798,-171,882,-108,-0.20892635,1.0776201,-0.13195348,3224,-6066,-106,193.44,-363.96,-6.3599997,0,0,0,0,0,0,0,0,0,0,0,1,17BE90084EFC89073C0355FF720394FFD7D0900880FB4707F5025AFF04030E0097E39008B7FA9B06B00278FFB8023F00980C4EE896FF200000184048
2026-09-12T15:44:42.8694934+00:00,7930,143718000,Connected,-1,24,-1595,1476,577,-7.6375036,7.067683,2.7629087,-78,670,10,-0.095299736,0.8186003,0.012217915,3263,-6062,-118,195.78,-363.72,-7.08,0,0,0,0,0,0,0,0,0,0,0,1,70F69008C5F9C4054102B2FF9E020A00300991085EFA5C0669020C0098028AFFF01B910859FAA906CD025E0059023CFFBF0C52E88AFF200000184048
2026-09-12T15:44:42.9028320+00:00,7932,143746825,Connected,-1,24,-1228,1716,780,-5.8801594,8.2169,3.7349546,-17,437,-452,-0.020770455,0.5339229,-0.5522497,3364,-6051,-165,201.84,-363.06,-9.9,0,0,0,0,0,0,0,0,0,0,0,1,0967910834FBB4060C03EFFFB5013CFEC979910809FB93069B0292FFD50144FE898C9108EEFA830659025FFFEA0147FE240D5DE85BFF200000184048
2026-09-12T15:44:42.9194947+00:00,7933,143761225,Connected,-1,24,-1275,1694,587,-6.105214,8.111555,2.8107927,-170,494,-437,-0.20770456,0.603565,-0.5339229,3414,-6047,-193,204.84,-362.81998,-11.58,0,0,0,0,0,0,0,0,0,0,0,1,499F910805FB9E064B0256FFEE014BFE22B291083AFBCB063F0261FFF8015BFEE2C4910872FBF10625026BFF0B0286FE560D61E83FFF200000184048
2026-09-12T15:44:42.9361848+00:00,7934,143775650,Connected,-1,24,-634,1499,309,-3.0358477,7.177817,1.4796166,-140,603,-274,-0.1710508,0.7367403,-0.33477086,3435,-6046,-206,206.09999,-362.75998,-12.36,0,0,0,0,0,0,0,0,0,0,0,1,A2D7910886FDDB05350174FF5B02EEFE62EA9108A6FD0706A201D4FF7A0429003BFD9108E9FB2207AD02010055057E016B0D62E832FF200000184048
2026-09-12T15:44:42.9528369+00:00,7935,143790075,Connected,-1,24,-1137,1969,761,-5.4444146,9.428367,3.643975,-118,1102,568,-0.1441714,1.3464142,0.6939776,3469,-6044,-229,208.14,-362.63998,-13.74,0,0,0,0,0,0,0,0,0,0,0,1,FB0F92088FFBB107F9028AFF4E043802BB22920847FB7707E101EAFE5A03CA027B3592081CFC89063D0177FE890355038D0D64E81BFF200000184048
2026-09-12T15:44:42.9695049+00:00,7936,143804675,Connected,-1,24,-390,1757,374,-1.8674773,8.413225,1.7908629,-422,1057,999,-0.51559603,1.2914336,1.2205697,3484,-6045,-238,209.04,-362.69998,-14.28,0,0,0,0,0,0,0,0,0,0,0,1,034992087AFEDD0676015AFE2104E703145B92080AFFDB065D017BFE5F042905D46D9208DBFD95061901B4FEA504B4069C0D63E812FF200000184048
2026-09-12T15:44:42.9861673+00:00,7938,143833325,Connected,-1,24,-898,1688,473,-4.2999864,8.082825,2.2649148,-114,1885,2754,-0.13928422,2.303077,3.3648138,3509,-6042,-261,210.54,-362.52,-15.66,0,0,0,0,0,0,0,0,0,0,0,1,EDB892087EFC9806D9018EFF5D07C20AC6CB920800FC8606F301B7FF1208330B6DDE92089AFB7D064202D7FF80087E0BB50D66E8FBFE200000184048
2026-09-12T15:44:43.0028507+00:00,7939,143847725,Connected,-1,24,-1195,1668,628,-5.722142,7.9870567,3.0071173,-10,2125,3010,-0.012217915,2.596307,3.6775923,3510,-6036,-265,210.59999,-362.16,-15.9,0,0,0,0,0,0,0,0,0,0,0,1,2DF1920855FB84067402F6FF4D08C20BED03930823FBAB0690021A0082070B0CC61693082AFBFE0684023B002606740CB60D6CE8F7FE200000184048
2026-09-12T15:44:43.0194863+00:00,7940,143862150,Connected,-1,24,-1136,1879,573,-5.439626,8.99741,2.743755,71,1217,3349,0.0867472,1.4869202,4.0917797,3506,-6017,-277,210.36,-361.02,-16.619999,0,0,0,0,0,0,0,0,0,0,0,1,8629930890FB57073D024700C104150D463C930851FCAC07EC012600CB03CF0D064F930841FDD207C001C4FFAD037C0EB20D7FE8EBFE200000184048
2026-09-12T15:44:43.0361792+00:00,7941,143876575,Connected,-1,24,-531,1995,477,-2.542642,9.552865,2.2840683,-204,1084,3868,-0.24924546,1.324422,4.7258897,3498,-6004,-282,209.87999,-360.24,-16.92,0,0,0,0,0,0,0,0,0,0,0,1,DF619308EDFDCB07DD0134FF3C041C0F9F74930874FEB407100296FE0805C40F5F879308ACFECC078302D3FDA4059F10AA0D8CE8E6FE200000184048
2026-09-12T15:44:43.0529130+00:00,7943,143905400,Connected,-1,24,-454,2488,1579,-2.1739352,11.9135475,7.560889,-1729,526,5258,-2.1124775,0.64266235,6.4241796,3462,-5960,-285,207.72,-357.6,-17.1,0,0,0,0,0,0,0,0,0,0,0,1,78D293083AFEB8092B063FF90E028A1438E5930870FDE0092D0659F7D2FFE314F8F79308D7FC0C0A54057EF52BFDA214860DB8E8E3FE200000184048
2026-09-12T15:44:43.0695020+00:00,7944,143919825,Connected,-1,24,-827,2516,1172,-3.9600096,12.047623,5.6120086,-3078,-1329,5110,-3.7606742,-1.6237609,6.2433543,3420,-5924,-272,205.2,-355.44,-16.32,0,0,0,0,0,0,0,0,0,0,0,1,D10A9408C5FCD4099404FAF3CFFAF613911D9408B6FC64093104DEF259F90413513094087CFCC3085D030CF2C8F8EE115C0DDCE8F0FE200000184048
2026-09-12T15:44:43.0861550+00:00,7945,143934225,Connected,-1,24,-948,2051,635,-4.5394063,9.821015,3.040636,-3689,-1699,4314,-4.507189,-2.0758238,5.2708087,3390,-5908,-261,203.4,-354.47998,-15.66,0,0,0,0,0,0,0,0,0,0,0,1,114394084CFC03087B0297F15DF9DA10D1559408A1FC6D070B0272F1AAFAE60FAA689408B6FD1307A80185F11FFC0D0F3E0DECE8FBFE200000184048
2026-09-12T15:44:43.1028173+00:00,7946,143948650,Connected,-1,24,-291,1758,378,-1.3934253,8.418014,1.8100165,-3664,-576,3670,-4.476644,-0.7037519,4.483975,3328,-5886,-222,199.68,-353.16,-13.32,0,0,0,0,0,0,0,0,0,0,0,1,6A7B9408DDFEDE067A01B0F1C0FD560E2A8E940890FF9A06680101F254FFBD0DEAA09408CFFF1A06BA0078F29E00220D000D02E922FF200000184048
2026-09-12T15:44:43.1194842+00:00,7947,143963050,Connected,-1,24,-31,1470,38,-0.14844051,7.038953,0.18195933,-3295,453,3175,-4.025803,0.55347157,3.879188,3291,-5878,-199,197.45999,-352.68,-11.94,0,0,0,0,0,0,0,0,0,0,0,1,AAB39408E1FFBE05260021F3C501670C83C69408D7FFB1051500D9F38103760B5CD99408CFFFA1057E0054F47D05650ADB0C0AE939FF200000184048
2026-09-12T15:44:43.1361603+00:00,7949,143991900,Connected,-1,24,422,1576,719,2.0207062,7.5465236,3.442862,-2544,1875,1859,-3.1082375,2.290859,2.2713103,3180,-5874,-109,190.8,-352.44,-6.54,0,0,0,0,0,0,0,0,0,0,0,1,5C249508A6012806CF0210F6530743071C379508C601710606044AF6AE060507DC499508BF01BB063B0559F6B805E4066C0C0EE993FF200000184048
2026-09-12T15:44:43.1528576+00:00,7950,144006300,Connected,-1,24,461,1764,1507,2.207454,8.446744,7.216124,-2500,1216,1730,-3.0544786,1.4856985,2.1136992,3144,-5882,-73,188.64,-352.91998,-4.38,0,0,0,0,0,0,0,0,0,0,0,1,9C5C9508CD01E406E3053CF6C004C206756F9508C801E3063D0611F6E303AA0635829508BF01BD065E06DBF534038106480C06E9B7FF200000184048
2026-09-12T15:44:43.1885460+00:00,7951,144020725,Connected,-1,24,428,1675,1664,2.0494366,8.020576,7.967903,-2659,702,1591,-3.2487435,0.8576976,1.9438703,3078,-5912,12,184.68,-354.72,0.71999997,0,0,0,0,0,0,0,0,0,0,0,1,F5949508AC018B0680069DF5BE023706B5A79508C2015206810665F55F02C60575BA95080002EC056A0645F5F4012305060CE8E80C00200000184048
2026-09-12T15:44:43.2028062+00:00,7952,144035150,Connected,-1,24,518,1407,1591,2.480393,6.7372837,7.61835,-2751,388,1099,-3.3611484,0.4740551,1.3427489,3048,-5934,58,182.87999,-356.03998,3.48,0,0,0,0,0,0,0,0,0,0,0,1,4ECD950806027F05370641F584014B040EE09508BD013C05FD056CF517012703CEF295088E011105BD05F0F58000C101E80BD2E83A00200000184048
2026-09-12T15:44:43.2195208+00:00,7954,144063975,Connected,-1,24,746,1515,1237,3.572149,7.2544312,5.923255,-1073,-330,-429,-1.3109822,-0.40319118,-0.5241485,2971,-6022,207,178.26,-361.31998,12.42,0,0,0,0,0,0,0,0,0,0,0,1,E73D9608EA02EB05D504CFFBB6FE53FEA75096081F0317066D04A8FD75FE4AFE6763960818038306ED0366FFCAFE68FE9B0B7AE8CF00200000184048
2026-09-12T15:44:43.2361440+00:00,7955,144078400,Connected,-1,24,838,1802,915,4.012682,8.628703,4.381389,222,-20,-343,0.2712377,-0.02443583,-0.41907448,2936,-6091,299,176.16,-365.46,17.94,0,0,0,0,0,0,0,0,0,0,0,1,4076960846030A079303DE00ECFFA9FE0089960846037307D803E401240200FFC09B9608C302190808048002DA0442FF780B35E82B01200000184048
2026-09-12T15:44:43.2528229+00:00,7956,144092800,Connected,-1,24,492,2245,1077,2.3558946,10.749966,5.1571107,729,1946,-166,0.890686,2.3776062,-0.20281738,2926,-6121,339,175.56,-367.25998,20.34,0,0,0,0,0,0,0,0,0,0,0,1,80AE9608EC01C5083504D9029A075AFF59C196087D012109C0040103B20A1EFF19D496084501A608DD05F402830D97FE6E0B17E85301200000184048
2026-09-12T15:44:43.2695992+00:00,7957,144107225,Connected,-1,24,223,2017,1796,1.067814,9.65821,8.599973,677,4105,-542,0.82715285,5.0154543,-0.662211,2926,-6172,410,175.56,-370.31998,24.6,0,0,0,0,0,0,0,0,0,0,0,1,D9E69608DF00E1070407A5020910E2FD99F996083E00410755080B028812E7FC590C970873FFEA06F0083D0190149EFB6E0BE4E79A01200000184048
2026-09-12T15:44:43.2861706+00:00,7959,144136050,Connected,-1,24,51,1191,2277,0.24420857,5.7029886,10.903194,-151,4683,-2121,-0.18449052,5.7216496,-2.5914197,2959,-6208,463,177.54,-372.47998,27.779999,0,0,0,0,0,0,0,0,0,0,0,1,725797083300A704E50869FF4B12B7F7326A9708CD022F04CD0702001F1062F80B7D97086004DB03A60603019F0D4AFA8F0BC0E7CF01200000184048
2026-09-12T15:44:43.3028251+00:00,7960,144150475,Connected,-1,24,1162,939,1537,5.5641246,4.4963107,7.359776,553,2895,-748,0.6756507,3.5370865,-0.9139,3013,-6233,494,180.78,-373.97998,29.64,0,0,0,0,0,0,0,0,0,0,0,1,CB8F97088A04AB03010629024F0B14FD8BA29708F602540413063103E1081D004BB59708D000E7053706D603EE066B02C50BA7E7EE01200000184048
2026-09-12T15:44:43.3195401+00:00,7961,144164875,Connected,-1,24,-39,1700,1673,-0.18674773,8.1402855,8.010999,990,1675,891,1.2095736,2.0465007,1.0886163,3043,-6239,501,182.58,-374.34,30.06,0,0,0,0,0,0,0,0,0,0,0,1,0BC89708D9FFA4068906DE038B067B03E4DA97081DFFC306090766031907C403A4ED97089EFE54061507B0028807B603E30BA1E7F501200000184048
2026-09-12T15:44:43.3361416+00:00,7962,144179300,Connected,-1,24,-368,1515,1700,-1.7621324,7.2544312,8.1402855,525,1923,915,0.6414405,2.349505,1.1179392,3105,-6239,502,186.3,-374.34,30.119999,0,0,0,0,0,0,0,0,0,0,0,1,6400980890FEEB05A4060D0283079303241398086DFE0A0655068D01A7075D03E4259808C2FE5A0584062301F3070003210CA1E7F601200000184048
2026-09-12T15:44:43.3529799+00:00,7963,144193725,Connected,-1,24,-387,1132,1722,-1.8531121,5.4204726,8.24563,233,1984,706,0.28467742,2.4240344,0.86258477,3138,-6230,497,188.28,-373.8,29.82,0,0,0,0,0,0,0,0,0,0,0,1,BD3898087DFE6C04BA06E900C007C2027D4B98083EFEBA03DC06F700DC069D023D5E9808DAFD9903E60646016305A102420CAAE7F101200000184048
2026-09-12T15:44:43.3696303+00:00,7965,144222550,Connected,-1,24,-949,1050,1959,-4.5441947,5.0278234,9.380483,577,-107,260,0.7049737,-0.13073169,0.3176658,3235,-6186,453,194.09999,-371.16,27.18,0,0,0,0,0,0,0,0,0,0,0,1,56A998084BFC1A04A707410295FF040116BC980858FCC103C207570285FE4F00D6CE98086CFC9C03AF075B0256FD98FFA30CD6E7C501200000184048
2026-09-12T15:44:43.4029538+00:00,7966,144236975,Connected,-1,24,-755,1010,1806,-3.6152446,4.8362875,8.647857,596,-991,-274,0.72818774,-1.2107954,-0.33477086,3297,-6149,416,197.81999,-368.94,24.96,0,0,0,0,0,0,0,0,0,0,0,1,AFE198080DFDF2030E07540221FCEEFE6FF4980843FEE1041D064F0279FB4FFE2F079908D6FE6D05B4053402CDFBABFDE10CFBE7A001200000184048
2026-09-12T15:44:43.4362690+00:00,7969,144280200,Connected,-1,24,-36,1894,1419,-0.17238252,9.069236,6.7947445,896,-1048,-552,1.0947251,-1.2804375,-0.6744289,3381,-6093,330,202.86,-365.58,19.8,0,0,0,0,0,0,0,0,0,0,0,1,888A9908DCFF66078B058003E8FBD8FD619D990868FF5A07AF054F03FDFB67FE21B09908D6FEDC06C1051A03D3FBEDFE350D33E84A01200000184048
2026-09-12T15:44:43.4529761+00:00,7970,144294625,Connected,-1,24,-400,1605,1426,-1.9153614,7.6853876,6.8282633,750,-1143,-182,0.9163436,-1.3965076,-0.22236605,3387,-6082,310,203.22,-364.91998,18.6,0,0,0,0,0,0,0,0,0,0,0,1,E1C2990870FE45069205EE0289FB4AFFA1D599081AFEC4054D05DB0249FB69FF61E8990812FE7805FD04E4022AFB46FF3B0D3EE83601200000184048
2026-09-12T15:44:43.4696388+00:00,7971,144309050,Connected,-1,24,-461,1348,1236,-2.207454,6.4547677,5.9184666,773,-1230,-261,0.94444484,-1.5028036,-0.3188876,3382,-6060,275,202.92,-363.6,16.5,0,0,0,0,0,0,0,0,0,0,0,1,3AFB990833FE4405D404050332FBFBFEFA0D9A083DFE2105D204430327FBA0FEBA209A0825FE0105C504A803EBFA3EFE360D54E81301200000184048
2026-09-12T15:44:43.4863779+00:00,7972,144323450,Connected,-1,24,-454,1316,1217,-2.1739352,6.301539,5.827487,1064,-1374,-562,1.2999861,-1.6787415,-0.6866468,3378,-6051,258,202.68,-363.06,15.48,0,0,0,0,0,0,0,0,0,0,0,1,7A339A083AFE2405C1042804A2FACEFD3A469A0886FEAF05C70487049DFA52FD13599A08ACFE8B06EC04A804FDFAE2FC320D5DE80201200000184048
2026-09-12T15:44:43.5029912+00:00,7973,144337875,Connected,-1,24,-229,1817,1171,-1.0965444,8.700529,5.60722,1185,-1128,-873,1.4478229,-1.3781809,-1.0666239,3363,-6039,228,201.78,-362.34,13.679999,0,0,0,0,0,0,0,0,0,0,0,1,D36B9A081BFF19079304A10498FB97FC937E9A086EFF730733038A047BFC93FC53919A08ECFFAA0780025604ECFDC5FC230D69E8E400200000184048
2026-09-12T15:44:43.5196535+00:00,7974,144352275,Connected,-1,24,54,1910,667,0.25857377,9.14585,3.193865,1035,-133,-725,1.2645541,-0.16249827,-0.8857988,3357,-6033,212,201.42,-361.97998,12.719999,0,0,0,0,0,0,1,0,0,0,0,0,13A49A08360076079B020B047BFF2BFDECB69A082C0028079E02F903DA009CFDACC99A0880FFCC06EE035404B501FBFD1D0D6FE8D400200000180248
2026-09-12T15:44:43.5362886+00:00,7976,144381125,Connected,-1,24,-97,1882,1120,-0.46447513,9.011775,5.363012,783,512,-355,0.9566627,0.62555724,-0.43373597,3334,-6023,169,200.04,-361.38,10.139999,0,0,0,0,0,0,1,0,0,0,0,0,C5149B089FFF5A0760040F0300029DFE85279B089EFF47072E046902BE01CFFE453A9B0898FF4007DB03F0016F012EFF060D79E8A900200000180248
2026-09-12T15:44:43.5529491+00:00,7977,144395525,Connected,-1,24,-144,1841,974,-0.6895301,8.815451,4.663905,448,303,-106,0.54736257,0.3702028,-0.1295099,3325,-6016,137,199.5,-360.96,8.22,0,0,0,0,0,0,1,0,0,0,0,0,054D9B0870FF3107CE03C0012F0196FFDE5F9B0825FF00071B04A601F500FAFF9E729B08D8FEA20650047D019A004F00FD0C80E88900200000180248
2026-09-12T15:44:43.5696343+00:00,7978,144409950,Connected,-1,24,-331,1652,1092,-1.5849615,7.9104424,5.2289367,333,68,126,0.40685657,0.08308182,0.15394573,3322,-6012,125,199.31999,-360.72,7.5,0,0,0,0,0,0,1,0,0,0,0,0,5E859B08B5FE740644044D0144007E001E989B08A4FE7B061A04290113008E0036AD9B0894FEAA06F4031B01FEFF9300FA0C84E87D00200000180248
2026-09-12T15:44:43.5862756+00:00,7979,144424375,Connected,-1,24,-362,1725,1007,-1.733402,8.259995,4.8219223,280,-4,155,0.3421016,-0.004887166,0.18937768,3316,-6001,99,198.95999,-360.06,5.94,0,0,0,0,0,0,1,0,0,0,0,0,B7BD9B0896FEBD06EF031801FCFF9B0077D09B08B4FEC706F6031E010100B2009BE39B08E0FEF506E60338010F00D500F40C8FE86300200000180248
2026-09-12T15:44:43.6029690+00:00,7981,144453200,Connected,-1,24,-228,1877,996,-1.091756,8.987833,4.76925,544,113,450,0.66465455,0.13806243,0.5498062,3312,-5991,72,198.72,-359.46,4.3199997,0,0,0,0,0,0,1,0,0,0,0,0,502E9C081CFF5507E40320027100C20110419C0826FF3807E50334028700E601D0539C086BFFE40696033D02CF00FA01F00C99E84800200000180248
2026-09-12T15:44:43.6196239+00:00,7982,144467625,Connected,-1,24,-190,1761,939,-0.90979666,8.432379,4.4963107,615,368,536,0.7514018,0.44961926,0.6548802,3310,-5980,47,198.59999,-358.8,2.82,0,0,0,0,0,0,0,0,0,0,0,0,A9669C0842FFE106AB0367027001180269799C0812FFBD06CF038D0297013A02298C9C080FFFA306DF039A026D014202EE0CA4E82F00200000180048
2026-09-12T15:44:43.6362629+00:00,7983,144482025,Connected,-1,24,-272,1808,1028,-1.3024458,8.6574335,4.9224787,635,362,547,0.7758376,0.44228852,0.66831994,3310,-5972,35,198.59999,-358.31998,2.1,0,0,0,0,0,0,0,0,0,0,0,1,E99E9C08F0FE100704047B026A012302A9B19C08B2FD8A071705FF01A001C00182C49C08A5FE8306650488013102FC00EE0CACE82300200000184048
2026-09-12T15:44:43.6529226+00:00,7984,144496450,Connected,-1,24,-423,1409,1108,-2.0254946,6.7468605,5.305551,307,640,124,0.37508997,0.78194654,0.15150215,3312,-5956,14,198.72,-357.36,0.84,0,0,0,0,0,0,0,0,0,0,0,1,42D79C0859FE81055404330180027C0002EA9C08B8FEF9045604EE00F0011E00C2FC9C08BDFEB0049704B400A7000A00F00CBCE80E00200000184048
2026-09-12T15:44:43.6695927+00:00,7985,144510875,Connected,-1,24,-554,1018,1280,-2.6527755,4.8745947,6.129156,163,-448,100,0.19915201,-0.54736257,0.12217915,3311,-5951,4,198.65999,-357.06,0.24,0,0,0,0,0,0,0,0,0,0,0,1,9B0F9D08D6FDFA030005A30040FE64005B229D08FEFE2C05C503C000E4FBB0001B359D0893FFF506AF03930037FC5E00EF0CC1E80400200000184048
2026-09-12T15:44:43.6862656+00:00,7986,144525275,Connected,-1,24,-271,2067,1064,-1.2976574,9.89763,5.094861,23,-666,-18,0.028101204,-0.81371313,-0.021992248,3309,-5939,-12,198.54,-356.34,-0.71999997,0,0,0,0,0,0,0,0,0,0,0,1,DB479D08F1FE13082804170066FDEEFF9B5A9D08C0FE7A080E0495FFC5FDD4FF5B6D9D08BCFE0E08D70347FFFAFDF5FFED0CCDE8F4FF200000184048
2026-09-12T15:44:43.7029516+00:00,7987,144539700,Connected,-1,24,-311,1890,847,-1.4891934,9.050082,4.0557775,-197,-398,9,-0.24069293,-0.48627302,0.010996124,3307,-5936,-17,198.42,-356.16,-1.02,0,0,0,0,0,0,0,0,0,0,0,1,34809D08C9FE62074F033BFF72FE0900F4929D0809FFFE06BF0282FF28FFF5FFB4A59D083AFF11077502E6FF0300E3FFEB0CD0E8EFFF200000184048
2026-09-12T15:44:43.7195907+00:00,7989,144568850,Connected,-1,24,-267,1662,760,-1.2785037,7.9583263,3.6391866,91,1177,-140,0.111183025,1.4380486,-0.1710508,3301,-5924,-27,198.06,-355.44,-1.62,0,0,0,0,0,0,0,0,0,0,0,1,12F29D08F5FE7E06F8025B00990474FF8D039E08D1FE8D066A026700890576FF4D169E0801FE40067F035100810769FFE50CDCE8E5FF200000184048
2026-09-12T15:44:43.7529687+00:00,7990,144582925,Connected,-1,24,-526,1491,1353,-2.5187001,7.1395097,6.4787097,21,2032,-280,0.025657622,2.4826803,-0.3421016,3301,-5921,-32,198.06,-355.25998,-1.92,0,0,0,0,0,0,1,0,0,0,0,0,0D299E08F2FDD30549051500F007E8FEE63B9E0868FD4E06AF06B1FF200727FEA64E9E08CBFD6B0669064EFF1F05A2FDE50CDFE8E0FF200000180248
2026-09-12T15:44:43.7698312+00:00,7992,144611775,Connected,-1,24,-189,2018,922,-0.90500826,9.662998,4.414908,-629,334,-134,-0.7685068,0.40807837,-0.16372006,3306,-5912,-43,198.36,-354.72,-2.58,0,0,0,0,0,0,1,0,0,0,0,0,BF999E0843FFE2079A038BFD4E017AFF7FAC9E08B5FE3E07E0046EFDF501BFFF3FBF9E087DFE0E07360571FDDB00EBFFEA0CE8E8D5FF200000180248
2026-09-12T15:44:43.7863425+00:00,7993,144626175,Connected,-1,24,-278,1925,1099,-1.3311762,9.217676,5.2624555,-627,-189,44,-0.7660633,-0.23091859,0.053758826,3314,-5909,-43,198.84,-354.53998,-2.58,0,0,0,0,0,0,1,0,0,0,0,0,FFD19E08EAFE85074B048DFD43FF2C00D8E49E085BFFA6077B04BFFDF0FE560098F79E086DFFA5077A0402FEECFE7700F20CEBE8D5FF200000180248
2026-09-12T15:44:43.8029177+00:00,7994,144640600,Connected,-1,24,-157,1996,1137,-0.7517793,9.557653,5.4444146,-423,-312,177,-0.5168178,-0.38119894,0.2162571,3316,-5911,-41,198.95999,-354.66,-2.46,0,0,0,0,0,0,1,0,0,0,0,0,580A9F0863FFCC07710459FEC8FEB100181D9F0836FFCF079804A2FEB9FEEC00D82F9F0820FF9B07B104D0FECEFE0C01F40CE9E8D7FF200000180248
2026-09-12T15:44:43.8195928+00:00,7995,144655025,Connected,-1,24,-233,1895,1228,-1.115698,9.074024,5.8801594,-262,-286,287,-0.32010937,-0.34943238,0.35065416,3323,-5914,-39,199.37999,-354.84,-2.34,0,0,0,0,0,0,1,0,0,0,0,0,B1429F0817FF6707CC04FAFEE2FE1F0171559F082BFF2F07D6042DFFDEFE380131689F081EFFFE06D2045FFFD0FE5501FB0CE6E8D9FF200000180248
2026-09-12T15:44:43.8362556+00:00,7997,144683850,Connected,-1,24,-19,1895,716,-0.090979666,9.074024,3.4284968,-91,-540,423,-0.111183025,-0.6597674,0.5168178,3329,-5919,-30,199.73999,-355.13998,-1.8,0,0,0,0,0,0,0,0,0,0,0,1,4AB39F08EDFF6707CC02A5FFE4FDA7010AC69F083CFE3306E90627FF4AFEB101E3D89F086BFF5B064C0416FFF1FC0202010DE1E8E2FF200000184048
2026-09-12T15:44:43.8529195+00:00,7998,144698275,Connected,-1,24,-206,1621,1204,-0.9864111,7.762002,5.765238,-251,-695,559,-0.30666965,-0.8491451,0.68298143,3331,-5918,-27,199.86,-355.08,-1.62,0,0,0,0,0,0,0,0,0,0,0,1,A3EB9F0832FF5506B40405FF49FD2F0263FE9F0812FFB6061F05F6FE05FD6E022311A00804FF2B078205BBFE11FCA502030DE2E8E5FF200000184048
2026-09-12T15:44:43.8696100+00:00,7999,144712700,Connected,-1,24,-252,1916,1473,-1.2066777,9.174581,7.053318,-442,-1286,714,-0.54003185,-1.5712239,0.8723591,3332,-5922,-18,199.92,-355.31998,-1.0799999,0,0,0,0,0,0,0,0,0,0,0,1,FC23A00804FF7C07C10546FEFAFACA02EE36A00887018907A003A6FDA5FAAC027C49A00825022407C902C3FC5EFDE501040DDEE8EEFF200000184048
2026-09-12T15:44:43.8862586+00:00,8000,144727100,Connected,-1,24,381,1639,772,1.8243817,7.848193,3.6966474,-1007,120,323,-1.230344,0.14661498,0.39463866,3332,-5925,-13,199.92,-355.5,-0.78,0,0,0,0,0,0,0,0,0,0,0,1,3C5CA0087D016706040311FC78004301FC6EA00865003F06C903EDFB4402ED00BC81A00863FF8106870408FCA702C600040DDBE8F3FF200000184048
2026-09-12T15:44:43.9029176+00:00,8001,144741525,Connected,-1,24,-288,1728,1274,-1.3790601,8.274361,6.1004257,-1026,557,203,-1.253558,0.6805379,0.24802367,3330,-5928,-5,199.8,-355.68,-0.29999998,0,0,0,0,0,0,0,0,0,0,0,1,9594A008E0FEC006FA04FEFB2D02CB0055A7A008EBFEE6064005AFFBBA01E30015BAA008F9FEF8069B0531FB8E01FD00020DD8E8FBFF200000184048
2026-09-12T15:44:43.9196003+00:00,8003,144770350,Connected,-1,24,-447,1578,1441,-2.1404164,7.5561004,6.9000893,-1365,312,281,-1.6677454,0.38119894,0.3433234,3316,-5944,23,198.95999,-356.63998,1.38,0,0,0,0,0,0,0,0,0,0,0,1,2E05A10841FE2A06A105ABFA38011901EE17A108C1FD1A06C50521FBB4000201AE2AA1088AFD1506DA05ACFB0300DF00F40CC8E81700200000184048
2026-09-12T15:44:43.9362668+00:00,8004,144784750,Connected,-1,24,-623,1580,1495,-2.9831753,7.565677,7.1586633,-970,-184,187,-1.1851377,-0.22480963,0.228475,3308,-5957,45,198.48,-357.41998,2.7,0,0,0,0,0,0,0,0,0,0,0,1,6E3DA10891FD2C06D70536FC48FFBB004750A108E0FD4206C405B1FC9FFE96000763A1084BFE5E06910518FD24FE7C00EC0CBBE82D00200000184048
2026-09-12T15:44:43.9529230+00:00,8005,144799175,Connected,-1,24,-359,1634,1362,-1.7190368,7.824251,6.5218053,-647,-545,118,-0.7904991,-0.6658764,0.1441714,3302,-5963,56,198.12,-357.78,3.36,0,0,0,0,0,0,0,0,0,0,0,1,C775A10899FE6206520579FDDFFD76008788A1088AFE5F064D05DEFDC1FD8300479BA1084CFE5C06790557FE7AFD9300E60CB5E83800200000184048
2026-09-12T15:44:43.9862611+00:00,8006,144813600,Connected,-1,24,-434,1595,1388,-2.078167,7.6375036,6.646304,-284,-792,148,-0.3469888,-0.9676589,0.18082514,3288,-5979,78,197.28,-358.74,4.68,0,0,0,0,0,0,0,0,0,0,0,1,20AEA1084EFE3B066C05E4FEE8FC9400E0C0A108AAFE27063A0568FF65FC8800A0D3A108C0FE4C060805D7FF1EFC7A00D80CA5E84E00200000184048
2026-09-12T15:44:44.0029366+00:00,8008,144842425,Connected,-1,24,-4,1806,1184,-0.019153614,8.647857,5.66947,-84,-963,247,-0.10263049,-1.1765852,0.3017825,3269,-6001,108,196.14,-360.06,6.48,0,0,0,0,0,0,0,0,0,0,0,1,B91EA208FCFF0E07A004ACFF3DFCF7007931A208FDFFC806720454FFF7FC1C013944A208DAFF7906850411FF92FD4C01C50C8FE86C00200000184048
2026-09-12T15:44:44.0197469+00:00,8009,144857150,Connected,-1,24,-119,1601,1259,-0.56982,7.666234,6.0285997,-288,-552,371,-0.35187596,-0.6744289,0.45328465,3263,-6009,118,195.78,-360.53998,7.08,0,0,0,0,0,0,0,0,0,0,0,1,3E58A20889FF4106EB04E0FED8FD7301B969A2082EFF4B066805A5FEBDFD7901927CA20870FEB0064A063DFEDEFC3D01BF0C87E87600200000184048
2026-09-12T15:44:44.0364396+00:00,8010,144871850,Connected,-1,24,-279,1474,1552,-1.3359646,7.0581064,7.431602,-597,-1196,152,-0.7294095,-1.4612626,0.18571231,3247,-6023,138,194.81999,-361.38,8.28,0,0,0,0,0,0,0,1,0,0,0,0,AA91A208E9FEC2051006ABFD54FB980012A2A2089FFF1F05E6054CFDC7FADDFFD2B4A20801FF590519061BFD4BFA5DFFAF0C79E88A00200000180448
2026-09-12T15:44:44.0530152+00:00,8011,144885675,Connected,-1,24,-235,1598,1685,-1.1252748,7.651869,8.0684595,-782,-1804,-233,-0.95544094,-2.2041118,-0.28467742,3241,-6032,147,194.45999,-361.91998,8.82,0,0,0,0,0,0,0,1,0,0,0,0,ABC7A20815FF3E069506F2FCF4F817FF6BDAA208A9FF6F065B068FFCECF7C3FE2BEDA208210084061C0641FC64F78CFEA90C70E89300200000180448
2026-09-12T15:44:44.0697124+00:00,8012,144900075,Connected,-1,24,106,1633,1483,0.50757074,7.819463,7.101202,-987,-2268,-377,-1.2059082,-2.771023,-0.4606154,3233,-6041,159,193.98,-362.46,9.54,0,0,0,0,0,0,0,1,0,0,0,0,EBFFA2086A006106CB0525FC24F787FEAB12A308930038066D055DFC52F7AAFE8425A308770003062405F6FCD0F7EAFEA10C67E89F00200000180448
2026-09-12T15:44:44.0863544+00:00,8014,144928900,Connected,-1,24,-36,1851,1501,-0.17238252,8.863335,7.1873937,-371,-1502,-20,-0.45328465,-1.8351308,-0.02443583,3200,-6066,189,192,-363.96,11.34,0,0,0,0,0,0,0,1,0,0,0,0,8470A308DCFF3B07DD058DFE22FAECFF5D83A30813003A07B9055FFEB6FA17001D96A3088400ED0651053AFE96FB5300800C4EE8BD00200000180448
2026-09-12T15:44:44.1030382+00:00,8015,144943325,Connected,-1,24,205,1649,1237,0.9816227,7.896077,5.923255,-440,-897,172,-0.53758824,-1.095947,0.21014814,3174,-6083,203,190.44,-364.97998,12.179999,0,0,0,0,0,0,0,1,0,0,0,0,DDA8A308CD007106D50448FE7FFCAC009DBBA3082601F3056D048AFEA1FD070176CEA3083E01CA05A604E6FE15FF6801660C3DE8CB00200000180448
2026-09-12T15:44:44.1196948+00:00,8016,144957750,Connected,-1,24,283,1563,1372,1.3551182,7.4842744,6.5696893,-192,30,453,-0.23458397,0.036653746,0.55347157,3161,-6089,210,189.65999,-365.34,12.599999,0,0,0,0,0,0,0,1,0,0,0,0,36E1A3081B011B065C0540FF1E00C501F6F3A308EE0075060F0682FF57000F02B606A408FF006906580692FF36003602590C37E8D200200000180448
2026-09-12T15:44:44.1363567+00:00,8017,144972150,Connected,-1,24,310,1632,1647,1.484405,7.8146744,7.8865004,-118,27,581,-0.1441714,0.03298837,0.70986086,3138,-6100,224,188.28,-366,13.44,0,0,0,0,0,0,0,1,0,0,0,0,7619A408360160066F068AFF1B0045024F2CA408BA00D006520784FFDFFF46020F3FA4089701FA057F065FFF14FF0002420C2CE8E000200000180448
2026-09-12T15:44:44.1530261+00:00,8019,145001000,Connected,-1,24,322,1510,1450,1.541866,7.2304893,6.943185,218,96,527,0.26635054,0.11729199,0.6438841,3105,-6119,244,186.3,-367.13998,14.639999,0,0,0,0,0,0,0,1,0,0,0,0,288AA4084201E605AA05DA0060000F02E89CA408D800E00581050C01DF00E201A8AFA4080E017B056A0534016B01A501210C19E8F400200000180448
2026-09-12T15:44:44.1696959+00:00,8020,145015575,Connected,-1,24,306,1271,1292,1.4652514,6.0860605,6.1866174,345,475,400,0.42151806,0.58035094,0.4887166,3096,-6124,250,185.76,-367.44,15,0,0,0,0,0,0,0,0,0,0,0,0,17C3A4083201F7040C055901DB01900128D5A408CD00D104FB0485012E02910101E8A408350029053B05A00169026B01180C14E8FA00200000180048
2026-09-12T15:44:44.1863669+00:00,8021,145029825,Connected,-1,24,2,1372,1251,0.009576807,6.5696893,5.9902925,374,526,246,0.45695,0.64266235,0.3005607,3090,-6128,253,185.4,-367.68,15.179999,0,0,0,0,0,0,0,0,0,0,0,1,C1FAA40802005C05E30476010E02F600810DA508FDFFA90388053201FA025E004120A5088D0050048A05140128030700120C10E8FD00200000184048
2026-09-12T15:44:44.2030549+00:00,8022,145044250,Connected,-1,24,133,1218,1490,0.6368576,5.8322754,7.1347213,249,630,-31,0.30422607,0.76972866,-0.037875537,3075,-6132,256,184.5,-367.91998,15.36,0,0,0,0,0,0,0,0,0,0,0,1,1A33A5088500C204D205F9007602E1FFDA45A50831001A052906CD00FF01CDFF9A58A5081B003105570688008501B7FF030C0CE80001200000184048
2026-09-12T15:44:44.2197136+00:00,8023,145058650,Connected,-1,24,26,1317,1609,0.12449849,6.3063273,7.704541,70,259,-93,0.0855254,0.316444,-0.11362661,3070,-6133,255,184.2,-367.97998,15.299999,0,0,0,0,0,0,0,0,0,0,0,1,5A6BA5081A002505490646000301A3FF1A7EA5080B00220534062700730093FFF390A508FFFF420530062A00C9FF7DFFFE0B0BE8FF00200000184048
2026-09-12T15:44:44.2363784+00:00,8024,145073075,Connected,-1,24,34,1411,1566,0.16280572,6.7564373,7.4986396,66,-246,-152,0.08063824,-0.3005607,-0.18571231,3065,-6133,250,183.9,-367.97998,15,0,0,0,0,0,0,0,0,0,0,0,1,B3A3A508220083051E0642000AFF68FF73B6A508EBFFEC0542065D0045FE63FF33C9A508ECFF97062106790036FD74FFF90B0BE8FA00200000184048
2026-09-12T15:44:44.2530803+00:00,8025,145087500,Connected,-1,24,138,1736,1428,0.6607997,8.312668,6.83784,104,-901,-118,0.12706631,-1.1008341,-0.1441714,3065,-6132,250,183.9,-367.91998,15,0,0,0,0,0,0,0,0,0,0,0,1,0CDCA5088A00C806940568007BFC8AFFCCEEA508ED008106EC042900CAFCA1FF8C01A608CD0060068E040F008CFDB1FFF90B0CE8FA00200000184048
2026-09-12T15:44:44.2697762+00:00,8026,145101900,Connected,-1,24,172,1559,1101,0.82360536,7.465121,5.2720323,53,-495,-74,0.06475495,-0.6047868,-0.09041257,3061,-6128,245,183.65999,-367.68,14.7,0,0,0,0,0,0,0,1,0,0,0,0,4C14A608AC0017064D04350011FEB6FF0C27A60888000C066C047D005BFEC2FFE539A60846006506BD04E800ABFEE0FFF50B10E8F500200000180448
2026-09-12T15:44:44.2863743+00:00,8027,145116325,Connected,-1,24,209,1720,1248,1.0007763,8.236053,5.9759274,190,-391,-13,0.23214038,-0.47772047,-0.01588329,3060,-6127,242,183.59999,-367.62,14.5199995,0,0,0,0,0,0,0,1,0,0,0,0,A54CA608D100B806E004BE0079FEF3FF655FA608FEFF2F07B605290043FFFCFF2572A608CB00200633059CFF12FFDFFFF40B11E8F200200000180448
2026-09-12T15:44:44.3197250+00:00,8030,145159725,Connected,-1,24,234,1556,1520,1.1204864,7.4507556,7.2783732,-277,206,252,-0.33843625,0.25168905,0.30789146,3061,-6118,228,183.65999,-367.08,13.679999,0,0,0,0,0,0,0,1,0,0,0,0,2DF6A608EA001406F005EBFECE00FC008908A70819012806FF05BDFE8C000901171BA708500152060D06A7FE35002401F50B1AE8E400200000180448
2026-09-12T15:44:44.3363443+00:00,8031,145173975,Connected,-1,24,384,1657,1562,1.8387469,7.9343843,7.479486,-364,-26,332,-0.4447321,-0.03176658,0.40563476,3060,-6118,226,183.59999,-367.08,13.559999,0,0,0,0,0,0,0,1,0,0,0,0,D72DA708800179061A0694FEE6FF4C01B040A70884016E0628067FFEB3FF79017053A7084E014706270668FE92FF9D01F40B1AE8E200200000180448
2026-09-12T15:44:44.3530176+00:00,8032,145188400,Connected,-1,24,277,1579,1568,1.3263878,7.560889,7.5082164,-418,-128,427,-0.51070887,-0.15638931,0.521705,3058,-6118,226,183.48,-367.08,13.559999,0,0,0,0,0,0,0,1,0,0,0,0,3066A70815012B0620065EFE80FFAB01F078A70814013206090665FE71FFAD01B08BA7082D014406D3056AFE78FFBB01F20B1AE8E200200000180448
2026-09-12T15:44:44.3696824+00:00,8033,145202825,Connected,-1,24,269,1584,1434,1.2880806,7.5848308,6.8665705,-409,-113,478,-0.4997127,-0.13806243,0.5840163,3053,-6122,228,183.18,-367.31998,13.679999,0,0,0,0,0,0,0,0,0,0,0,0,899EA7080D0130069A0567FE8FFFDE0149B1A70828012B0693054FFEBEFF130209C4A7081A0116067B0523FEEBFF5702ED0B16E8E400200000180048
2026-09-12T15:44:44.3863498+00:00,8035,145231650,Connected,-1,24,336,1360,1399,1.6089035,6.5122285,6.6989765,-831,159,702,-1.0153087,0.19426484,0.8576976,3043,-6130,237,182.58,-367.8,14.219999,0,0,0,0,0,0,0,0,0,0,0,1,220FA808500150057705C1FC9F00BE02E221A808AA022E04650465FCFC00ED02A234A8087E02BD049D045DFC2A026E03E30B0EE8ED00200000184048
2026-09-12T15:44:44.4030579+00:00,8036,145246075,Connected,-1,24,490,1352,1395,2.3463178,6.4739213,6.679823,-962,723,983,-1.1753634,0.88335526,1.2010211,3039,-6134,242,182.34,-368.03998,14.5199995,0,0,0,0,0,0,0,0,0,0,0,1,7B47A808EA01480573053EFCD302D7033B5AA8084A0152050D06E0FBD102F303FB6CA8080E01CE047D0650FB8002CC03DF0B0AE8F200200000184048
2026-09-12T15:44:44.4197093+00:00,8037,145260475,Connected,-1,24,250,1168,1670,1.1971009,5.592855,7.9966335,-1394,556,919,-1.7031773,0.67931604,1.1228263,3034,-6147,258,182.04,-368.81998,15.48,0,0,0,0,0,0,0,0,0,0,0,1,BB7FA808FA00900486068EFA2C0297039492A8084E01FD0479069CF94B026A0354A5A808FE00C1064E0774F884025603DA0BFDE70201200000184048
2026-09-12T15:44:44.4363975+00:00,8038,145274900,Connected,-1,24,201,1748,1908,0.9624691,8.37013,9.136273,-2323,480,853,-2.8382215,0.58645993,1.0421882,3032,-6158,268,181.92,-369.47998,16.08,0,0,0,0,0,0,0,0,0,0,0,1,14B8A808C900D4067407EDF6E0015503D4CAA80898009C06230758F53900600394DDA808290123061E06D2F32BFE3603D80BF2E70C01200000184048
2026-09-12T15:44:44.4530404+00:00,8039,145289325,Connected,-1,24,504,1326,1345,2.4133554,6.349423,6.4404025,-3402,-553,764,-4.1565347,-0.6756507,0.9334487,3021,-6192,297,181.26,-371.52,17.82,0,0,0,0,0,0,0,0,0,0,0,1,6DF0A808F8012E054105B6F2D7FDFC022D03A908F800C304BE051DF252FFD702ED15A9082E005D030F06BCF167006A02CD0BD0E72901200000184048
2026-09-12T15:44:44.4697077+00:00,8040,145303725,Connected,-1,24,-55,826,1404,-0.2633622,3.9552212,6.7229185,-3646,232,443,-4.454652,0.28345564,0.5412536,3021,-6192,297,181.26,-371.52,17.82,0,0,0,0,0,0,0,0,0,0,0,1,AD28A908C9FF3A037C05C2F1E800BB01863BA908A8FFAE03E50539F246012301464EA908F4FF4004F006C8F23301E000CD0BD0E72901200000184048
2026-09-12T15:44:44.4863719+00:00,8042,145332575,Connected,-1,24,150,1147,1905,0.7182605,5.4922986,9.121908,-2971,-443,503,-3.6299424,-0.5412536,0.61456114,3021,-6192,297,181.26,-371.52,17.82,0,0,0,0,0,0,0,0,0,0,0,1,5F99A90896007B04710765F445FEF7011FACA908850030047A07AFF404FE1702DFBEA9081F00B2033A07E6F4DDFD1202CD0BD0E72901200000184048
2026-09-12T15:44:44.5030868+00:00,8043,145346975,Connected,-1,24,-68,858,1806,-0.32561144,4.10845,8.647857,-2790,-614,487,-3.4087982,-0.75017995,0.5950125,3014,-6228,323,180.84,-373.68,19.38,0,0,0,0,0,0,0,0,0,0,0,1,9FD1A908BCFF5A030E071AF59AFDE70178E4A9087CFF26032D073BF5EAFCBA0138F7A90855FF110344072DF5D1FBA501C60BACE74301200000184048
2026-09-12T15:44:44.5363778+00:00,8044,145361400,Connected,-1,24,-235,767,1894,-1.1252748,3.6727054,9.069236,-2832,-1414,435,-3.4601135,-1.7276132,0.5314793,3000,-6310,378,180,-378.6,22.68,0,0,0,0,0,0,0,0,0,0,0,1,F809AA0815FFFF026607F0F47AFAB301B81CAA08A0FE6802750684F4D1F7FB01912FAA089BFE5D02010609F4E4F35B02B80B5AE77A01200000184048
2026-09-12T15:44:44.5530803+00:00,8046,145390225,Connected,-1,24,788,714,1139,3.7732618,3.41892,5.4539914,-3888,-2736,320,-4.750325,-3.3428216,0.39097327,2950,-6475,473,177,-388.5,28.38,0,0,0,0,0,0,0,0,0,0,0,1,917AAA081403CA027304D0F050F540016A8DAA08C603E6013603C3F094F757012AA0AA08A7030001F90278F14EFAAA01860BB5E6D901200000184048
2026-09-12T15:44:44.5698063+00:00,8047,145404650,Connected,-1,24,894,131,792,4.280833,0.62728083,3.7924154,-3409,-739,500,-4.165087,-0.9029039,0.61089575,2930,-6543,510,175.8,-392.58,30.599998,0,0,0,0,0,0,0,0,0,0,0,1,EAB2AA087E0383001803AFF21DFDF401AAC5AA08C3031A009F0332F4ABFFF8016AD8AA08E803CDFFCB04B7F5FD01C901720B71E6FE01200000184048
2026-09-12T15:44:44.5864145+00:00,8048,145419075,Connected,-1,24,925,-75,1608,4.429273,-0.35913026,7.699753,-2302,1046,400,-2.812564,1.2779939,0.4887166,2887,-6704,590,173.22,-402.24,35.399998,0,0,0,0,0,0,0,0,0,0,0,1,43EBAA089D03B5FF480602F71604900103FEAA08D002ECFF800711F87B056501C310AB08FE017400CA08F1F8C5053E01470BD0E54E02200000184048
2026-09-12T15:44:44.6030378+00:00,8049,145433475,Connected,-1,24,508,208,2513,2.432509,0.9959879,12.0332575,-1642,1337,275,-2.0061817,1.6335353,0.33599266,2867,-6792,634,172.01999,-407.52,38.04,0,0,0,0,0,0,0,0,0,0,0,1,8323AB08FC01D000D10996F9390513014336AB08630220017F0A0AFA8F0406011C49AB08BC023201D50A5AFAC9033301330B78E57A02200000184048
2026-09-12T15:44:44.6196852+00:00,8050,145447900,Connected,-1,24,501,393,2934,2.3989902,1.8818425,14.049175,-1391,654,376,-1.699512,0.79905164,0.4593936,2838,-6987,726,170.28,-419.22,43.559998,0,0,0,0,0,0,0,0,0,0,0,1,DC5BAB08F5018901760B91FA8E0278019C6EAB081602EF00DF0AA5FAC8008D015C81AB0884024700150ADEFAD3FF7C01160BB5E4D602200000184048
2026-09-12T15:44:44.6363597+00:00,8052,145476725,Connected,-1,24,683,-75,2062,3.2704794,-0.35913026,9.873688,-532,320,387,-0.64999306,0.39097327,0.4728333,2815,-7190,819,168.9,-431.4,49.14,0,0,0,0,0,0,0,0,0,0,0,1,75CCAB08AB02B5FF0E08ECFD4001830135DFAB083302D4FFC308A7FEB5015D010EF2AB088E0299FF1609F3FEC8013F01FF0AEAE33303200000184048
2026-09-12T15:44:44.6530351+00:00,8053,145491150,Connected,-1,24,702,-92,2314,3.3614593,-0.4405331,11.080365,-254,481,303,-0.31033504,0.5876817,0.3702028,2802,-7392,906,168.12,-443.52,54.36,0,0,0,0,0,0,0,0,0,0,0,1,CE04AC08BE02A4FF0A0902FFE1012F018E17AC089C0299FF3009FBFE170215014E2AAC08CB01A9FF3809E8FEB201E500F20A20E38A03200000184048
2026-09-12T15:44:44.6697023+00:00,8054,145505550,Connected,-1,24,564,-235,2141,2.7006595,-1.1252748,10.251971,-291,252,115,-0.35554132,0.30789146,0.14050601,2801,-7476,941,168.06,-448.56,56.46,0,0,0,0,0,0,0,0,0,0,0,1,0E3DAC08340215FF5D08DDFEFC007300E74FAC08C002FDFE2C0817FF6101F7FFA762AC0816031EFF07088BFF0702ADFFF10ACCE2AD03200000184048
2026-09-12T15:44:44.6864250+00:00,8055,145519975,Connected,-1,24,786,-71,2005,3.763685,-0.33997664,9.600749,36,720,-117,0.043984495,0.8796899,-0.14294961,2805,-7633,1011,168.3,-457.97998,60.66,0,0,0,0,0,0,0,0,0,0,0,1,6775AC081203B9FFD5072400D0028BFF2788AC08BF021900800992004203A6FF009BAC0891023300A4097900D602E7FFF50A2FE2F303200000184048
2026-09-12T15:44:44.7030306+00:00,8057,145548825,Connected,-1,24,-22,-226,2611,-0.10534488,-1.0821792,12.5025215,-173,27,123,-0.21136993,0.03298837,0.15028036,2854,-7829,1108,171.23999,-469.74,66.479996,0,0,0,0,0,0,0,0,0,0,0,1,19E6AC08EAFF1EFF330A53FF1B007B00D9F8AC08FBFFE0FE810985FF3FFE7400990BAD08C90078FF3908D7FF0EFD1C00260B6BE15404200000184048
2026-09-12T15:44:44.7197152+00:00,8058,145563225,Connected,-1,24,742,-108,2167,3.5529952,-0.51714754,10.376471,30,-747,-66,0.036653746,-0.91267824,-0.08063824,2874,-7880,1135,172.44,-472.8,68.1,0,0,0,0,0,0,0,0,0,0,0,1,591EAD08E60294FF77081E0015FDBEFF1931AD08D304A4FFE9073A00D0FDC6FFF243AD089404C4FF68084C0044FFE4FF3A0B38E16F04200000184048
2026-09-12T15:44:44.7364206+00:00,8059,145577650,Connected,-1,24,724,-227,2236,3.466804,-1.0869676,10.70687,93,75,-51,0.11362661,0.09163436,-0.062311366,2919,-7959,1176,175.14,-477.53998,70.56,0,0,0,0,0,0,0,0,0,0,0,1,B256AD08D4021DFFBC085D004B00CDFF7269AD08B801ACFE5E08B8001B0071FF327CAD08A901DCFEE00745018CFFCBFE670BE9E09804200000184048
2026-09-12T15:44:44.7697434+00:00,8060,145592075,Connected,-1,24,576,-231,2039,2.7581203,-1.1061212,9.763555,449,-160,-477,0.5485844,-0.19548663,-0.58279455,2936,-7986,1191,176.16,-479.16,71.46,0,0,0,0,0,0,0,0,0,0,0,1,0B8FAD08400219FFF707C10160FF23FECBA1AD084702CDFF35081B0271FFBAFD8BB4AD0863014D009C08480253FF76FD780BCEE0A704200000184048
2026-09-12T15:44:44.7863723+00:00,8063,145635300,Connected,-1,24,441,495,2088,2.111686,2.3702598,9.998186,448,-174,-391,0.54736257,-0.21259172,-0.47772047,2975,-8017,1224,178.5,-481.02,73.439995,0,0,0,0,0,0,0,0,0,0,0,1,E437AE08B901EF012808C00152FF79FEBD4AAE08EE00F000D007A90176FE44FE7D5DAE084F0015010707C801D2FDCBFD9F0BAFE0C804200000184048
2026-09-12T15:44:44.8197011+00:00,8064,145649725,Connected,-1,24,380,160,2039,1.8195933,0.7661445,9.763555,536,-568,-733,0.6548802,-0.6939776,-0.89557314,2980,-8000,1230,178.8,-480,73.799995,0,0,0,0,0,0,0,0,0,0,0,1,3D70AE087C01A000F7071802C8FD23FDFD82AE08C00261FF1108430283FDE9FCD695AE084D036FFEFA07560228FD34FDA40BC0E0CE04200000184048
2026-09-12T15:44:44.8363616+00:00,8065,145664150,Connected,-1,24,784,-276,1781,3.7541082,-1.3215994,8.528147,616,-744,-555,0.75262356,-0.90901285,-0.67809427,2975,-7986,1231,178.5,-479.16,73.86,0,0,0,0,0,0,0,0,0,0,0,1,96A8AE081003ECFEF506680218FDD5FD56BBAE08CA029800D3068302B9FD70FE16CEAE089B026C01E906600239FEE1FE9F0BCEE0CF04200000184048
2026-09-12T15:44:44.8530146+00:00,8066,145678550,Connected,-1,24,664,334,1780,3.1794999,1.5993267,8.523358,507,-311,-232,0.6194483,-0.37997717,-0.28345564,2960,-7955,1225,177.59999,-477.3,73.5,0,0,0,0,0,0,0,0,0,0,0,1,D6E0AE0898024E01F406FB01C9FE18FFAFF3AE089302D700F306AD017DFF2EFF6F06AF0869027200EC06A801E6FF2FFF900BEDE0C904200000184048
2026-09-12T15:44:44.8696912+00:00,8068,145707400,Connected,-1,24,544,365,2012,2.6048915,1.7477672,9.634268,487,69,-429,0.5950125,0.08430361,-0.5241485,2923,-7894,1213,175.37999,-473.63998,72.78,0,0,0,0,0,0,0,0,0,1,0,0,8851AF0820026D01DC07E701450053FE4864AF0875029201C707D701350058FE0877AF088902A401DE07B901430099FE6B0B2AE1BD04200000181048
2026-09-12T15:44:44.8863556+00:00,8069,145721800,Connected,-1,24,621,406,2032,2.9735985,1.9440918,9.730036,397,76,-283,0.4850512,0.092856154,-0.345767,2910,-7872,1209,174.59999,-472.31998,72.54,0,0,0,0,0,0,0,0,0,1,0,0,C889AF086D029601F0078D014C00E5FEA19CAF086002A401100859014D0027FF61AFAF086802A9013608260141005CFF5E0B40E1B904200000181048
2026-09-12T15:44:44.9030203+00:00,8070,145736225,Connected,-1,24,623,420,2141,2.9831753,2.0111294,10.251971,252,36,-122,0.30789146,0.043984495,-0.14905857,2885,-7829,1202,173.09999,-469.74,72.119995,0,0,0,0,0,0,0,0,0,1,0,0,21C2AF086F02A4015D08FC00240086FFE1D4AF08820299016108E000F4FFAFFFBAE7AF0895028D015908D800CAFFD4FF450B6BE1B204200000181048
2026-09-12T15:44:44.9196999+00:00,8071,145750650,Connected,-1,24,657,358,2138,3.145981,1.7142484,10.237606,224,-71,-23,0.27368128,-0.0867472,-0.028101204,2874,-7807,1201,172.44,-468.41998,72.06,0,0,0,0,0,0,0,0,0,1,0,0,7AFAAF08910266015A08E000B9FFE9FF3A0DB00870020D014808FD00B7FFE8FFFA1FB008A60201012C083101BBFFC8FF3A0B81E1B104200000181048
2026-09-12T15:44:44.9363643+00:00,8072,145765075,Connected,-1,24,753,289,2083,3.6056678,1.3838485,9.974244,371,-31,-103,0.45328465,-0.037875537,-0.12584452,2856,-7770,1197,171.36,-466.19998,71.82,0,0,0,0,0,0,0,0,0,1,0,0,D332B008F102210123087301E1FF99FF9345B008E20226013008AD01260069FFFC59B008E6023C014508D001510045FF280BA6E1AD04200000181048
2026-09-12T15:44:44.9530101+00:00,8074,145793900,Connected,-1,24,679,378,1988,3.2513258,1.8100165,9.519346,481,336,-107,0.5876817,0.41052195,-0.13073169,2842,-7737,1197,170.51999,-464.22,71.82,0,0,0,0,0,0,0,0,0,1,0,0,6CA3B008A7027A01C407E101500195FF2CB6B0085A025501BF070302AD01C0FFECC8B0081C023801D6072D020902D0FF1A0BC7E1AD04200000181048
2026-09-12T15:44:44.9697075+00:00,8075,145808300,Connected,-1,24,507,297,2017,2.4277205,1.4221559,9.65821,598,614,-53,0.7306313,0.75017995,-0.06475495,2832,-7705,1198,169.92,-462.3,71.88,0,0,0,0,0,0,0,0,0,1,0,0,ACDBB008FB012901E10756026602CBFF6CEEB008FB010201E8078602CA02B8FF4501B1082002E5001108D302310398FF100BE7E1AE04200000181048
2026-09-12T15:44:44.9863499+00:00,8076,145822725,Connected,-1,24,578,290,2200,2.767697,1.388637,10.534488,845,889,-147,1.0324138,1.0861726,-0.17960335,2833,-7691,1198,169.98,-461.46,71.88,0,0,0,0,0,0,0,0,0,1,0,0,0514B1084202220198084D0379036DFFC526B1085E0241011809DC03690346FF8539B108F102B10018096104110327FF110BF5E1AE04200000181048
2026-09-12T15:44:45.0030310+00:00,8077,145837150,Connected,-1,24,1114,-64,2074,5.3342814,-0.30645782,9.931149,1294,899,-158,1.5809982,1.0983906,-0.19304305,2837,-7656,1195,170.22,-459.36,71.7,0,0,0,0,0,0,0,0,0,0,0,0,5E4CB1085A04C0FF1A080E05830362FF1E5FB108A003D901FB0708063B040A00DE71B1081C029801CD097D068E041000150B18E2AB04200000180048
2026-09-12T15:44:45.0201454+00:00,8078,145851550,Connected,-1,24,402,295,2400,1.9249382,1.412579,11.492168,1708,1086,-43,2.08682,1.3268656,-0.052537035,2842,-7633,1191,170.51999,-457.97998,71.46,0,0,0,0,0,0,0,0,0,0,0,1,9E84B108920127016009AC063E04D5FF7797B108DE0136022F09F106A10396FF37AAB10871018E07F909B706BC0379FF1A0B2FE2A704200000184048
2026-09-12T15:44:45.0365912+00:00,8079,145865975,Connected,-1,24,684,1543,2095,3.2752678,7.3885064,10.031705,1408,869,-89,1.7202824,1.0617368,-0.10873944,2854,-7577,1179,171.23999,-454.62,70.74,0,0,0,0,0,0,0,0,0,0,0,1,F7BCB108AC0207062F0880056503A7FFB7CFB10885018C04B40852040D04280077E2B1085F027C037E083903F503DB00260B67E29B04200000184048
2026-09-12T15:44:45.0532448+00:00,8080,145880400,Connected,-1,24,611,521,2017,2.9257145,2.4947581,9.65821,673,1060,364,0.8222657,1.295099,0.4447321,2862,-7546,1171,171.72,-452.75998,70.26,0,0,0,0,0,0,0,0,0,0,0,1,50F5B10863020902E107A10224046C011008B2089B0111013508A6027B04D701D01AB2085301FB00C007F4025104FC012E0B86E29304200000184048
2026-09-12T15:44:45.0699256+00:00,8082,145909425,Connected,-1,24,143,341,1941,0.6847417,1.6328455,9.294291,1293,1679,39,1.5797764,2.051388,0.047649868,2897,-7437,1133,173.81999,-446.22,67.979996,0,0,0,0,0,0,0,0,0,0,0,1,B166B2088F00550195070D058F062700A978B20808009301200862051107C2FF828BB208B2FFA7017D08A405ED0675FF510BF3E26D04200000184048
2026-09-12T15:44:45.1032314+00:00,8084,145938050,Connected,-1,24,36,831,2513,0.17238252,3.9791632,12.0332575,1388,554,-244,1.6958466,0.6768725,-0.29811713,2941,-7301,1076,176.45999,-438.06,64.56,0,0,0,0,0,0,0,0,0,0,0,1,82D6B20824003F03D1096C052A020CFF5BE9B208B1002503C1090E058D0043FF1BFCB208B9018F03B509E904F9FE7EFF7D0B7BE33404200000184048
2026-09-12T15:44:45.1199267+00:00,8085,145952475,Connected,-1,24,575,984,2475,2.753332,4.711789,11.851298,1242,-520,-93,1.517465,-0.6353316,-0.11362661,2956,-7253,1054,177.36,-435.18,63.239998,0,0,0,0,0,0,0,0,0,0,0,1,DB0EB3083F02D803AB09DA04F8FDA3FF9B21B308A60054029F09DD043FFDADFF7434B308670005020509160532FC74FF8C0BABE31E04200000184048
2026-09-12T15:44:45.1365614+00:00,8086,145966900,Connected,-1,24,299,655,2135,1.4317327,3.1364043,10.223241,1373,-1163,-250,1.6775197,-1.4209435,-0.30544788,2979,-7152,1002,178.73999,-429.12,60.12,0,0,0,0,0,0,0,0,0,0,0,1,3447B3082B018F0257085D0575FB06FFF459B3088301DE029E079E0579FB94FEB46CB308A5016E031407F0050EFC52FEA30B10E4EA03200000184048
2026-09-12T15:44:45.1532771+00:00,8087,145981300,Connected,-1,24,401,1000,1776,1.9201498,4.7884035,8.504205,1614,-800,-422,1.9719715,-0.9774332,-0.51559603,2987,-7099,973,179.22,-425.94,58.379997,0,0,0,0,0,0,0,0,0,0,0,1,747FB3089101E803F0064E06E0FC5AFE4D92B3085501DD03AA06B506CDFD9BFE0DA5B3082501BD033D063A07E0FEE3FEAB0B45E4CD03200000184048
2026-09-12T15:44:45.1699228+00:00,8088,145995725,Connected,-1,24,259,927,1525,1.2401965,4.43885,7.302315,2014,61,-244,2.460688,0.07452928,-0.29811713,3000,-6994,910,180,-419.63998,54.6,0,0,0,0,0,0,0,0,0,0,0,1,CDB7B30803019F03F505DE073D000CFF8DCAB308B6008303DB05A208B6011CFF4DDDB30882005E03BD0586090A0321FFB80BAEE48E03200000184048
2026-09-12T15:44:45.1865376+00:00,8090,146024550,Connected,-1,24,72,1157,1734,0.34476504,5.5401826,8.303091,3229,1680,-245,3.9451647,2.0526097,-0.2993389,3021,-6838,800,181.26,-410.28,48,0,0,0,0,0,0,0,0,0,0,1,0,6628B40848008504C6069D0C90060BFF3F3BB408CC00A0040807BF0CCC0637FFFF4DB40885007C04F106720CF4065AFFCD0B4AE52003200000182048
2026-09-12T15:44:45.2032286+00:00,8091,146038975,Connected,-1,24,225,1039,1762,1.0773908,4.975151,8.437167,3019,1697,-140,3.6885886,2.0733802,-0.1710508,3029,-6784,761,181.73999,-407.03998,45.66,0,0,0,0,0,0,0,0,0,0,1,0,BF60B408E1000F04E206CB0BA10674FF7F73B408000143041007F10A340661FFD586B408BD004D040B07D309AE052CFFD50B80E5F902200000182048
2026-09-12T15:44:45.2198644+00:00,8092,146053400,Connected,-1,24,182,1150,1734,0.8714894,5.506664,8.303091,2214,1267,-267,2.7050464,1.5480099,-0.32621834,3042,-6675,682,182.51999,-400.5,40.92,0,0,0,0,0,0,0,0,0,0,1,0,1899B408B6007E04C606A608F304F5FED8ABB408BB00BE04620698073804E3FE98BEB4088900ED04E505B506A003F0FEE20BEDE5AA02200000182048
2026-09-12T15:44:45.2365332+00:00,8093,146067800,Connected,-1,24,132,1317,1415,0.63206923,6.3063273,6.775591,1541,831,-236,1.8827807,1.0153087,-0.2883428,3049,-6624,640,182.94,-397.44,38.399998,0,0,0,0,0,0,0,0,0,0,1,0,58D1B40884002505870505063F0314FF31E4B408B0004E05420589050D0349FFF1F6B408CB00430544053C0516037FFFE90B20E68002200000182048
2026-09-12T15:44:45.2532000+00:00,8095,146096650,Connected,-1,24,86,1376,1530,0.41180268,6.588843,7.326257,1070,626,-27,1.3073169,0.7648415,-0.03298837,3062,-6485,521,183.72,-389.1,31.26,0,0,0,0,0,0,0,0,0,0,1,0,0A42B50856006005FA052E047202E5FFCA54B50837005705DD05B7031A02F6FF8A67B5080B003205C9054403BE010A00F60BABE60902200000182048
2026-09-12T15:44:45.2698544+00:00,8096,146111050,Connected,-1,24,-60,1271,1474,-0.2873042,6.0860605,7.0581064,738,336,24,0.90168214,0.41052195,0.029322997,3068,-6443,485,184.08,-386.58,29.099998,0,0,0,0,0,0,0,0,0,0,1,0,4A7AB508C4FFF704C205E202500118000A8DB508ABFFEE04BF059702CC000C00E39FB508B7FFE604AF055B024A00EAFFFC0BD5E6E501200000182048
2026-09-12T15:44:45.2865489+00:00,8097,146125475,Connected,-1,24,-45,1180,1429,-0.21547815,5.650316,6.8426285,547,-40,-73,0.66831994,-0.04887166,-0.08919078,3084,-6363,415,185.04,-381.78,24.9,0,0,0,0,0,0,0,0,0,0,1,0,A3B2B508D3FF9C0495052302D8FFB7FF63C5B508F2FF6B047C05FB018FFF6AFF3CD8B508ECFF35053906D7013EFF0BFF0C0C25E79F01200000182048
2026-09-12T15:44:45.3032309+00:00,8098,146139900,Connected,-1,24,-77,1292,1524,-0.36870706,6.1866174,7.297527,420,-378,-285,0.5131524,-0.46183717,-0.34821057,3094,-6327,383,185.64,-379.62,22.98,0,0,0,0,0,0,0,0,0,0,0,0,FCEAB508B3FF0C05F405A40186FEE3FEBCFDB508E1FF6C0435049401A8FDD9FE7C10B608FBFFEE035606B8019EFDC4FE160C49E77F01200000180048
2026-09-12T15:44:45.3365445+00:00,8100,146168725,Connected,-1,24,-329,1325,1259,-1.5753847,6.3446345,6.0285997,444,-681,-449,0.5424754,-0.83204,-0.5485844,3124,-6241,302,187.44,-374.46,18.119999,0,0,0,0,0,0,0,0,0,0,0,1,955BB608B7FE2D05EB04BC0157FD3FFE556EB6082AFF39050E049401BDFDF5FD2E81B6081BFF5305EB038D01A5FEDBFD340C9FE72E01200000184048
2026-09-12T15:44:45.3532030+00:00,8101,146183150,Connected,-1,24,-247,1381,927,-1.1827357,6.612785,4.43885,456,-246,-554,0.5571369,-0.3005607,-0.6768725,3137,-6203,265,188.22,-372.18,15.9,0,0,0,0,0,0,0,0,0,0,0,1,EE93B60809FF65059F03C8010AFFD6FDAEA6B60800FF6C053F032A025EFFC6FD6EB9B608F5FE8F05EC02A002E8FFAFFD410CC5E70901200000184048
2026-09-12T15:44:45.3698589+00:00,8102,146197775,Connected,-1,24,-259,1443,696,-1.2401965,6.909666,3.3327289,796,153,-613,0.97254604,0.1869341,-0.7489582,3141,-6190,249,188.45999,-371.4,14.94,0,0,0,0,0,0,0,0,0,0,0,1,0FCDB608FDFEA305B8021C0399009BFD07DFB60809FFB905A8029003520191FDC7F1B60803FFCF05B402F3030E0291FD450CD2E7F900200000184048
2026-09-12T15:44:45.3865260+00:00,8103,146212225,Connected,-1,24,-351,1201,684,-1.6807296,5.7508726,3.2752678,1088,715,-624,1.3293091,0.87358093,-0.7623979,3149,-6170,226,188.94,-370.19998,13.559999,0,0,0,0,0,0,0,0,0,0,0,1,8105B708A1FEB104AC024004CB0290FD6017B7081AFFC9038F038C04620389FD202AB70832FF16032104A5043A03F3FD4D0CE6E7E200200000184048
2026-09-12T15:44:45.4032215+00:00,8104,146226400,Connected,-1,24,-351,910,1190,-1.6807296,4.357447,5.6982,1174,614,-329,1.4343832,0.75017995,-0.4019694,3151,-6161,218,189.06,-369.66,13.08,0,0,0,0,0,0,0,0,0,0,0,1,E03CB708A1FE8E03A60496046602B7FEB94FB7085BFE280445055004AA0166FF6062B7083AFEAF04A605D603C30001004F0CEFE7DA00200000184048
2026-09-12T15:44:45.4199098+00:00,8106,146255225,Connected,-1,24,-215,1606,1585,-1.0295067,7.690176,7.589619,275,-921,544,0.33599266,-1.12527,0.66465455,3157,-6136,205,189.42,-368.16,12.3,0,0,0,0,0,0,0,0,0,0,0,1,79ADB70829FF46063106130167FC200239C0B70890FF57062F062D00FFFBA00212D3B7089AFF87068E0546FF08FC1203550C08E8CD00200000184048
2026-09-12T15:44:45.4366304+00:00,8107,146269650,Connected,-1,24,-26,1796,1279,-0.12449849,8.599973,6.1243677,-377,-830,848,-0.4606154,-1.014087,1.0360792,3157,-6131,202,189.42,-367.86,12.12,0,0,0,0,0,0,0,0,0,0,0,1,D2E5B708E6FF0407FF0487FEC2FC500392F8B7083C0097071F05F2FD29FE6303520BB8082000E007080660FDB6FF6203550C0DE8CA00200000184048
2026-09-12T15:44:45.4532588+00:00,8108,146284075,Connected,-1,24,6,2037,1623,0.02873042,9.753978,7.771579,-835,174,842,-1.0201958,0.21259172,1.0287484,3156,-6124,207,189.36,-367.44,12.42,0,0,0,0,0,0,0,0,0,0,0,1,2B1EB8080600F5075706BDFCAE004A03EB30B80878FFE507830652FCC000F802AB43B80881FF4608840689FC89FF4C01540C14E8CF00200000184048
2026-09-12T15:44:45.4698952+00:00,8109,146298475,Connected,-1,24,-6,2324,1577,-0.02873042,11.128249,7.551312,-762,-471,-281,-0.9310051,-0.5754638,-0.3433234,3155,-6124,211,189.3,-367.44,12.66,0,0,0,0,0,0,0,0,0,0,0,1,6B56B808FAFF1409290606FD29FEE7FE2B69B8085AFFE908CB0526FDFDFDDEFD047CB808C8FE5C08DD0575FD47FEB1FD530C14E8D300200000184048
2026-09-12T15:44:45.4865487+00:00,8111,146327300,Connected,-1,24,-196,1813,1773,-0.93852705,8.6813755,8.48984,93,-1324,-204,0.11362661,-1.6176519,-0.24924546,3154,-6123,235,189.23999,-367.38,14.099999,0,0,0,0,0,0,0,0,0,0,0,1,04C7B8083CFF1507ED065D00D4FA34FFDDD9B80853FFC506B9069700B6FACDFF9DECB80847FF71065A06B500D6FA3E00520C15E8EB00200000184048
2026-09-12T15:44:45.5032010+00:00,8112,146341725,Connected,-1,24,-212,1525,1508,-1.0151415,7.302315,7.2209125,211,-1321,127,0.25779802,-1.6139866,0.15516752,3151,-6121,252,189.06,-367.25998,15.12,0,0,0,0,0,0,0,0,0,0,0,1,5DFFB8082CFFF505E405D300D7FA7F001D12B90857FF7C04D505F90099FA9300DD24B90864FF1C04C805160119FAB3004F0C17E8FC00200000184048
2026-09-12T15:44:45.5198771+00:00,8113,146356175,Connected,-1,24,-162,1115,1615,-0.7757214,5.33907,7.7332716,312,-1629,211,0.38119894,-1.9902984,0.25779802,3150,-6121,264,189,-367.25998,15.839999,0,0,0,0,0,0,0,0,0,0,0,1,CF37B9085EFF5B044F063801A3F9D300764AB9085FFFA604F60646011AF9E100365DB9088AFF1505F2064C014CF8D8004E0C17E80801200000184048
2026-09-12T15:44:45.5531878+00:00,8115,146384975,Connected,-1,24,460,1814,1742,2.2026656,8.686164,8.341399,328,-2091,-161,0.4007476,-2.554766,-0.19670843,3132,-6125,300,187.92,-367.5,18,0,0,0,0,0,0,0,0,0,0,0,1,4FA8B908CC011607CE064801D5F75FFF0FBBB9084D025907A906110182F8DFFECFCDB908B60281075B06E50048F986FE3C0C13E82C01200000184048
2026-09-12T15:44:45.5699532+00:00,8117,146413800,Connected,-1,24,836,1732,1359,4.003105,8.293514,6.50744,463,-1408,-131,0.56568944,-1.7202824,-0.16005468,3104,-6133,330,186.23999,-367.97998,19.8,0,0,0,0,0,0,0,0,0,0,0,1,E818BA084403C4064F05CF0180FA7DFFA82BBA084B03A7061C052702B7FAECFF813EBA083D03A60610056C0238FB4100200C0BE84A01200000184048
2026-09-12T15:44:45.5865210+00:00,8118,146428225,Connected,-1,24,788,1702,1278,3.7732618,8.149862,6.1195793,679,-1054,122,0.8295964,-1.2877682,0.14905857,3096,-6131,338,185.76,-367.86,20.279999,0,0,0,0,0,0,0,0,0,0,0,1,4151BA081403A606FE04A702E2FB7A000164BA08D902A306CC04E202ABFC9400C176BA089C027206AE041A0385FD8D00180C0DE85201200000184048
2026-09-12T15:44:45.6198598+00:00,8119,146442650,Connected,-1,24,598,1593,1205,2.8634653,7.627927,5.770026,838,-425,101,1.0238613,-0.51926136,0.12340094,3077,-6129,346,184.62,-367.74,20.76,0,0,0,0,0,0,0,0,0,0,0,1,9A89BA0856023906B504460357FE65005A9CBA0828021806CB045C0309FF23001AAFBA08060218060A055203A0FFCEFF050C0FE85A01200000184048
2026-09-12T15:44:45.6365128+00:00,8120,146457050,Connected,-1,24,497,1582,1364,2.3798366,7.575254,6.531382,802,16,-145,0.97987676,0.019548664,-0.17715977,3068,-6124,347,184.08,-367.44,20.82,0,0,0,0,0,0,0,0,0,0,0,1,DAC1BA08F1012E065405220310006FFFB3D4BA08E2014D06A005CA02550012FF73E7BA08BF017A06D50558026700C8FEFC0B14E85B01200000184048
2026-09-12T15:44:45.6532158+00:00,8122,146485900,Connected,-1,24,612,1712,1323,2.930503,8.197746,6.3350577,158,-60,-459,0.19304305,-0.07330749,-0.5608023,3043,-6108,342,182.58,-366.47998,20.52,0,0,0,0,0,0,0,0,0,0,0,1,8C32BB086402B0062B059E00C4FF35FE4C45BB089602DB0613054B00A5FF53FE0C58BB088C020307110503009AFF82FEE30B24E85601200000184048
2026-09-12T15:44:45.6698939+00:00,8123,146500450,Connected,-1,24,611,1822,1340,2.9257145,8.724471,6.4164605,-49,-102,-325,-0.059867784,-0.12462273,-0.39708224,3030,-6100,334,181.8,-366,20.039999,0,0,0,0,0,0,0,0,0,0,0,1,626BBB0863021E073C05CFFF9AFFBBFEA57DBB081C020E078D05AEFF61FF03FF6590BB08C401E106E105A2FFD3FE50FFD60B2CE84E01200000184048
2026-09-12T15:44:45.6865340+00:00,8124,146514725,Connected,-1,24,392,1731,1564,1.8770541,8.288726,7.489063,-94,-502,-109,-0.1148484,-0.6133393,-0.13317527,3023,-6095,327,181.37999,-365.69998,19.619999,0,0,0,0,0,0,0,0,0,0,0,1,25A3BB088801C3061C06A2FF0AFE93FFE5B5BB087101C40641069CFF36FDCBFFBEC8BB086201CB0624067BFF87FCF7FFCF0B31E84701200000184048
2026-09-12T15:44:45.7031953+00:00,8125,146529150,Connected,-1,24,341,1782,1475,1.6328455,8.532935,7.062895,-188,-963,16,-0.2296968,-1.1765852,0.019548664,3017,-6092,322,181.01999,-365.52,19.32,0,0,0,0,0,0,0,0,0,0,0,1,7EDBBB085501F606C30544FF3DFC10003EEEBB0847014407550511FF63FC1700FE00BC081E018D07F904F7FEDAFC2300C90B34E84201200000184048
2026-09-12T15:44:45.7198618+00:00,8126,146543575,Connected,-1,24,268,1980,1274,1.283292,9.481039,6.1004257,-250,-633,53,-0.30544788,-0.773394,0.06475495,3007,-6084,309,180.42,-365.03998,18.539999,0,0,0,0,0,0,0,0,0,0,0,1,D713BC080C01BC07FA0406FF87FD35009726BC080C01E7073C0538FF36FE4D005739BC080F011B08A20584FFDDFE6000BF0B3CE83501200000184048
2026-09-12T15:44:45.7365207+00:00,8128,146572400,Connected,-1,24,284,2084,1891,1.3599066,9.9790325,9.054871,378,254,-115,0.46183717,0.31033504,-0.14050601,2998,-6075,289,179.87999,-364.5,17.34,0,0,0,0,0,0,0,0,0,0,0,1,7084BC081C01240863077A01FE008DFF3097BC08DC002708D3075202560120FFF0A9BC089B005F08F2074A036101B6FEB60B45E82101200000184048
2026-09-12T15:44:45.7532186+00:00,8129,146586800,Connected,-1,24,102,2212,2068,0.48841715,10.5919485,9.902418,1104,373,-419,1.3488578,0.45572823,-0.51193064,2997,-6072,278,179.81999,-364.31998,16.68,0,0,0,0,0,0,0,0,0,0,0,1,B0BCBC086600A4081408500475015DFE89CFBC08690001094E085005960117FE49E2BC08840046097A084406A001F9FDB50B48E81601200000184048
2026-09-12T15:44:45.7698398+00:00,8130,146601225,Connected,-1,24,162,2388,2197,0.7757214,11.434708,10.520123,1814,378,-513,2.2163298,0.46183717,-0.626779,2999,-6062,253,179.94,-363.72,15.179999,0,0,0,0,0,0,0,0,0,0,0,1,09F5BC08A2005409950816077A01FFFDC907BD08CD0034097108B20741010AFEA21ABD08FD00EE0834081F081E0102FEB70B52E8FD00200000184048
2026-09-12T15:44:45.7865321+00:00,8131,146615650,Connected,-1,24,250,2257,1982,1.1971009,10.807426,9.490616,2164,284,-535,2.643957,0.3469888,-0.65365845,3003,-6056,238,180.18,-363.36,14.28,0,0,0,0,0,0,0,0,0,0,0,1,622DBD08FA00D108BE0774081C01E9FD2240BD08E000C7089C07C8086B01D4FDE252BD08C100DB089D072F09A301D3FDBB0B58E8EE00200000184048
2026-09-12T15:44:45.8032640+00:00,8133,146644475,Connected,-1,24,226,2291,1656,1.0821792,10.970232,7.929596,2668,550,-448,3.2597396,0.6719853,-0.54736257,3015,-6033,172,180.9,-361.97998,10.32,0,0,0,0,0,0,0,0,0,0,0,1,FB9DBD08E200F30878066C0A260240FED4B0BD08D1000009F705CD0A6F027EFE94C3BD08A000F3089A05540BDE02CFFEC70B6FE8AC00200000184048
2026-09-12T15:44:45.8365143+00:00,8134,146658900,Connected,-1,24,107,2224,1346,0.51235914,10.649409,6.445191,3062,866,-221,3.7411256,1.0580714,-0.27001593,3025,-6010,115,181.5,-360.6,6.8999996,0,0,0,0,0,0,0,0,0,0,0,1,54D6BD086B00B0084205F60B620323FF14E9BD0854004708DD04AE0CE6035FFFEDFBBD085000F7076E046E0D7F0466FFD10B86E87300200000184048
2026-09-12T15:44:45.8531862+00:00,8136,146687750,Connected,-1,24,-50,1808,728,-0.23942018,8.6574335,3.4859576,4026,2127,-561,4.9189324,2.5987506,-0.68542504,3041,-5981,43,182.45999,-358.86,2.58,0,0,0,0,0,0,0,0,0,0,0,1,0647BE08CEFF1007D802BA0F4F08CFFDC659BE089AFF2707480263108D0983FD866CBE088CFF1F07E2011211DC0A45FDE10BA3E82B00200000184048
2026-09-12T15:44:45.8699443+00:00,8137,146702150,Connected,-1,24,-59,1829,450,-0.2825158,8.75799,2.1547816,4539,3110,-775,5.5457115,3.7997715,-0.9468884,3065,-5946,-46,183.9,-356.75998,-2.76,0,0,0,0,0,0,0,0,0,0,0,1,467FBE08C5FF2507C201BB11260CF9FC1F92BE08D6FFA0066F015512370DA1FCDFA4BE08A2FFE505F100D3122B0E2AFCF90BC6E8D2FF200000184048
2026-09-12T15:44:45.8865287+00:00,8138,146716575,Connected,-1,24,-41,1517,164,-0.19632454,7.264008,0.78529817,4914,3840,-1133,6.0038834,4.6916795,-1.3842897,3080,-5926,-96,184.8,-355.56,-5.7599998,0,0,0,0,0,0,0,0,0,0,0,1,9FB7BE08D7FFED05A4003213000F93FB5FCABE083100140670006813BE0F02FB1FDDBE085E0014066C007F13521093FA080CDAE8A0FF200000184048
2026-09-12T15:44:45.9032022+00:00,8139,146731000,Connected,-1,24,142,1597,75,0.6799533,7.6470804,0.35913026,4986,4230,-1473,6.091852,5.168178,-1.7996988,3111,-5885,-207,186.65999,-353.1,-12.42,0,0,0,0,0,0,0,0,0,0,0,1,F8EFBE088E003D064B007A1386103FFAB802BF08CA00B605C1FF4A13A010F5F97815BF087700060508FFDF121011A4F9270C03E931FF200000184048
2026-09-12T15:44:45.9198584+00:00,8140,146745400,Connected,-1,24,66,1133,-423,0.31603462,5.425261,-2.0254946,4689,4497,-1747,5.7289805,5.494396,-2.1344697,3129,-5868,-268,187.73999,-352.08,-16.08,0,0,0,0,0,0,0,0,0,0,0,1,3828BF0842006D0459FE511291112DF9113BBF082600D603D6FDD81106129CF8D14DBF08DBFF580351FD7E1170120BF8390C14E9F4FE200000184048
2026-09-12T15:44:45.9365265+00:00,8141,146759825,Connected,-1,24,-137,824,-831,-0.6560113,3.9456444,-3.9791632,4384,4879,-2203,5.3563337,5.9611206,-2.6916068,3160,-5837,-390,189.59999,-350.22,-23.4,0,0,0,0,0,0,0,0,0,0,0,1,9160BF0877FF3803C1FC20110F1365F75173BF0868FF63035AFC8E102F1490F62A86BF0887FFA40342FCC80FA515B1F5580C33E97AFE200000184048
2026-09-12T15:44:45.9531743+00:00,8142,146774250,Connected,-1,24,-48,987,-928,-0.22984336,4.7261543,-4.4436383,3820,5832,-2813,4.6672435,7.125488,-3.4368994,3173,-5822,-454,190.37999,-349.32,-27.24,0,0,0,0,0,0,0,0,0,0,0,1,EA98BF08D0FFDB0360FCEC0EC81603F5AAABBF082000EC0342FC1D0E6017A5F46ABEBF082100D90350FC730DC3177FF4650C42E93AFE200000184048
2026-09-12T15:44:45.9698622+00:00,8144,146803125,Connected,-1,24,513,909,-815,2.456451,4.3526587,-3.9025488,2671,5514,-3136,3.263405,6.7369585,-3.8315382,3208,-5793,-650,192.48,-347.58,-39,0,0,0,0,0,0,0,0,0,0,0,1,B509C00801028D03D1FC6F0A8A15C0F3431CC0080902060372FC4209B71473F31C2FC0083402BC0235FC16081414E9F2880C5FE976FD200000184048
2026-09-12T15:44:45.9865268+00:00,8145,146817500,Connected,-1,24,726,723,-918,3.4763808,3.4620156,-4.3957543,1773,4974,-3511,2.1662364,6.077191,-4.28971,3225,-5785,-777,193.5,-347.1,-46.62,0,0,0,0,0,0,0,0,0,0,0,1,DC41C008D602D3026AFCED066E1349F29C54C0086602F502ECFCA405D012A9F15C67C008F801280353FD3004E811DEF0990C67E9F7FC200000184048
2026-09-12T15:44:46.0032248+00:00,8146,146831925,Connected,-1,24,419,904,-552,2.006341,4.3287168,-2.6431987,695,4188,-4110,0.8491451,5.116863,-5.021563,3235,-5783,-837,194.09999,-346.97998,-50.219997,0,0,0,0,0,0,0,0,0,0,0,1,357AC008A3018803D8FDB7025C10F2EFF58CC0080B01A60337FE43011E0E31EFB59FC0084500950322FEDAFFC40BB2EEA30C69E9BBFC200000184048
2026-09-12T15:44:46.0198436+00:00,8147,146846325,Connected,-1,24,-87,886,-543,-0.4165911,4.2425256,-2.6001031,-383,2521,-4543,-0.46794614,3.0801363,-5.5505986,3243,-5784,-896,194.58,-347.03998,-53.76,0,0,0,0,0,0,0,0,0,0,0,1,75B2C008A9FF7603E1FD81FED90941EE35C5C00843FF9B0374FD36FD7108C8ED0ED8C008EAFEC0031DFDFAFB5B0756EDAB0C68E980FC200000184048
2026-09-12T15:44:46.0365241+00:00,8149,146875175,Connected,-1,24,-568,1399,-525,-2.719813,6.6989765,-2.5139117,-2407,560,-4963,-2.9408522,0.6842032,-6.063751,3267,-5802,-1041,196.01999,-348.12,-62.46,0,0,0,0,0,0,0,0,0,0,0,1,2723C108C8FD7705F3FD99F630029DECE735C10888FDD20500FE9FF5BC00C3ECA748C108F5FC07060AFE17F597FF0FEDC30C56E9EFFB200000184048
2026-09-12T15:44:46.0532262+00:00,8150,146889575,Connected,-1,24,-989,1566,-534,-4.735731,7.4986396,-2.5570073,-2820,-269,-4755,-3.445452,-0.32866192,-5.8096185,3287,-5820,-1111,197.22,-349.19998,-66.659996,0,0,0,0,0,0,0,0,0,0,0,1,675BC10823FC1E06EAFDFCF4F3FE6DED406EC10833FB0506F1FD2EF5BEFECBED0081C1085DFAA60505FE86F5E2FE25EED70C44E9A9FB200000184048
2026-09-12T15:44:46.0699492+00:00,8151,146904000,Connected,-1,24,-1568,1306,-518,-7.5082164,6.253655,-2.480393,-2578,-145,-4499,-3.1497784,-0.17715977,-5.49684,3297,-5830,-1135,197.81999,-349.8,-68.1,0,0,0,0,0,0,0,0,0,0,0,1,C093C108E0F91A05FAFDEEF56FFF6DEE80A6C108ACF9AA0443FE5FF635007BEE40B9C108DEF9EC043AFEB5F6C8000BEEE10C3AE991FB200000184048
2026-09-12T15:44:46.0865317+00:00,8152,146918400,Connected,-1,24,-1583,1297,-388,-7.5800424,6.2105594,-1.8579005,-2357,392,-4818,-2.8797626,0.47894228,-5.8865914,3328,-5850,-1174,199.68,-351,-70.439995,0,0,0,0,0,0,0,0,0,0,0,1,00CCC108D1F911057CFECBF688012EEDD9DEC108B8F9E404EFFEBFF60D0228EC99F1C1085AF9750416008CF6F0013CEB000D26E96AFB200000184048
2026-09-12T15:44:46.1032015+00:00,8153,146932825,Connected,-1,24,-1705,1082,224,-8.1642275,5.1810527,1.0726024,-2548,260,-5518,-3.1131246,0.3176658,-6.7418456,3347,-5864,-1184,200.81999,-351.84,-71.04,0,0,0,0,0,0,0,0,0,0,0,1,5904C20857F93A04E0000CF6040172EA1917C2089CF92B04C70059F5BCFFC6E9F229C208C5F907042B00C5F4A0FE28E9130D18E960FB200000184048
2026-09-12T15:44:46.1198466+00:00,8155,146961675,Connected,-1,24,-1717,1048,46,-8.221688,5.0182467,0.22026655,-2783,-1091,-6164,-3.4002457,-1.3329746,-7.5311227,3421,-5913,-1189,205.26,-354.78,-71.34,0,0,0,0,0,0,0,0,0,0,0,1,0B75C2084BF918042E0021F5BDFBECE7CB87C20894F89904CE008CF5D9FA07E88B9AC208DFF7C3041B0108F62AFA64E85D0DE7E85BFB200000184048
2026-09-12T15:44:46.1365160+00:00,8156,146976125,Connected,-1,24,-2148,1226,186,-10.28549,5.8705826,0.89064306,-2386,-1607,-5877,-2.9151945,-1.963419,-7.1804686,3421,-5913,-1189,205.26,-354.78,-71.34,0,0,0,0,0,0,0,0,0,0,0,1,7DADC2089CF7CA04BA00AEF6B9F90BE924C0C2087CF79A04350090F7AAF9F0E9E4D2C20812F7560427009DF811FAF4EA5D0DE7E85BFB200000184048
2026-09-12T15:44:46.1531843+00:00,8157,146990500,Connected,-1,24,-2440,1066,202,-11.683704,5.104438,0.9672575,-1638,-1397,-5117,-2.0012944,-1.7068427,-6.251907,3421,-5913,-1189,205.26,-354.78,-71.34,0,0,0,0,0,0,0,0,0,0,0,1,A4E5C20878F62A04CA009AF98BFA03EC64F8C20826F6ED0366014FFAA7FA10ED240BC30829F6AF039001C5FA83FA10EE5D0DE7E85BFB200000184048
2026-09-12T15:44:46.1865205+00:00,8158,147004925,Connected,-1,24,-2471,856,389,-11.832145,4.098873,1.8626889,-1261,-1434,-4372,-1.5406791,-1.752049,-5.3416724,3421,-5913,-1189,205.26,-354.78,-71.34,0,0,0,0,0,0,0,0,0,0,0,1,FD1DC30859F65803850113FB66FAECEEBD30C30870F602034A0163FB18FA93EF7D43C3088CF6A6023201BAFBCCF911F05D0DE7E85BFB200000184048
2026-09-12T15:44:46.2031793+00:00,8160,147033750,Connected,-1,24,-2311,445,226,-11.066,2.1308396,1.0821792,-619,-1691,-3780,-0.75628895,-2.0660493,-4.618372,3550,-6021,-1162,213,-361.25998,-69.72,0,0,0,0,0,0,0,0,0,0,0,1,968EC308F9F6BD01E20095FD65F93CF156A1C30819F79C0121011CFE34F965F116B4C3085AF794018101A0FED3F887F1DE0D7BE876FB200000184048
2026-09-12T15:44:46.2198531+00:00,8161,147048150,Connected,-1,24,-2131,416,509,-10.204087,1.9919758,2.4372973,-215,-1994,-3664,-0.26268518,-2.436252,-4.476644,3641,-6109,-1138,218.45999,-366.53998,-68.28,0,0,0,0,0,0,0,0,0,0,0,1,D6C6C308ADF7A001FD0129FF36F8B0F1AFD9C308EDF7BA018702C4FF4AF7F8F16FECC30808F8B90113037F0015F65AF2390E23E88EFB200000184048
2026-09-12T15:44:46.2365167+00:00,8162,147062575,Connected,-1,24,-2031,427,915,-9.725247,2.0446482,4.381389,354,-2915,-3393,0.4325142,-3.5615222,-4.1455383,3686,-6160,-1124,221.15999,-369.6,-67.439995,0,0,0,0,0,0,0,0,0,0,0,1,2FFFC30811F8AB01930362019DF4BFF2EF11C4081FF85E01FA036202E9F216F3C824C40819F81101440471032AF156F3660EF0E79CFB200000184048
2026-09-12T15:44:46.2531840+00:00,8163,147077000,Connected,-1,24,-2044,232,1141,-9.787497,1.1109096,5.463568,1160,-4215,-3208,1.4172782,-5.1498513,-3.919507,3772,-6278,-1093,226.31999,-376.68,-65.58,0,0,0,0,0,0,0,0,0,0,0,1,8837C40804F8E8007504880489EF78F3484AC408C9F70001CA04A00501EE7DF3085DC408B1F70D01F804960667EC57F3BC0E7AE7BBFB200000184048
2026-09-12T15:44:46.2700270+00:00,8164,147091400,Connected,-1,24,-2094,146,1216,-10.0269165,0.6991069,5.8226986,1940,-5297,-3284,2.3702755,-6.4718294,-4.0123634,3813,-6345,-1073,228.78,-380.69998,-64.38,0,0,0,0,0,0,0,0,0,0,0,1,C86FC408D2F79200C00494074FEB2CF3A182C408BEF72A00DC04EA08EBEA38F36195C408D4F73500FC04690A70EA5FF3E50E37E7CFFB200000184048
2026-09-12T15:44:46.2865190+00:00,8166,147120250,Connected,-1,24,-2268,84,1530,-10.860099,0.40222588,7.326257,3759,-6176,-2825,4.5927143,-7.5457845,-3.451561,3916,-6580,-985,234.95999,-394.8,-59.1,0,0,0,0,0,0,0,0,0,0,0,1,7AE0C40824F75400FA05AF0EE0E7F7F43AF3C4081DF70A00DB052E0F3CE792F5FA05C5082DF7CFFF75057D0FCCE630F64C0F4CE627FC200000184048
2026-09-12T15:44:46.3031721+00:00,8167,147134650,Connected,-1,24,-2236,-133,1320,-10.70687,-0.6368576,6.3206925,4018,-6461,-2367,4.909158,-7.893995,-2.8919804,3938,-6664,-944,236.28,-399.84,-56.64,0,0,0,0,0,0,0,0,0,0,0,1,BA18C50844F77BFF2805B20FC3E6C1F6932BC508D9F66EFE9B05D90F06E730F7533EC50877F7F2FEF305271009E74FF7620FF8E550FC200000184048
2026-09-12T15:44:46.3198551+00:00,8168,147149075,Connected,-1,24,-2029,-229,1353,-9.715671,-1.0965444,6.4787097,4254,-6362,-2222,5.197501,-7.7730374,-2.7148206,3965,-6833,-849,237.9,-409.97998,-50.94,0,0,0,0,0,0,0,0,0,0,0,1,1351C50813F81BFF49059E1026E752F7D363C50833F85DFEE005FD1044E77BF7AC76C5084EF839FE79062A115CE7BCF77D0F4FE5AFFC200000184048
2026-09-12T15:44:46.3365326+00:00,8169,147163500,Connected,-1,24,-1882,-415,1793,-9.011775,-1.9871874,8.585608,4440,-6248,-2068,5.424754,-7.6337533,-2.5266647,3962,-6912,-793,237.72,-414.72,-47.579998,0,0,0,0,0,0,0,0,0,0,0,1,6C89C508A6F861FE0107581198E7ECF72C9CC50805F952FE30079511E5E703F8ECAEC50852F92FFE9307D8118CE80DF87A0F00E5E7FC200000184048
2026-09-12T15:44:46.3531782+00:00,8171,147192325,Connected,-1,24,-1428,-141,2565,-6.83784,-0.6751649,12.282255,4791,-5405,-1797,5.853603,-6.603783,-2.1955593,3887,-7084,-614,233.22,-425.03998,-36.84,0,0,0,0,0,0,0,0,0,0,0,1,05FAC5086CFA73FF050AB712E3EAFBF8C50CC608AFFAE9FF740AA212DDEA99F9851FC608D4FA8200AA0A5612A1EA76FA2F0F54E49AFD200000184048
2026-09-12T15:44:46.3698626+00:00,8172,147206750,Connected,-1,24,-1325,262,2694,-6.3446345,1.2545617,12.899959,4591,-5534,-1163,5.609245,-6.761394,-1.4209435,3812,-7166,-485,228.72,-429.96,-29.099998,0,0,0,0,0,0,0,0,0,0,0,1,5E32C608D3FA0601860AEF1162EA75FB1E45C608DFFA4A01130A90114FEA6DFCDE57C60806FB73019E0950118DEA45FDE40E02E41BFE200000184048
2026-09-12T15:44:46.3865211+00:00,8173,147221150,Connected,-1,24,-1254,403,2373,-6.0046577,1.9297266,11.362882,4395,-5342,-516,5.3697734,-6.52681,-0.6304444,3765,-7194,-418,225.9,-431.63998,-25.08,0,0,0,0,0,0,0,0,0,0,0,1,9E6AC6081AFB930145092B1122EBFCFD777DC608FCFA9A0114091F11F0EB91FE3790C60824FBB601B5081B11C9ECFAFEB50EE6E35EFE200000184048
2026-09-12T15:44:46.4199841+00:00,8175,147250275,Connected,-1,24,-873,616,2067,-4.1802764,2.9496565,9.89763,4223,-3891,-25,5.1596255,-4.7539907,-0.030544788,3606,-7225,-234,216.36,-433.5,-14.04,0,0,0,0,0,0,0,0,0,0,0,1,63DCC60897FC680213087F10CDF0E7FF10EEC608C6FCA5020B08441080F14100E900C708D0FCD302FB07001006F2A400160EC7E316FF200000184048
2026-09-12T15:44:46.4533182+00:00,8177,147278825,Connected,-1,24,-783,1044,1778,-3.7493198,4.999093,8.513782,3741,-3031,614,4.570722,-3.70325,0.75017995,3432,-7172,-92,205.92,-430.31998,-5.52,0,0,0,0,0,0,0,0,0,0,0,1,E94BC708F1FC1404F2069D0E29F46602A95EC70804FD8A04B806680EF5F4E8028271C70838FDF8049206510ECEF58003680DFCE3A4FF200000184048
2026-09-12T15:44:46.4699659+00:00,8178,147293250,Connected,-1,24,-703,1378,1652,-3.3662477,6.5984197,7.9104424,3663,-2385,1091,4.4754224,-2.9139726,1.3329746,3377,-7138,-61,202.62,-428.28,-3.6599998,0,0,0,0,0,0,0,0,0,0,0,1,4284C70841FD620574064F0EAFF643040297C70821FDAB0572064E0E8FF72B05C2A9C70821FDDC058506430E59F82806310D1EE4C3FF200000184048
2026-09-12T15:44:46.4866462+00:00,8179,147307675,Connected,-1,24,-685,1526,1687,-3.2800562,7.3071036,8.078036,3627,-1808,1847,4.431438,-2.208999,2.2566488,3275,-7056,-11,196.5,-423.36,-0.65999997,0,0,0,0,0,0,0,0,0,0,0,1,9BBCC70853FDF60597062B0EF0F837075BCFC70879FDF3059F06F80D5BF95A081BE2C70872FDBD059606A30DA5F98509CB0C70E4F5FF200000184048
2026-09-12T15:44:46.5032916+00:00,8180,147322075,Connected,-1,24,-663,1429,1698,-3.1747115,6.8426285,8.130709,3380,-1589,2718,4.1296554,-1.9414266,3.3208294,3232,-7012,4,193.92,-420.72,0.24,0,0,0,0,0,0,0,0,0,0,0,1,DBF4C70869FD9505A206340DCBF99E0A9B07C8087DFDA7059F06BF0CD4F99F0B741AC80895FDCA057906510CD3F99E0CA00C9CE40400200000184048
2026-09-12T15:44:46.5199721+00:00,8182,147350900,Connected,-1,24,-381,1333,1487,-1.8243817,6.3829417,7.120356,2791,-1563,4112,3.41002,-1.9096601,5.024007,3119,-6876,29,187.14,-412.56,1.74,0,0,0,0,0,0,0,0,0,0,0,1,7465C80883FE3505CF05E70AE5F910104D78C808E9FE0505BC05A10A08FAAB100D8BC80827FFCB04A705500A43FA38112F0C24E51D00200000184048
2026-09-12T15:44:46.5365885+00:00,8183,147365325,Connected,-1,24,-154,1194,1400,-0.7374141,5.717354,6.703765,2560,-1397,4519,3.1277862,-1.7068427,5.5212755,3052,-6786,33,183.12,-407.16,1.9799999,0,0,0,0,0,0,0,0,0,0,0,1,CD9DC80866FFAA047805000A8BFAA7118DB0C808E5FF09053D05BF09EDFAF51166C3C8082500A0045C058B0965FB3E12EC0B7EE52100200000184048
2026-09-12T15:44:46.5532727+00:00,8184,147379750,Connected,-1,24,39,1099,1350,0.18674773,5.2624555,6.4643445,2410,-1110,4727,2.9445176,-1.3561885,5.7754083,3021,-6742,31,181.26,-404.52,1.86,0,0,0,0,0,0,0,0,0,0,0,1,26D6C80827004B0446056A09AAFB7712E6E8C80892005F04D4045609E2FB9512A6FBC80818019904A8043F095DFC9D12CD0BAAE51F00200000184048
2026-09-12T15:44:46.5699218+00:00,8185,147394150,Connected,-1,24,372,1227,1191,1.7812861,5.875371,5.7029886,2350,-805,4793,2.87121,-0.98354214,5.8560467,2991,-6700,29,179.45999,-402,1.74,0,0,0,0,0,0,0,0,0,0,0,1,660EC9087401CB04A7042E09DBFCB9123F21C908B201DD04960426092EFD0D13FF33C908CA01B9049704190967FD8713AF0BD4E51D00200000184048
2026-09-12T15:44:46.5865975+00:00,8187,147423000,Connected,-1,24,540,892,1256,2.585738,4.271256,6.0142345,2154,-537,5328,2.631739,-0.656102,6.509705,2902,-6590,13,174.12,-395.4,0.78,0,0,0,0,0,0,0,0,0,0,0,1,187FC9081C027C03E8046A08E7FDD014D891C90862023903ED041F08E9FDD91498A4C908AE021C03D504C907F1FDC614560B42E60D00200000184048
2026-09-12T15:44:46.6199089+00:00,8189,147451825,Connected,-1,24,884,661,1130,4.232949,3.1651347,5.410896,1656,-502,5111,2.0232868,-0.6133393,6.2445765,2804,-6504,-8,168.23999,-390.24,-0.48,0,0,0,0,0,0,0,0,0,0,0,1,B1EFC908740395026A0478060AFEF7137102CA08900392022B04370634FE91134A15CA08B0038402050408067AFE1A13F40A98E6F8FF200000184048
2026-09-12T15:44:46.6365750+00:00,8190,147466250,Connected,-1,24,989,605,1009,4.735731,2.896984,4.831499,1511,-310,4754,1.8461269,-0.37875536,5.808397,2735,-6464,-24,164.09999,-387.84,-1.4399999,0,0,0,0,0,0,0,0,0,0,0,1,0A28CA08DD035D02F103E705CAFE9212CA3ACA0819043702E503CF0523FFF2118A4DCA0858043302EB03C40588FF3B11AF0AC0E6E8FF200000184048
2026-09-12T15:44:46.6532354+00:00,8191,147480650,Connected,-1,24,1166,604,1025,5.583278,2.8921957,4.9081135,1477,-11,4227,1.804586,-0.0134397065,5.1645126,2697,-6448,-34,161.81999,-386.88,-2.04,0,0,0,0,0,0,0,0,0,0,0,1,4A60CA088E045C020104C505F5FF83102373CA08B3048F021104D2056700DB0FE385CA08E204AB020A04E305D500440F890AD0E6DEFF200000184048
2026-09-12T15:44:46.6699228+00:00,8193,147509500,Connected,-1,24,1411,798,941,6.7564373,3.821146,4.5058875,1579,755,3316,1.9292088,0.92245257,4.0514607,2586,-6417,-60,155.16,-385.02,-3.6,0,0,0,0,0,0,0,0,0,0,0,1,FCD0CA0883051E03AD032B06F302F40CBCE3CA089B055403AB033106C903910C7CF6CA08A3055003DB033C069D045E0C1A0AEFE6C4FF200000184048
2026-09-12T15:44:46.7032316+00:00,8194,147523900,Connected,-1,24,1446,849,1067,6.9240313,4.0653543,5.109226,1620,1347,3153,1.9793022,1.6457531,3.8523085,2516,-6413,-75,150.95999,-384.78,-4.5,0,0,0,0,0,0,0,0,0,0,0,1,3C09CB08A60551032B0454064305510CFC1BCB08AC052A03840468069905560CD52ECB08D205F302BE046706A605610CD409F3E6B5FF200000184048
2026-09-12T15:44:46.7199381+00:00,8195,147538400,Connected,-1,24,1505,711,1237,7.2065473,3.4045548,5.923255,1627,1440,3186,1.9878547,1.7593797,3.8926277,2484,-6414,-82,149.04,-384.84,-4.92,0,0,0,0,0,0,0,0,0,0,0,1,E041CB08E105C702D5045B06A005720C5554CB08E005A202CC044606A6058E0C1567CB08C2056302C3043206D0059B0CB409F2E6AEFF200000184048
2026-09-12T15:44:46.7366134+00:00,8197,147567150,Connected,-1,24,1516,334,1189,7.2592196,1.5993267,5.693412,1639,1692,2844,2.0025163,2.0672712,3.474775,2399,-6436,-95,143.94,-386.16,-5.7,0,0,0,0,0,0,0,0,0,0,0,1,2EB2CB08EC054E01A50467069C061C0BEEC4CB0818063A019504AF06CC06730AC7D7CB082706200196041F071407C4095F09DCE6A1FF200000184048
2026-09-12T15:44:46.7533097+00:00,8198,147581575,Connected,-1,24,1572,273,1160,7.52737,1.3072342,5.554548,1980,1902,2310,2.4191473,2.3238475,2.8223383,2377,-6445,-98,142.62,-386.69998,-5.8799996,0,0,0,0,0,0,0,0,0,0,0,1,87EACB08240611018804BC076E07060947FDCB083B06340155048008F50738080710CC08340650012C045F09BF086A074909D3E69EFF200000184048
2026-09-12T15:44:46.7700396+00:00,8199,147595975,Connected,-1,24,1576,326,1054,7.5465236,1.5610195,5.046977,2646,2498,1683,3.2328603,3.052035,2.0562751,2341,-6464,-95,140.45999,-387.84,-5.7,0,0,0,0,0,0,0,0,0,0,0,1,C722CC08280646011E04560AC20993068735CC08300681013404620BD70AB2056048CC082106BD013D047C0CF30BE3042509C0E6A1FF200000184048
2026-09-12T15:44:46.7865839+00:00,8200,147610400,Connected,-1,24,1522,494,1141,7.28795,2.3654714,5.463568,3487,3354,1065,4.260387,4.0978885,1.3012079,2329,-6471,-93,139.73999,-388.25998,-5.58,0,0,0,0,0,0,0,0,0,0,0,1,205BCC08F205EE0175049F0D1A0D2904E06DCC08D5050E02CE04B00E230E7003A080CC08E2052A024C05930FFB0EB3021909B9E6A3FF200000184048
2026-09-12T15:44:46.8032440+00:00,8201,147624825,Connected,-1,24,1570,601,1523,7.517793,2.8778305,7.2927384,4158,3989,505,5.0802093,4.8737264,0.6170047,2319,-6478,-78,139.14,-388.68,-4.68,0,0,0,0,0,0,0,0,0,0,0,1,7993CC0822065902F3053E10950FF90139A6CC086806980288069F10ED0F5701F9B8CC08A306C5023707BF102010D3000F09B2E6B2FF200000184048
2026-09-12T15:44:46.8199531+00:00,8202,147639225,Connected,-1,24,1815,798,2011,8.690952,3.821146,9.629479,4252,4147,116,5.1950574,5.066769,0.14172782,2320,-6477,-69,139.2,-388.62,-4.14,0,0,0,0,0,0,0,0,0,0,0,1,B9CBCC0817071E03DB079C103310740092DECC0853076E0331083A101E10500052F1CC08450773032B08C10FD00F5C001009B3E6BBFF200000184048
2026-09-12T15:44:46.8365838+00:00,8204,147668075,Connected,-1,24,1440,833,1830,6.895301,3.98874,8.762778,3992,3581,-204,4.877392,4.3752356,-0.24924546,2353,-6449,-45,141.18,-386.94,-2.7,0,0,0,0,0,0,0,0,0,0,0,1,6B3CCD08A00541032607980FFD0D34FF2B4FCD085305950308070310D80D90FEEB61CD083F05FB03CF068010EE0DE4FD3109CFE6D3FF200000184048
2026-09-12T15:44:46.8532862+00:00,8205,147682475,Connected,-1,24,1333,1130,1652,6.3829417,5.410896,7.9104424,4366,3641,-708,5.3343415,4.4485426,-0.8650284,2393,-6411,-35,143.58,-384.66,-2.1,0,0,0,0,0,0,0,0,0,0,0,1,AB74CD0835056A0474060E11390E3CFD8487CD082105EE040F06B211C20EAFFC449ACD08F9047705D8057012730F45FC5909F5E6DDFF200000184048
2026-09-12T15:44:46.8699218+00:00,8206,147696900,Connected,-1,24,1199,1529,1507,5.741296,7.321469,7.216124,4929,4156,-1025,6.02221,5.0777655,-1.2523363,2418,-6389,-33,145.08,-383.34,-1.9799999,0,0,0,0,0,0,0,0,0,0,0,1,04ADCD08AF04F905E30541133C10FFFBC4BFCD085D0464062A062614FC10E1FB9DD2CD08F803B306A0060D159F11EFFB72090BE7DFFF200000184048
2026-09-12T15:44:46.8866210+00:00,8207,147711325,Connected,-1,24,897,1725,1815,4.295198,8.259995,8.690952,5603,4613,-992,6.845698,5.636124,-1.2120172,2477,-6326,-34,148.62,-379.56,-2.04,0,0,0,0,0,0,0,0,0,0,0,1,5DE5CD088103BD061707E315051220FC1DF8CD08D602140699079C1614125BFCDD0ACE08A6024C0664073817FB117FFCAD094AE7DEFF200000184048
2026-09-12T15:44:46.9032570+00:00,8209,147740150,Connected,-1,24,730,1875,1939,3.4955344,8.978256,9.284714,6365,4795,-993,7.776703,5.85849,-1.213239,2546,-6243,-53,152.76,-374.58,-3.1799998,0,0,0,0,0,0,0,0,0,0,0,1,F655CE08DA0253079307DD18BB121FFCB668CE0811036307C007B818B31206FC767BCE084B033907BC077718B8121CFCF2099DE7CBFF200000184048
2026-09-12T15:44:46.9202398+00:00,8210,147754575,Connected,-1,24,778,1855,2020,3.7253778,8.882488,9.672575,6170,4746,-955,7.5384536,5.7986226,-1.1668109,2622,-6150,-95,157.31999,-369,-5.7,0,0,0,0,0,0,0,0,0,0,0,1,4F8ECE080A033F07E4071A188A1245FC0FA1CE08F5025807B6078D17AD114AFCCFB3CE08E1025907A507F0168F104CFC3E0AFAE7A1FF200000184048
2026-09-12T15:44:46.9366080+00:00,8211,147768975,Connected,-1,24,709,1848,1885,3.394978,8.848969,9.02614,5704,3919,-954,6.9690986,4.788201,-1.1655891,2658,-6104,-123,159.48,-366.24,-7.3799996,0,0,0,0,0,0,0,0,0,0,0,1,8FC6CE08C50238075D0748164F0F46FC4FD9CE08BC021807CC069515100E34FC28ECCE08BA02C7060606DE14200D15FC620A28E885FF200000184048
2026-09-12T15:44:46.9699291+00:00,8212,147783400,Connected,-1,24,607,1722,1436,2.906561,8.24563,6.8761473,5179,3240,-1035,6.327658,3.9586043,-1.2645541,2729,-6010,-193,163.73999,-360.6,-11.58,0,0,0,0,0,0,0,0,0,0,0,1,E8FECE085F02BA069C053B14A80CF5FBA811CF08240203071805A313410CD1FB6824CF08F3016B079A041D13EF0BC3FBA90A86E83FFF200000184048
2026-09-12T15:44:46.9866112+00:00,8214,147812225,Connected,-1,24,292,1989,1074,1.3982137,9.524135,5.142745,4303,2603,-857,5.2573686,3.1803234,-1.0470753,2821,-5885,-323,169.26,-353.1,-19.38,0,0,0,0,0,0,0,0,0,0,0,1,816FCF082401C5073204CF102B0AA7FC5A82CF082201A607B80323108C09CAFC1A95CF0824013F0716039E0F2A09C4FC050B03E9BDFE200000184048
2026-09-12T15:44:47.0034211+00:00,8215,147826650,Connected,-1,24,306,1793,630,1.4652514,8.585608,3.016694,3926,2319,-872,4.7967534,2.8333344,-1.0654022,2845,-5849,-371,170.7,-350.94,-22.26,0,0,0,0,0,0,0,0,0,0,0,1,DAA7CF08320101077602560F0F0998FC9ABACF086001F806E1013C0F1B0949FC73CDCF087C0115077301480F4209DEFB1D0B27E98DFE200000184048
2026-09-12T15:44:47.0200649+00:00,8216,147841075,Connected,-1,24,407,1827,315,1.9488802,8.748413,1.508347,3954,2420,-1189,4.8309636,2.9567354,-1.45271,2894,-5788,-475,173.64,-347.28,-28.5,0,0,0,0,0,0,0,0,0,0,0,1,33E0CF08970123073B01720F74095BFBF3F2CF08A40113071C01A20F9209C6FAB305D008C901F206FA00CB0FAA091CFA4E0B64E925FE200000184048
2026-09-12T15:44:47.0367536+00:00,8217,147855500,Connected,-1,24,496,1718,238,2.3750482,8.226477,1.13964,4067,2521,-1704,4.969026,3.0801363,-2.0819328,2912,-5761,-528,174.72,-345.66,-31.679998,0,0,0,0,0,0,0,0,0,0,0,1,8C18D008F001B606EE00E30FD90958F94C2BD008FB017D060A01E40F040A86F80C3ED008E4015F062501C40FEE09B2F7600B7FE9F0FD200000184048
2026-09-12T15:44:47.0536286+00:00,8218,147869900,Connected,-1,24,562,1505,242,2.6910827,7.2065473,1.1587936,3974,2500,-2329,4.8553996,3.0544786,-2.8455524,2929,-5738,-582,175.73999,-344.28,-34.92,0,0,0,0,0,0,0,0,0,0,0,1,CC50D0083202E105F200860FC409E7F68C63D0086801F4057C01540FFF093BF66576D008C0006106D601E50E6F0969F5710B96E9BAFD200000184048
2026-09-12T15:44:47.0701670+00:00,8220,147898750,Connected,-1,24,53,1688,112,0.25378537,8.082825,0.5363012,3134,1384,-3206,3.8290946,1.6909595,-3.9170635,2973,-5698,-742,178.37999,-341.88,-44.52,0,0,0,0,0,0,0,0,0,0,0,1,7EC1D0083500980670003E0C68057AF33ED4D008DAFFDE06C8FFA40BDB0479F3FEE6D0088BFF290739FF060B8604ACF39D0BBEE91AFD200000184048
2026-09-12T15:44:47.0868339+00:00,8221,147913150,Connected,-1,24,-184,1843,-372,-0.8810662,8.825027,-1.7812861,2662,1102,-3038,3.252409,1.3464142,-3.7118025,2998,-5693,-837,179.87999,-341.58,-50.219997,0,0,0,0,0,0,0,0,0,0,0,1,BEF9D00848FF33078CFE660A4E0422F4970CD108BAFEF70604FED0094204BEF4571FD10814FEAB06C9FD3B0957044FF5B60BC3E9BBFC200000184048
2026-09-12T15:44:47.1034566+00:00,8222,147927575,Connected,-1,24,-602,1647,-570,-2.882619,7.8865004,-2.72939,2207,1163,-2649,2.6964939,1.4209435,-3.2365258,3011,-5693,-882,180.65999,-341.58,-52.92,0,0,0,0,0,0,0,0,0,0,0,1,1732D108A6FD6F06C6FD9F088B04A7F5D744D108A4FD5206D6FDF807D104B8F5B057D108D9FD2F06F8FD5007F8048FF5C30BC3E98EFC200000184048
2026-09-12T15:44:47.1201371+00:00,8223,147942000,Connected,-1,24,-462,1552,-498,-2.2122424,7.431602,-2.384625,1713,1256,-2761,2.092929,1.5345701,-3.3733664,3034,-5702,-966,182.04,-342.12,-57.96,0,0,0,0,0,0,0,0,0,0,0,1,706AD10832FE10060EFEB106E80437F5307DD108B8FEE90528FE2206A604B4F4F08FD10830FFBF0543FEA505360414F4DA0BBAE93AFC200000184048
2026-09-12T15:44:47.1368037+00:00,8225,147970825,Connected,-1,24,-136,1379,-348,-0.6512229,6.603208,-1.6663644,1086,259,-3866,1.3268656,0.316444,-4.723446,3076,-5729,-1074,184.56,-343.74,-64.439995,0,0,0,0,0,0,0,0,0,0,0,1,09DBD10878FF6305A4FE3E040301E6F0C9EDD108F8FE4C05D8FEED0318002CF0A200D20873FE570505FFA00329FF91EF040C9FE9CEFB200000184048
2026-09-12T15:44:47.1534710+00:00,8226,147985250,Connected,-1,24,-507,1396,-246,-2.4277205,6.6846113,-1.1779473,859,-453,-4314,1.049519,-0.55347157,-5.2708087,3095,-5741,-1105,185.7,-344.46,-66.299995,0,0,0,0,0,0,0,0,0,0,0,1,6213D20805FE74050AFF5B033BFE26EF2226D20885FD7005F5FE1F034FFDF6EEE238D208CCFC6B05E5FEE80278FCEEEE170C93E9AFFB200000184048
2026-09-12T15:44:47.1868311+00:00,8228,148014075,Connected,-1,24,-846,1261,-680,-4.050989,6.0381765,-3.2561142,388,-949,-4387,0.4740551,-1.1594801,-5.359999,3153,-5785,-1181,189.18,-347.1,-70.86,0,0,0,0,0,0,0,0,0,0,0,1,FB83D208B2FCED0458FD84014BFCDDEEBB96D208C1FCDD04BBFCBA01D1FB95EF7BA9D2086BFC3905ABFC320220FB7EF0510C67E963FB200000184048
2026-09-12T15:44:47.2035006+00:00,8229,148028500,Connected,-1,24,-1013,1479,-686,-4.8506527,7.0820484,-3.2848446,678,-1369,-3766,0.8283746,-1.6726326,-4.601267,3176,-5803,-1202,190.56,-348.18,-72.119995,0,0,0,0,0,0,0,0,0,0,0,1,54BCD2080BFCC70552FDA602A7FA4AF114CFD208E0FB3C0608FEDB028DFAE5F1D4E1D208B4FB610696FEE002B2FA63F2680C55E94EFB200000184048
2026-09-12T15:44:47.2201407+00:00,8231,148057325,Connected,-1,24,-1380,1260,-376,-6.6079965,6.033388,-1.8004397,726,-1480,-3068,0.88702065,-1.8082514,-3.7484562,3254,-5858,-1244,195.23999,-351.47998,-74.64,0,0,0,0,0,0,0,0,0,0,0,1,ED2CD3089CFAEC0488FED60238FA04F4AD3FD30881FA80041DFE2303B7F918F46D52D3086AFA1C04D1FD840334F907F4B60C1EE924FB200000184048
2026-09-12T15:44:47.2535083+00:00,8232,148071725,Connected,-1,24,-1482,953,-591,-7.0964136,4.5633483,-2.8299465,982,-1850,-3109,1.1997993,-2.2603142,-3.7985497,3309,-5898,-1263,198.54,-353.88,-75.78,0,0,0,0,0,0,0,0,0,0,0,1,2D65D30836FAB903B1FDD603C6F8DBF30678D30802FA7603B5FDFF0370F89AF3C68AD308F9F97303C5FD050425F84FF3ED0CF6E811FB200000184048
2026-09-12T15:44:47.2701290+00:00,8233,148086150,Connected,-1,24,-1540,896,-581,-7.374141,4.2904096,-2.7820623,1019,-2079,-3322,1.2450055,-2.5401046,-4.058791,3336,-5921,-1268,200.15999,-355.25998,-76.08,0,0,0,0,0,0,0,0,0,0,0,1,869DD308FCF98003BBFDFB03E1F706F346B0D308E6F96A03AEFDF20398F7C8F21FC3D308C5F93E03C4FDEF034EF794F2080DDFE80CFB200000184048
2026-09-12T15:44:47.2868091+00:00,8234,148100575,Connected,-1,24,-1623,780,-524,-7.771579,3.7349546,-2.5091233,994,-2302,-3486,1.2144607,-2.812564,-4.2591653,3400,-5973,-1276,204,-358.38,-76.56,0,0,0,0,0,0,0,0,0,0,0,1,DFD5D308A9F90C03F4FDE20302F762F29FE8D308AEF9140324FEC603BFF633F25FFBD308F7F907033FFE7F0383F614F2480DABE804FB200000184048
2026-09-12T15:44:47.3034508+00:00,8236,148129400,Connected,-1,24,-1839,396,-516,-8.805874,1.8962077,-2.4708161,267,-2275,-3585,0.32621834,-2.7795756,-4.3801227,3498,-6060,-1277,209.87999,-363.6,-76.619995,0,0,0,0,0,0,0,0,0,0,0,1,7846D408D1F88C01FCFD0B011DF7FFF15159D4087CF8740134FE050196F6F3F1116CD40863F887017AFE1A0109F6D9F1AA0D54E803FB200000184048
2026-09-12T15:44:47.3201246+00:00,8237,148143825,Connected,-1,24,-1994,384,-330,-9.548077,1.8387469,-1.5801731,296,-2675,-3657,0.3616503,-3.2682922,-4.4680915,3531,-6091,-1276,211.86,-365.46,-76.56,0,0,0,0,0,0,0,0,0,0,0,1,D17ED40836F88001B6FE28018DF5B7F19191D40801F84001F4FE21012CF59AF151A4D408D5F7090135FF0501D7F477F1CB0D35E804FB200000184048
2026-09-12T15:44:47.3368309+00:00,8238,148158250,Connected,-1,24,-2080,137,-159,-9.959879,0.6560113,-0.7613561,220,-2906,-3776,0.26879412,-3.5505261,-4.613485,3596,-6164,-1267,215.76,-369.84,-76.02,0,0,0,0,0,0,0,0,0,0,0,1,2AB7D408E0F7890061FFDC00A6F440F1EAC9D408B0F70A006EFFD000BDF4F1F0AADCD40878F7D7FF97FF040105F582F00C0EECE70DFB200000184048
2026-09-12T15:44:47.3534916+00:00,8239,148172650,Connected,-1,24,-2213,0,-51,-10.596737,0,-0.24420857,362,-2696,-4112,0.44228852,-3.2939498,-5.024007,3628,-6205,-1259,217.68,-372.3,-75.54,0,0,0,0,0,0,0,0,0,0,0,1,6AEFD4085BF70000CDFF6A0178F5F0EF4302D50800F7AF000600FA0102F643EF0315D508C5F65101F2FFAA0230F687EE2C0EC3E715FB200000184048
2026-09-12T15:44:47.3701288+00:00,8241,148201500,Connected,-1,24,-2334,551,396,-11.176133,2.6384103,1.8962077,1840,-2501,-4243,2.2480962,-3.0557005,-5.1840615,3718,-6350,-1226,223.08,-381,-73.56,0,0,0,0,0,0,0,0,0,0,0,1,1C60D508E2F627028C0130073BF66DEFDC72D508BFF623022902390891F599F09C85D5089CF61B02D60200099AF413F2860E32E736FB200000184048
2026-09-12T15:44:47.3867942+00:00,8242,148215900,Connected,-1,24,-2399,528,859,-11.48738,2.528277,4.1132383,2430,-3236,-3126,2.9689534,-3.9537172,-3.8193202,3747,-6406,-1214,224.81999,-384.36,-72.84,0,0,0,0,0,0,0,0,0,0,0,1,5C98D508A1F610025B037E095CF3CAF335ABD508D7F6F0018203D3091BF2B6F5F5BDD508DCF6A4014D03250A03F1B9F7A30EFAE642FB200000184048
2026-09-12T15:44:47.4034990+00:00,8243,148230325,Connected,-1,24,-2386,337,767,-11.425131,1.6136919,3.6727054,2682,-4055,-1630,3.2768447,-4.9543643,-1.9915202,3796,-6521,-1174,227.76,-391.25998,-70.439995,0,0,0,0,0,0,0,0,0,0,0,1,B5D0D508AEF65101FF027A0A29F0A2F975E3D50859F6F700AF02C30A7AEF41FB35F6D50810F675008802040BFBEE82FCD40E87E66AFB200000184048
2026-09-12T15:44:47.4201472+00:00,8244,148244750,Connected,-1,24,-2561,-29,660,-12.263102,-0.1388637,3.1603463,2884,-4433,-667,3.5236466,-5.4162016,-0.8149349,3819,-6579,-1149,229.14,-394.74,-68.939995,0,0,0,0,0,0,0,0,0,0,0,1,0E09D608FFF5E3FF9402440BAFEE65FDCE1BD60810F645FF8C02830B7AEEFEFD8E2ED60841F6C8FE7602B80B74EE5CFEEB0E4DE683FB200000184048
2026-09-12T15:44:47.4368133+00:00,8245,148259150,Connected,-1,24,-2487,-419,612,-11.908759,-2.006341,2.930503,3031,-4438,-373,3.70325,-5.422311,-0.45572823,3850,-6690,-1086,231,-401.4,-65.159996,0,0,0,0,0,0,0,0,0,0,0,1,4E41D60849F65DFE6402D70BAAEE8BFE2754D6083CF60EFE7202E00B0CEF92FEE766D6084EF6E8FD8F02D00B91EF76FE0A0FDEE5C2FB200000184048
2026-09-12T15:44:47.4534839+00:00,8246,148273575,Connected,-1,24,-2441,-528,687,-11.688493,-2.528277,3.289633,2980,-4047,-445,3.6409388,-4.94459,-0.54369724,3865,-6745,-1049,231.9,-404.69998,-62.94,0,0,0,0,0,0,0,0,0,0,0,1,A779D60877F6F0FDAF02A40B31F043FE678CD60899F602FEBA026C0BDAF004FE409FD608C0F62FFECE023A0B7DF1C4FD190FA7E5E7FB200000184048
2026-09-12T15:44:47.4701965+00:00,8248,148302600,Connected,-1,24,-2138,-102,1021,-10.237606,-0.48841715,4.88896,2930,-3213,-741,3.579849,-3.925616,-0.90534747,3877,-6899,-926,232.62,-413.94,-55.559998,0,0,0,0,0,0,0,0,0,0,0,1,08EBD608A6F79AFFFD03720B73F31BFD19FDD608D8F7E5FF5904E70BDDF31AFDD90FD708F2F7EFFFFC04580CB1F360FD250F0DE562FC200000184048
2026-09-12T15:44:47.4868890+00:00,8249,148316825,Connected,-1,24,-2027,82,1424,-9.706094,0.39264908,6.8186865,3245,-3270,-538,3.9647133,-3.995258,-0.65732384,3875,-6941,-881,232.5,-416.46,-52.86,0,0,0,0,0,0,0,0,0,0,0,1,9922D70815F852009005AD0C3AF3E6FD5935D70824F8D5000B06F60CB2F293FE3248D70820F820013806400D11F24CFF230FE3E48FFC200000184048
2026-09-12T15:44:47.5034019+00:00,8250,148331250,Connected,-1,24,-2012,317,1590,-9.634268,1.5179238,7.6135616,3493,-3723,-1,4.267718,-4.54873,-0.0012217915,3860,-7012,-789,231.59999,-420.72,-47.34,0,0,0,0,0,0,0,0,0,0,0,1,F25AD70824F83D013606A50D75F1FFFFB26DD7082FF831013906230EF2F0A8007280D70824F821017006AE0E81F04C01140F9CE4EBFC200000184048
2026-09-12T15:44:47.5367261+00:00,8252,148360075,Connected,-1,24,-2093,71,1959,-10.022128,0.33997664,9.380483,4192,-4462,906,5.12175,-5.4516335,1.1069431,3808,-7074,-643,228.48,-424.44,-38.579998,0,0,0,0,0,0,0,0,0,0,0,1,8BCBD708D3F74700A707601092EE8A034BDED708EDF74100C00786102EEEE50324F1D7080EF84D00AB077A1013EE2304E00E5EE47DFD200000184048
2026-09-12T15:44:47.5533904+00:00,8253,148374500,Connected,-1,24,-2004,72,1928,-9.595961,0.34476504,9.232041,4174,-4551,1101,5.0997577,-5.5603733,1.3451924,3785,-7082,-591,227.09999,-424.91998,-35.46,0,0,0,0,0,0,0,0,0,0,0,1,E403D8082CF8480088074E1039EE4D04A416D80862F84A0040071B107EEE69046429D80895F859000907ED0FE3EE7A04C90E56E4B1FD200000184048
2026-09-12T15:44:47.5700639+00:00,8254,148388900,Connected,-1,24,-1852,117,1762,-8.868123,0.5602432,8.437167,4037,-4233,1145,4.932372,-5.1718435,1.3989513,3734,-7079,-499,224.04,-424.74,-29.939999,0,0,0,0,0,0,0,0,0,0,0,1,243CD808C4F87500E206C50F77EF7904FD4ED808F1F8B400CA069D0F42F06604BD61D8081CF9FF00AD06780F32F14704960E59E40DFE200000184048
2026-09-12T15:44:47.5867276+00:00,8255,148403325,Connected,-1,24,-1733,340,1687,-8.298303,1.6280571,8.078036,3929,-3541,1058,4.800419,-4.3263636,1.2926553,3704,-7070,-455,222.23999,-424.19998,-27.3,0,0,0,0,0,0,0,0,0,0,0,1,7D74D8083BF954019706590F2BF222043D87D80868F9AB018506440F1CF30004169AD80899F914029206380FF7F3EF03780E62E439FE200000184048
2026-09-12T15:44:47.6200942+00:00,8258,148446575,Connected,-1,24,-1330,1152,1782,-6.3685765,5.5162406,8.532935,3612,-2641,1910,4.4131107,-3.2267513,2.3336217,3557,-6976,-286,213.42,-418.56,-17.16,0,0,0,0,0,0,0,0,0,0,0,1,6F1DD908CEFA8004F6061C0EAFF576072F30D908B2FA9D04D306DA0DBBF54A08EF42D9089AFABB04AF069E0DD3F51309E50DC0E4E2FE200000184048
2026-09-12T15:44:47.6367217+00:00,8259,148461000,Connected,-1,24,-1415,1224,1660,-6.775591,5.861006,7.9487495,3436,-2560,2506,4.198076,-3.1277862,3.0618095,3527,-6948,-260,211.62,-416.88,-15.599999,0,0,0,0,0,0,0,0,0,0,0,1,C855D90879FAC8047C066C0D00F6CA098868D90863FAB7044C063A0D38F66A0A487BD90877FAA7042C06050D74F6F40AC70DDCE4FCFE200000184048
2026-09-12T15:44:47.6533952+00:00,8260,148475400,Connected,-1,24,-1368,1180,1537,-6.5505357,5.650316,7.359776,3278,-2385,2928,4.0050325,-2.9139726,3.5774055,3495,-6918,-237,209.7,-415.08,-14.219999,0,0,0,0,0,0,0,0,0,0,0,1,088ED908A8FA9C040106CE0CAFF6700BC8A0D908F6FA8C04C5058F0CEBF6E70BA1B3D90826FB8804A305480C3CF74D0CA70DFAE413FF200000184048
2026-09-12T15:44:47.6700590+00:00,8261,148489825,Connected,-1,24,-1182,1152,1429,-5.659893,5.5162406,6.8426285,3084,-2155,3224,3.768005,-2.6329606,3.9390557,3435,-6853,-196,206.09999,-411.18,-11.759999,0,0,0,0,0,0,0,0,0,0,0,1,61C6D90862FB800495050C0C95F7980C21D9D908ABFB6F047C05DE0BE1F7CE0CE1EBD90808FC67045005BB0B2AF8EC0C6B0D3BE53CFF200000184048
2026-09-12T15:44:47.6867276+00:00,8263,148518650,Connected,-1,24,-623,1398,1284,-2.9831753,6.694188,6.14831,3014,-1599,3277,3.6824796,-1.9536446,4.003811,3347,-6743,-154,200.81999,-404.58,-9.24,0,0,0,0,0,0,0,0,0,0,0,1,FA36DA0891FD76050405C60BC1F9CD0CBA49DA08F2FDEC050205E90B0EFAF20C7A5CDA0824FE0A062705140C32FA420D130DA9E566FF200000184048
2026-09-12T15:44:47.7033851+00:00,8264,148533075,Connected,-1,24,-430,1496,1349,-2.0590134,7.1634517,6.459556,3136,-1476,3492,3.8315382,-1.8033643,4.2664957,3319,-6706,-147,199.14,-402.36,-8.82,0,0,0,0,0,0,0,0,0,0,0,1,536FDA0852FED8054505400C3CFAA40D1382DA089BFED2057A05550C50FA070ED394DA08E4FEF405A405430C58FA750EF70CCEE56DFF200000184048
2026-09-12T15:44:47.7200530+00:00,8265,148547475,Connected,-1,24,-233,1521,1445,-1.115698,7.2831616,6.919243,3100,-1487,3830,3.7875535,-1.8168039,4.6794615,3262,-6631,-132,195.72,-397.86,-7.9199996,0,0,0,0,0,0,0,0,0,0,0,1,93A7DA0817FFF105A5051C0C31FAF60E53BADA081EFFC3059605EB0BDDF9760F13CDDA0818FF8B058F05A70B70F9E00FBE0C19E67CFF200000184048
2026-09-12T15:44:47.7367214+00:00,8266,148561900,Connected,-1,24,-228,1397,1408,-1.091756,6.6893997,6.742072,2891,-1778,4138,3.5321991,-2.1723452,5.0557733,3233,-6594,-130,193.98,-395.63998,-7.7999997,0,0,0,0,0,0,0,0,0,0,0,1,ECDFDA081CFF750580054B0B0EF92A10ACF2DA0811FF75057905DA0AC7F857106C05DB0819FF9B053D05620A94F86910A10C3EE67EFF200000184048
2026-09-12T15:44:47.7700575+00:00,8268,148590725,Connected,-1,24,-66,1416,858,-0.31603462,6.7803793,4.10845,2374,-1571,4149,2.900533,-1.9194344,5.069213,3137,-6486,-124,188.22,-389.16,-7.44,0,0,0,0,0,0,0,0,0,0,0,1,8550DB08BEFF88055A034609DDF935104563DB08E6FF39051B032A098DFA1A101E76DB081E001605EC020C094AFBEE0F410CAAE684FF200000184048
2026-09-12T15:44:47.7868298+00:00,8270,148619550,Connected,-1,24,293,1280,656,1.4030021,6.129156,3.1411927,2104,-572,3728,2.5706494,-0.69886476,4.5548387,3137,-6486,-124,188.22,-389.16,-7.44,0,0,0,0,0,0,0,0,0,0,0,1,1EC1DB082501000590023808C4FD900EF7D3DB087201E0046202000853FE230EB7E6DB08C501D1043E02C907CAFEB90D410CAAE684FF200000184048
2026-09-12T15:44:47.8200953+00:00,8271,148633975,Connected,-1,24,542,1272,543,2.5953147,6.090849,2.6001031,1937,-229,3420,2.36661,-0.27979025,4.178527,3137,-6486,-124,188.22,-389.16,-7.44,0,0,0,0,0,0,0,0,0,0,0,1,77F9DB081E02F8041F0291071BFF5C0D370CDC084C023405FD01550766FF2C0D101FDC085A024505D9011507C4FF2B0D410CAAE684FF200000184048
2026-09-12T15:44:47.8367180+00:00,8272,148648400,Connected,-1,24,612,1349,472,2.930503,6.459556,2.2601264,1751,41,3387,2.1393569,0.05009345,4.138208,3064,-6409,-134,183.84,-384.53998,-8.04,0,0,0,0,0,0,0,0,0,0,0,1,D031DC0864024505D801D70629003B0D9044DC0870022D05CA019C068F00470D5057DC086F020E05BE015F06FC00470DF80BF7E67AFF200000184048
2026-09-12T15:44:47.8533799+00:00,8274,148677225,Connected,-1,24,694,1220,539,3.323152,5.841852,2.5809495,1349,726,3307,1.6481967,0.88702065,4.0404644,2947,-6316,-154,176.81999,-378.96,-9.24,0,0,0,0,0,0,0,0,0,0,0,1,69A2DC08B602C4041B024505D602EB0C29B5DC08D50201053A02F6043603DE0C02C8DC08F5020B0552029E049203F20C830B54E766FF200000184048
2026-09-12T15:44:47.8700538+00:00,8275,148691650,Connected,-1,24,800,1268,631,3.8307228,6.0716953,3.0214825,1093,980,3346,1.3354181,1.1973556,4.0881143,2909,-6290,-164,174.54,-377.4,-9.84,0,0,0,0,0,0,0,0,0,0,0,1,C2DADC082003F40477024504D403120D82EDDC084A03D7049A02F203F503350D4200DD0863039F04B502A603FB03570D5D0B6EE75CFF200000184048
2026-09-12T15:44:47.8867444+00:00,8276,148706050,Connected,-1,24,918,1139,707,4.3957543,5.4539914,3.3854012,871,1000,3437,1.0641804,1.2217915,4.1992974,2834,-6244,-185,170.04,-374.63998,-11.099999,0,0,0,0,0,0,0,0,0,0,0,1,0213DD0896037304C3026703E8036D0DDB25DD08E5035604D3022B03C2036E0D9B38DD083F045404CC02EA028B03610D120B9CE747FF200000184048
2026-09-12T15:44:47.9033824+00:00,8277,148720475,Connected,-1,24,1158,1105,691,5.544971,5.291186,3.3087866,670,859,3408,0.8186003,1.049519,4.1638656,2795,-6225,-196,167.7,-373.5,-11.759999,0,0,0,0,0,0,0,0,0,0,0,1,5B4BDD0886045104B3029E025B03500D1B5EDD089C042E04910258024903390DDB70DD088E04F7036B02290253030B0DEB0AAFE73CFF200000184048
2026-09-12T15:44:47.9200525+00:00,8278,148734900,Connected,-1,24,1183,974,600,5.6646814,4.663905,2.873042,542,887,3254,0.662211,1.083729,3.9757094,2718,-6196,-214,163.08,-371.75998,-12.84,0,0,0,0,0,0,0,0,0,0,0,1,B483DD089F04CE0358021E027703B60C7496DD08D504C50353022C02A703470C34A9DD081605EB0345024202EF03E20B9E0ACCE72AFF200000184048
2026-09-12T15:44:47.9367195+00:00,8280,148763725,Connected,-1,24,1306,917,718,6.253655,4.390966,3.4380736,672,1563,2831,0.8210439,1.9096601,3.4588916,2645,-6181,-233,158.7,-370.86,-13.98,0,0,0,0,0,0,0,0,0,0,0,1,4DF4DD081A059503CE02A0021B060F0B0D07DE084305AB031803AD028406D50ACD19DE085D05BC036503A902D006A60A550ADBE717FF200000184048
2026-09-12T15:44:47.9534100+00:00,8281,148778150,Connected,-1,24,1408,946,933,6.742072,4.5298295,4.4675803,664,1776,2680,0.8112695,2.1699016,3.2744012,2577,-6177,-252,154.62,-370.62,-15.12,0,0,0,0,0,0,0,0,0,0,0,1,A62CDE088005B203A5039802F006780A663FDE08BE05DC03BD037F02EB06520A2652DE08DB052F04A0037002F0065B0A110ADFE704FF200000184048
2026-09-12T15:44:47.9700541+00:00,8282,148792550,Connected,-1,24,1476,1075,926,7.067683,5.1475334,4.4340615,630,1830,2708,0.76972866,2.2358785,3.3086114,2546,-6177,-260,152.76,-370.62,-15.599999,0,0,0,0,0,0,0,0,0,0,0,1,E664DE08C40533049E0376022607940ABF77DE08B905F203D10392026907D00A7F8ADE08CA05AA032104AF029107F50AF209DFE7FCFE200000184048
2026-09-12T15:44:47.9867259+00:00,8283,148806975,Connected,-1,24,1531,880,1123,7.3310456,4.213795,5.377377,685,1942,2815,0.8369272,2.372719,3.439343,2494,-6196,-266,149.64,-371.75998,-15.96,0,0,0,0,0,0,0,0,0,0,0,1,3F9DDE08FB0570036304AD029607FF0AFFAFDE0839064F038A0482028107F70ABFC2DE086A0647038D0441025307F00ABE09CCE7F6FE200000184048
2026-09-12T15:44:48.0034738+00:00,8285,148835800,Connected,-1,24,1831,792,1154,8.767567,3.7924154,5.5258174,564,1697,2679,0.68909043,2.0733802,3.2731793,2426,-6232,-261,145.56,-373.91998,-15.66,0,0,0,0,0,0,0,0,0,0,0,1,D80DDF082707180382043402A106770AB120DF08120701038E047802A1064B0A7133DF08FB06E4026E04D202C406150A7A09A8E7FBFE200000184048
2026-09-12T15:44:48.0367240+00:00,8286,148850225,Connected,-1,24,1733,700,1092,8.298303,3.3518825,5.2289367,843,1830,2515,1.0299702,2.2358785,3.0728056,2404,-6248,-255,144.23999,-374.88,-15.299999,0,0,0,0,0,0,0,0,0,0,0,1,3146DF08C506BC0244044B032607D309F158DF089406A7024C04D903C6078209B16BDF08A606990271046A0476081B09640998E701FF200000184048
2026-09-12T15:44:48.0701039+00:00,8288,148879350,Connected,-1,24,1765,550,1431,8.451532,2.633622,6.8522053,1455,2453,1904,1.7777066,2.9970546,2.326291,2349,-6301,-228,140.94,-378.06,-13.679999,0,0,0,0,0,0,0,0,0,0,0,1,F6B7DF08E50626029705AF05950970078AC9DF0818071302E105C2056309EF0663DCDF088F074B023A06C1052A0976062D0963E71CFF200000184048
2026-09-12T15:44:48.0867802+00:00,8290,148907900,Connected,-1,24,1893,631,1613,9.064447,3.0214825,7.723695,1309,1997,1735,1.5993251,2.4399176,2.1198082,2313,-6350,-191,138.78,-381,-11.46,0,0,0,0,0,0,0,0,0,0,0,1,7C27E008650777024D061D05CD07C7063C3AE008F6066802F80544059107EF06FC4CE008B4063C02AC058805B707E806090932E741FF200000184048
2026-09-12T15:44:48.1033843+00:00,8291,148922300,Connected,-1,24,1690,499,1442,8.0924015,2.3894134,6.9048777,1516,2080,1710,1.8522359,2.5413263,2.0892634,2303,-6365,-178,138.18,-381.9,-10.679999,0,0,0,0,0,0,0,0,0,0,0,1,BC5FE0089A06F301A205EC052008AE067C72E0089106C901D0057306880846065585E008AE06D8010E061207C508BF05FF0823E74EFF200000184048
2026-09-12T15:44:48.1200676+00:00,8292,148936725,Connected,-1,24,1778,481,1592,8.513782,2.303222,7.6231384,1974,2269,1323,2.4118164,2.772245,1.6164302,2294,-6393,-149,137.64,-383.58,-8.94,0,0,0,0,0,0,0,0,0,0,0,1,1598E008F206E1013806B607DD082B05D5AAE0083F07E201210650080009870495BDE0086407CE010506F6084309C603F60807E76BFF200000184048
2026-09-12T15:44:48.1367633+00:00,8293,148951125,Connected,-1,24,1897,461,1537,9.083601,2.207454,7.359776,2485,2456,737,3.036152,3.0007198,0.9004603,2290,-6404,-136,137.4,-384.24,-8.16,0,0,0,0,0,0,0,0,0,0,0,1,55D0E0086907CD010106B5099809E1022EE3E00857072B020506990AEE09FC01EEF5E0083C079E024106910B450A3F01F208FCE678FF200000184048
2026-09-12T15:44:48.1534073+00:00,8294,148965550,Connected,-1,24,1816,780,1717,8.695741,3.7349546,8.221688,3205,2701,181,3.9158418,3.3000588,0.22114426,2295,-6413,-103,137.7,-384.78,-6.18,0,0,0,0,0,0,0,0,0,0,0,1,AE08E10818070C03B506850C8D0AB5006E1BE108F806A1031B075C0DA40A6D00472EE108DA0617044807050E980A7100F708F3E699FF200000184048
2026-09-12T15:44:48.1700731+00:00,8296,148994400,Connected,-1,24,1634,922,1707,7.824251,4.414908,8.173804,3848,2746,315,4.7014537,3.3550394,0.38486433,2321,-6403,-68,139.26,-384.18,-4.08,0,0,0,0,0,0,0,0,0,0,0,1,6079E10862069A03AB06080FBA0A3B01208CE10817068A03DB06E80E9B0A6D01E09EE108C405AB034A077E0E520ABE011109FDE6BCFF200000184048
2026-09-12T15:44:48.1867209+00:00,8297,149008800,Connected,-1,24,1424,935,1974,6.8186865,4.477157,9.452309,3519,2518,559,4.2994843,3.076471,0.68298143,2336,-6391,-63,140.16,-383.46,-3.78,0,0,0,0,0,0,0,0,0,0,0,1,A0B1E1089005A703B607BF0DD6092F0260C4E1088A059003C207C70C3C09A20239D7E108950559037607C30BC5080303200909E7C1FF200000184048
2026-09-12T15:44:48.2033764+00:00,8298,149023225,Connected,-1,24,1459,821,1824,6.9862804,3.9312792,8.734048,2785,2185,828,3.4026892,2.6696143,1.0116434,2365,-6360,-56,141.9,-381.6,-3.36,0,0,0,0,0,0,0,0,0,0,0,1,F9E9E108B30535032007E10A89083C03B9FCE108EB053303F006450A78083903790FE2080A062B03EF06EE09530808033D0928E7C8FF200000184048
2026-09-12T15:44:48.2200536+00:00,8299,149037650,Connected,-1,24,1570,833,1800,7.517793,3.98874,8.619126,2530,2029,725,3.0911324,2.4790149,0.8857988,2380,-6342,-55,142.8,-380.52,-3.3,0,0,0,0,0,0,0,0,0,0,0,1,5222E208220641030807E209ED07D5021235E2082B0677030607120A7707BA02D247E20813069603E5066C0A33079C024C093AE7C9FF200000184048
2026-09-12T15:44:48.2367158+00:00,8300,149052050,Connected,-1,24,1535,968,1690,7.350199,4.6351743,8.0924015,2810,1856,613,3.433234,2.2676451,0.7489582,2414,-6300,-60,144.84,-378,-3.6,0,0,0,0,0,0,0,0,0,0,0,1,925AE208FF05C8039A06FA0A400765026B6DE208CB05FE035406CC0BA1070E022B80E208940543044D06E30C29089B016E0964E7C4FF200000184048
2026-09-12T15:44:48.2533850+00:00,8302,149080900,Connected,-1,24,1371,1197,1722,6.564901,5.731719,8.24563,4801,2415,64,5.865821,2.9506264,0.078194655,2449,-6247,-77,146.94,-374.81998,-4.62,0,0,0,0,0,0,0,0,0,0,0,1,44CBE2085B05AD04BA06C1126F09400004DEE2081905A404D3069F13BC090900C4F0E2081405930401071614CE09DDFF910999E7B3FF200000184048
2026-09-12T15:44:48.2700537+00:00,8303,149095300,Connected,-1,24,1361,1128,1802,6.517017,5.401319,8.628703,5146,2501,-64,6.287339,3.0557005,-0.078194655,2486,-6186,-103,149.16,-371.16,-6.18,0,0,0,0,0,0,0,0,0,0,0,1,8403E308510568040A071A14C509C0FF4416E308110543041807CC131F0ACAFF1D29E308CA047204390732130E0AD2FFB609D6E799FF200000184048
2026-09-12T15:44:48.2867166+00:00,8304,149109725,Connected,-1,24,1168,1037,1881,5.592855,4.9655743,9.006987,4705,2356,-69,5.748529,2.8785408,-0.08430361,2506,-6152,-118,150.36,-369.12,-7.08,0,0,0,0,0,0,0,0,0,0,0,1,DD3BE30890040D04590761123409BBFF9D4EE3089604E503F4069011350875FF5D61E308B304D0034606B210990704FFCA09F8E78AFF200000184048
2026-09-12T15:44:48.3200463+00:00,8306,149138550,Connected,-1,24,1153,1217,1575,5.521029,5.827487,7.541735,3772,1582,-642,4.6085973,1.9328741,-0.78439015,2559,-6053,-189,153.54,-363.18,-11.34,0,0,0,0,0,0,0,0,0,0,0,1,76ACE3088104C1042706BC0E2E067EFD36BFE3080F0409054806A50E9F0584FDF6D1E308BD0336050D06A40E2505A5FDFF095BE843FF200000184048
2026-09-12T15:44:48.3367116+00:00,8307,149152975,Connected,-1,24,924,1379,1419,4.4244847,6.603208,6.7947445,3787,1253,-584,4.6269245,1.5309048,-0.71352625,2588,-5993,-244,155.28,-359.58,-14.639999,0,0,0,0,0,0,0,0,0,0,0,1,CFE4E3089C0363058B05CB0EE504B8FD8FF7E3089C038105FC04270FFD04B1FD4F0AE408B103A9058204B80F4E0596FD1C0A97E80CFF200000184048
2026-09-12T15:44:48.3533891+00:00,8308,149167375,Connected,-1,24,976,1499,1096,4.673482,7.177817,5.2480903,4208,1473,-656,5.141299,1.7996988,-0.8014952,2601,-5966,-272,156.06,-357.96,-16.32,0,0,0,0,0,0,0,0,0,0,0,1,0F1DE408D003DB0548047010C10570FDCF2FE408C4031906420433113F0657FDA842E408900351065004E1119E065EFD290AB2E8F0FE200000184048
2026-09-12T15:44:48.3700473+00:00,8309,149181800,Connected,-1,24,885,1648,1126,4.237737,7.8912888,5.391742,4716,1749,-647,5.7619686,2.1369133,-0.7904991,2628,-5908,-335,157.68,-354.47998,-20.1,0,0,0,0,0,0,0,0,0,0,0,1,6855E4087503700666046C12D50679FD2868E4086E034A069F04BD12000788FDE87AE408C603C2058F04BE12220788FD440AECE8B1FE200000184048
2026-09-12T15:44:48.3867028+00:00,8310,149196225,Connected,-1,24,924,1411,1241,4.4244847,6.7564373,5.9424086,4728,1929,-611,5.7766304,2.3568358,-0.7465146,2643,-5879,-372,158.58,-352.74,-22.32,0,0,0,0,0,0,0,0,0,0,0,1,C18DE4089C038305D904781289079DFD81A0E4089703F005FE04D211770792FD41B3E408810303063005D310B10673FD530A09E98CFE200000184048
2026-09-12T15:44:48.4042427+00:00,8312,149225050,Connected,-1,24,1168,1271,945,5.592855,6.0860605,4.525041,3051,689,-1029,3.727686,0.84181434,-1.2572235,2679,-5806,-486,160.73999,-348.36,-29.16,0,0,0,0,0,0,0,0,0,0,0,1,5AFEE4089004F704B103EB0BB102FBFB1A11E508CE04040510031A0B500246FBDA23E508FA04F6049F028E0AEE0179FA770A52E91AFE200000184048
2026-09-12T15:44:48.4201203+00:00,8313,149239475,Connected,-1,24,1256,1243,614,6.0142345,5.9519854,2.9400797,2613,379,-1630,3.1925411,0.46305898,-1.9915202,2693,-5785,-524,161.58,-347.1,-31.439999,0,0,0,0,0,0,0,0,0,0,0,1,B336E508E804DB046602350A7B01A2F97349E508B104FC046102F509FE00CDF8335CE508440467056C02C909810012F8850A67E9F4FD200000184048
2026-09-12T15:44:48.4368120+00:00,8314,149253875,Connected,-1,24,962,1565,608,4.606444,7.493851,2.9113493,2483,-3,-2146,3.0337083,-0.0036653746,-2.6219645,2717,-5750,-598,163.01999,-345,-35.88,0,0,0,0,0,0,0,0,0,0,0,1,F36EE508C2031D066002B309FDFF9EF7B381E5082403BA063D02AB0987FF97F77394E5086602040704029C0941FFF4F79D0A8AE9AAFD200000184048
2026-09-12T15:44:48.4534985+00:00,8315,149268300,Connected,-1,24,417,1795,457,1.9967642,8.595184,2.1883004,2426,-192,-1928,2.9640663,-0.23458397,-2.355614,2731,-5737,-636,163.86,-344.22,-38.16,0,0,0,0,0,0,0,0,0,0,0,1,4CA7E508A1010307C9017A0940FF78F80CBAE5080A01DF067201460977FFF0F8CCCCE5089A00C2060A011909D9FF3FF9AB0A97E984FD200000184048
2026-09-12T15:44:48.4700712+00:00,8317,149297125,Connected,-1,24,371,1655,-37,1.7764976,7.9248075,-0.17717093,2429,434,-2010,2.9677315,0.5302575,-2.455801,2770,-5708,-739,166.2,-342.47998,-44.34,0,0,0,0,0,0,0,0,0,0,0,1,E517E60873017706DBFF7D09B20126F8A52AE608E10163068CFF93090B0293F7653DE6081702390686FF9B096502F0F6D20AB4E91DFD200000184048
2026-09-12T15:44:48.4868539+00:00,8318,149311550,Connected,-1,24,548,1551,-72,2.6240451,7.4268136,-0.34476504,2452,656,-2514,2.9958327,0.8014952,-3.0715837,2800,-5696,-804,168,-341.75998,-48.239998,0,0,0,0,0,0,0,0,0,0,0,1,3E50E60824020F06B8FF940990022EF6FE62E6081B02E705D1FF73097C0246F5BE75E6081A02D405E8FF360944023CF4F00AC0E9DCFC200000184048
2026-09-12T15:44:48.5034089+00:00,8319,149325950,Connected,-1,24,514,1492,-4,2.4612393,7.144298,-0.019153614,2291,517,-3291,2.7991242,0.6316662,-4.020916,2816,-5692,-835,168.95999,-341.52,-50.1,0,0,0,0,0,0,0,0,0,0,0,1,7E88E6080202D405FCFFF308050225F3579BE608DA01FF050F00C108B1012FF217AEE6088B013E062B00A1082B018BF1000BC4E9BDFC200000184048
2026-09-12T15:44:48.5200630+00:00,8320,149340375,Connected,-1,24,268,1658,70,1.283292,7.9391727,0.33518824,2158,118,-3773,2.636626,0.1441714,-4.6098194,2850,-5690,-895,171,-341.4,-53.699997,0,0,0,0,0,0,0,0,0,0,0,1,D7C0E6080C017A0646006E08760043F197D3E6089F00890642000308B4FF38F157E6E60836008D060A007C070DFF51F1220BC6E981FC200000184048
2026-09-12T15:44:48.5367344+00:00,8321,149354800,Connected,-1,24,-74,1684,-81,-0.35434186,8.063671,-0.3878607,1798,-355,-3704,2.1967812,-0.43373597,-4.5255156,2869,-5692,-919,172.14,-341.52,-55.14,0,0,0,0,0,0,0,0,0,0,0,1,30F9E608B6FF9406AFFF06079DFE88F1F00BE7080EFF7B0652FFA50651FED3F1B01EE70857FE3C0647FF3C061AFE11F2350BC4E969FC200000184048
2026-09-12T15:44:48.5533994+00:00,8323,149383625,Connected,-1,24,-825,1642,-150,-3.9504328,7.8625584,-0.7182605,1171,-728,-3580,1.4307178,-0.8894642,-4.3740134,2938,-5698,-986,176.28,-341.88,-59.16,0,0,0,0,0,0,0,0,0,0,0,1,C969E708C7FC6A066AFF930428FD04F2897CE7086DFC43066FFF2B04FDFCD1F1498FE70826FCE205A4FFA803BFFC71F17A0BBEE926FC200000184048
2026-09-12T15:44:48.5700546+00:00,8324,149398050,Connected,-1,24,-856,1351,-211,-4.098873,6.469133,-1.0103531,795,-964,-3856,0.97132427,-1.177807,-4.711228,2964,-5704,-1007,177.84,-342.24,-60.42,0,0,0,0,0,0,0,0,0,0,0,1,22A2E708A8FC47052DFF1B033CFCF0F0E2B4E708E0FC17055DFEC30285FB7AF0A2C7E70842FD1F0550FD94021EFBCEEF940BB8E911FC200000184048
2026-09-12T15:44:48.6034383+00:00,8325,149412450,Connected,-1,24,-560,1379,-952,-2.681506,6.603208,-4.55856,615,-1167,-4394,0.7514018,-1.4258307,-5.3685517,3022,-5719,-1043,181.31999,-343.13998,-62.579998,0,0,0,0,0,0,0,0,0,0,0,1,62DAE708D0FD630548FC670271FBD6EE22EDE70871FEA80596FB12028CFC9AEDFBFFE70801FFA90520FB930134FE34ECCE0BA9E9EDFB200000184048
2026-09-12T15:44:48.6200451+00:00,8326,149426875,Connected,-1,24,-232,1337,-1208,-1.1109096,6.4020953,-5.7843914,248,22,-5446,0.3030043,0.026879413,-6.6538763,3051,-5728,-1059,183.06,-343.68,-63.539997,0,0,0,0,0,0,0,0,0,0,0,1,BB12E80818FF390548FBF8001600BAEA7B25E808D3FEB60425FC6E00AD014BE93B38E80804FE9E049DFD57007A0245E8EB0BA0E9DDFB200000184048
2026-09-12T15:44:48.6367016+00:00,8328,149455700,Connected,-1,24,-1330,1617,45,-6.3685765,7.7428484,0.21547815,205,-516,-5379,0.25046727,-0.6304444,-6.5720162,3147,-5766,-1105,188.81999,-345.96,-66.299995,0,0,0,0,0,0,0,0,0,0,0,1,5483E808CEFA51062D00CD00FCFDFDEA1496E80884FA690564FFCAFFF1FC71ECD4A8E8084FFABE045FFED0FE71FCA2ED4B0C7AE9AFFB200000184048
2026-09-12T15:44:48.6533728+00:00,8329,149470125,Connected,-1,24,-1522,1083,-642,-7.28795,5.185841,-3.074155,-485,-938,-4513,-0.5925689,-1.1460404,-5.513945,3217,-5800,-1128,193.01999,-348,-67.68,0,0,0,0,0,0,0,0,0,0,0,1,ADBBE8080EFA3B047EFD1BFE56FC5FEE6DCEE808E8F9DA031AFDB4FD62FC8FEE2DE1E808EAF9A20321FD8FFD7AFC4BEE910C58E998FB200000184048
2026-09-12T15:44:48.6700801+00:00,8330,149484800,Connected,-1,24,-1529,922,-694,-7.321469,4.414908,-3.323152,-606,-861,-4674,-0.7404056,-1.0519625,-5.7106533,3255,-5820,-1136,195.3,-349.19998,-68.159996,0,0,0,0,0,0,0,0,0,0,0,1,00F5E80807FA9A034AFDA2FDA3FCBEEDAD06E908F4F9BF0395FDEBFDEBFC15ED8619E908E5F9F803C7FD63FE2EFD74ECB70C44E990FB200000184048
2026-09-12T15:44:48.6867064+00:00,8331,149498950,Connected,-1,24,-1573,1036,-524,-7.5321584,4.960786,-2.5091233,-272,-663,-5132,-0.33232728,-0.81004775,-6.270234,3333,-5867,-1147,199.98,-352.02,-68.82,0,0,0,0,0,0,0,0,0,0,0,1,462CE908DBF90C04F4FDF0FE69FDF4EB383FE908BEF9DE0339FE6FFF7DFDA1EBC651E908AAF9940382FECBFF53FD76EB050D15E985FB200000184048
2026-09-12T15:44:48.7033614+00:00,8332,149513375,Connected,-1,24,-1597,869,-309,-7.6470804,4.1611223,-1.4796166,-21,-762,-5262,-0.025657622,-0.9310051,-6.4290667,3372,-5893,-1154,202.31999,-353.58,-69.24,0,0,0,0,0,0,0,0,0,0,0,1,9F64E908C3F96503CBFEEBFF06FD72EB5F77E90892F90D0300FFC1FF95FC9CEB1F8AE90856F9D50226FF75FFEBFBE7EB2C0DFBE87EFB200000184048
2026-09-12T15:44:48.7200482+00:00,8334,149542200,Connected,-1,24,-2006,1078,-265,-9.605537,5.161899,-1.2689269,-64,-1379,-4614,-0.078194655,-1.6848505,-5.637346,3488,-5991,-1167,209.28,-359.46,-70.02,0,0,0,0,0,0,0,0,0,0,0,1,38D5E9082AF83604F7FEC0FF9DFAFAEDF8E7E908ACF7D003EDFE13005EFAB5EEB8FAE90862F76D03F8FE560028FA6EEFA00D99E871FB200000184048
2026-09-12T15:44:48.7367243+00:00,8335,149556600,Connected,-1,24,-2222,759,-272,-10.6398325,3.6343982,-1.3024458,125,-1512,-4061,0.15272394,-1.8473487,-4.961695,3527,-6028,-1169,211.62,-361.68,-70.14,0,0,0,0,0,0,0,0,0,0,0,1,780DEA0852F7F702F0FE7D0018FA23F05120EA08F8F61F02F3FE9D0021FAC9F01133EA08AEF68901E5FED1001DFA49F1C70D74E86FFB200000184048
2026-09-12T15:44:48.7534171+00:00,8336,149571025,Connected,-1,24,-2398,413,-336,-11.482592,1.9776106,-1.6089035,281,-1483,-3681,0.3433234,-1.8119168,-4.4974146,3598,-6107,-1175,215.87999,-366.41998,-70.5,0,0,0,0,0,0,0,0,0,0,0,1,D145EA08A2F69D01B0FE190135FA9FF19158EA08A6F6D00196FE630199FAD3F1516BEA08C3F6DE01A8FEA8011EFBFCF10E0E25E869FB200000184048
2026-09-12T15:44:48.7700569+00:00,8337,149585450,Connected,-1,24,-2279,463,-291,-10.912771,2.2170308,-1.3934253,478,-1152,-3529,0.5840163,-1.4075038,-4.3117023,3633,-6151,-1177,217.98,-369.06,-70.619995,0,0,0,0,0,0,0,0,0,0,0,1,2A7EEA0819F7CF01DDFEDE0180FB37F2EA90EA085EF7A40112FFF201C6FB92F2AAA3EA088EF764013CFFF3010AFCF3F2310EF9E767FB200000184048
2026-09-12T15:44:48.7869435+00:00,8339,149614275,Connected,-1,24,-2245,20,78,-10.749966,0.095768064,0.37349546,315,-1378,-3254,0.38486433,-1.6836287,-3.9757094,3727,-6290,-1174,223.62,-377.4,-70.439995,0,0,0,0,0,0,0,0,0,0,0,1,C3EEEA083BF714004E003B019EFA4AF38301EB08ECF740FF2C00C00040F920F34314EB083EF816FFF8FF7300E1F81DF38F0E6EE76AFB200000184048
2026-09-12T15:44:48.8200366+00:00,8341,149643175,Connected,-1,24,-2215,-66,103,-10.606314,-0.31603462,0.49320555,394,-1969,-3214,0.48138586,-2.4057074,-3.926838,3806,-6446,-1171,228.36,-386.75998,-70.26,0,0,0,0,0,0,0,0,0,0,0,1,A75FEB0859F7BEFF67008A014FF872F31C72EB08BEF6A000F2001A0277F7A2F3F584EB08D4F6710160018F020CF6B5F3DE0ED2E66DFB200000184048
2026-09-12T15:44:48.8533793+00:00,8343,149671925,Connected,-1,24,-2090,-90,616,-10.007763,-0.4309563,2.9496565,1319,-3364,-2625,1.6115429,-4.1101065,-3.2072027,3870,-6622,-1151,232.2,-397.31998,-69.06,0,0,0,0,0,0,0,0,0,0,0,1,F5CFEB08D6F7A6FF68022705DCF2BFF5B5E2EB08E5F7A1FF8D0217068EF289F68EF5EB08F2F789FF9602100778F23FF71E0F22E681FB200000184048
2026-09-12T15:44:48.8701117+00:00,8344,149686350,Connected,-1,24,-2116,-150,734,-10.132261,-0.7182605,3.514688,2047,-3458,-2094,2.501007,-4.224955,-2.5584314,3887,-6684,-1139,233.22,-401.03998,-68.34,0,0,0,0,0,0,0,0,0,0,0,1,4E08EC08BCF76AFFDE02FF077EF2D2F70E1BEC085AF712FF3003CC0841F233F8CE2DEC084BF7C4FE51036B09DFF167F82F0FE4E58DFB200000184048
2026-09-12T15:44:48.8866997+00:00,8345,149700750,Connected,-1,24,-2158,-361,854,-10.333375,-1.7286136,4.0892963,2528,-3645,-1927,3.0886889,-4.45343,-2.3543923,3910,-6807,-1106,234.59999,-408.41998,-66.36,0,0,0,0,0,0,0,0,0,0,0,1,8E40EC0892F797FE5603E009C3F179F86753EC08BFF774FE5003390AE9F177F82766EC08D1F722FE5F03930A0FF26DF8460F69E5AEFB200000184048
2026-09-12T15:44:48.9033858+00:00,8346,149715175,Connected,-1,24,-2154,-581,980,-10.314221,-2.7820623,4.6926355,2805,-3588,-1953,3.4271252,-4.383788,-2.3861587,3917,-6870,-1083,235.01999,-412.19998,-64.979996,0,0,0,0,0,0,0,0,0,0,0,1,E778EC0896F7BBFDD403F50AFCF15FF8A78BEC0884F716FF3104330B6CF12AF8809EEC085EF874FE0004300B7DF0E6F74D0F2AE5C5FB200000184048
2026-09-12T15:44:48.9200376+00:00,8347,149729600,Connected,-1,24,-1919,-586,1054,-9.188946,-2.8060043,5.046977,2906,-4110,-2022,3.5505261,-5.021563,-2.4704623,3921,-6997,-1024,235.26,-419.81998,-61.44,0,0,0,0,0,0,0,0,0,0,0,1,40B1EC0881F8B6FD1E045A0BF2EF1AF800C4EC0861F89AFD0104860B93EF8DF8C0D6EC0833F89AFD18049A0B51EFEAF8510FABE400FC200000184048
2026-09-12T15:44:48.9367078+00:00,8348,149744000,Connected,-1,24,-2067,-637,1087,-9.89763,-3.0502129,5.2049947,3006,-4295,-1756,3.6727052,-5.2475944,-2.1454659,3916,-7058,-988,234.95999,-423.47998,-59.28,0,0,0,0,0,0,0,0,0,0,0,1,80E9EC08EDF783FD3F04BE0B39EF24F959FCEC08A1F78BFD6B04FE0B30EF38F9190FED08B5F7B5FD6F04490C03EF21F94C0F6EE424FC200000184048
2026-09-12T15:44:48.9533961+00:00,8350,149772850,Connected,-1,24,-1963,-610,1574,-9.399636,-2.920926,7.536947,3485,-4481,-1663,4.257943,-5.474848,-2.0318391,3879,-7227,-856,232.73999,-433.62,-51.36,0,0,0,0,0,0,0,0,0,0,0,1,325AED0855F89EFD26069D0D7FEE81F9F26CED08A4F8A4FD7306E40D95EEF4F9B27FED08D2F8BDFDE1061F0EE3EE8EFA270FC5E3A8FC200000184048
2026-09-12T15:44:48.9700370+00:00,8351,149787250,Connected,-1,24,-1816,-493,1846,-8.695741,-2.360683,8.839393,3675,-4309,-1216,4.4900837,-5.2646995,-1.4856985,3833,-7321,-750,229.98,-439.25998,-45,0,0,0,0,0,0,0,0,0,0,0,1,7292ED08E8F813FE36075B0E2BEF40FB4BA5ED08FFF866FE4507A40E68EFF5FB0BB8ED0800F9C1FE5607000FAEEFA2FCF90E67E312FD200000184048
2026-09-12T15:44:48.9867210+00:00,8352,149801675,Connected,-1,24,-1807,-246,1882,-8.652645,-1.1779473,9.011775,3932,-4124,-696,4.8040843,-5.038668,-0.8503669,3806,-7359,-694,228.36,-441.53998,-41.64,0,0,0,0,0,0,0,0,0,0,0,1,CBCAED08F1F80AFF5A075C0FE4EF48FD8BDDED08EEF82EFF7107AA0F15F0E5FD4BF0ED0823F957FF9107E20F66F081FEDE0E41E34AFD200000184048
2026-09-12T15:44:49.0033775+00:00,8353,149816100,Connected,-1,24,-1678,-123,1996,-8.034941,-0.58897364,9.557653,4094,-3882,-219,5.002014,-4.742995,-0.26757234,3773,-7391,-637,226.37999,-443.46,-38.219997,0,0,0,0,0,0,0,0,0,0,0,1,2403EE0872F985FFCC07FE0FD6F025FFE415EE08B6F9AEFF120808103BF1D7FFA428EE08F7F9E7FF4608FE0F78F19C00BD0E21E383FD200000184048
2026-09-12T15:44:49.0200698+00:00,8354,149830500,Connected,-1,24,-1501,41,2126,-7.1873937,0.19632454,10.180145,4064,-3712,375,4.9653606,-4.5352902,0.4581718,3701,-7432,-524,222.06,-445.91998,-31.439999,0,0,0,0,0,0,0,0,0,0,0,1,643BEE0823FA29004E08E00F80F177013D4EEE0840FA4F007208AC0F5FF17102FD60EE0849FA6A0090085B0F38F17D03750EF8E2F4FD200000184048
2026-09-12T15:44:49.0378573+00:00,8356,149859350,Connected,-1,24,-1342,198,2053,-6.4260373,0.94810385,9.830592,3559,-3766,1688,4.348356,-4.601267,2.0623841,3583,-7437,-355,214.98,-446.22,-21.3,0,0,0,0,0,0,0,0,0,0,0,1,16ACEE08C2FAC6000508E70D4AF19806D6BEEE0805FB41010108DC0D07F23F0796D1EE0848FBD1010808E50DC7F2E507FF0DF3E29DFE200000184048
2026-09-12T15:44:49.0540916+00:00,8357,149873750,Connected,-1,24,-1144,588,2089,-5.4779334,2.815581,10.0029745,3585,-3209,2181,4.3801227,-3.920729,2.6647272,3544,-7425,-303,212.64,-445.5,-18.18,0,0,0,0,0,0,0,0,0,0,0,1,56E4EE0888FB4C022908010E77F3850816F7EE08BFFBAE0253082F0E06F42709EF09EF08FDFBFB029B08610E66F4D209D80DFFE2D1FE200000184048
2026-09-12T15:44:49.0707666+00:00,8358,149888175,Connected,-1,24,-952,892,2353,-4.55856,4.271256,11.267113,3723,-2933,2698,4.54873,-3.5835145,3.2963934,3460,-7377,-210,207.59999,-442.62,-12.599999,0,0,0,0,0,0,0,0,0,0,0,1,AF1CEF0848FC7C0331098B0E8BF48A0A6F2FEF088EFC7F0344099C0E60F4550B2F42EF08B7FCD9021309A50E40F4080C840D2FE32EFF200000184048
2026-09-12T15:44:49.0874244+00:00,8359,149902600,Connected,-1,24,-797,622,2313,-3.8163576,2.9783869,11.075577,3767,-3044,3204,4.6024885,-3.7191334,3.91462,3420,-7342,-168,205.2,-440.52,-10.08,0,0,0,0,0,0,0,0,0,0,0,1,0855EF08E3FC6E020909B70E1CF4840CC867EF083CFD6702E508C20EC5F3CA0C887AEF0871FD8202B208B50E78F3E90C5C0D52E358FF200000184048
2026-09-12T15:44:49.1040791+00:00,8360,149917000,Connected,-1,24,-636,638,2130,-3.0454245,3.0550013,10.199299,3720,-3242,3303,4.5450644,-3.9610481,4.0355773,3343,-7263,-99,200.58,-435.78,-5.94,0,0,0,0,0,0,0,0,0,0,0,1,488DEF0884FD7E025208880E56F3E70C08A0EF08FDFDAB02E607470E7EF3D70CE1B2EF086EFEAD028E070C0EC6F3DD0C0F0DA1E39DFF200000184048
2026-09-12T15:44:49.1207437+00:00,8361,149931600,Connected,-1,24,-335,666,1851,-1.6041151,3.1890767,8.863335,3527,-3023,3305,4.3092585,-3.6934757,4.038021,3305,-7216,-69,198.3,-432.96,-4.14,0,0,0,0,0,0,0,0,0,0,0,1,50C6EF08B1FE9A023B07C70D31F4E90C61D8EF08F8FE9702F306590DD9F4E50C21EBEF0824FFB702C806B90CB5F5CD0CE90CD0E3BBFF200000184048
2026-09-12T15:44:49.1374134+00:00,8363,149960250,Connected,-1,24,-10,946,1778,-0.047884032,4.5298295,8.513782,2494,-2107,3233,3.047148,-2.5743146,3.9500518,3200,-7066,1,192,-423.96,0.06,0,0,0,0,0,0,0,0,0,0,0,1,3A36F008F6FFB203F206BE09C5F7A10C1349F008F9FF0504EF063509BDF7DE0CD35BF008DAFF5C04F906C808ACF7270D800C66E40100200000184048
2026-09-12T15:44:49.1707595+00:00,8364,149974675,Connected,-1,24,-28,1179,1765,-0.1340753,5.645528,8.451532,2161,-2177,3452,2.6402915,-2.65984,4.217624,3166,-7016,17,189.95999,-420.96,1.02,0,0,0,0,0,0,0,0,0,0,0,1,936EF008E4FF9B04E50671087FF77C0D5381F00802009D049F062F085EF7D50D1394F0082E0099046B06FE075BF7260E5E0C98E41100200000184048
2026-09-12T15:44:49.1874126+00:00,8366,150003500,Connected,-1,24,174,1376,1584,0.8331822,6.588843,7.5848308,1959,-2035,3955,2.3934896,-2.4863458,4.8321853,3062,-6868,51,183.72,-412.08,3.06,0,0,0,0,0,0,0,0,0,0,0,1,2CDFF008AE0060053006A7070DF8730FECF1F008BF0041052106860743F82410C504F108DC001905090664076BF8DC10F60B2CE53300200000184048
2026-09-12T15:44:49.2040734+00:00,8367,150017925,Connected,-1,24,218,1256,1512,1.043872,6.0142345,7.240066,1849,-1888,4476,2.2590926,-2.3067424,5.4687386,2991,-6781,58,179.45999,-406.86,3.48,0,0,0,0,0,0,0,0,0,0,0,1,8517F108DA00E804E8053907A0F87C11452AF108B0008F04D2050007EBF8E911053DF108A2004F04A205C30639F91712AF0B83E53A00200000184048
2026-09-12T15:44:49.2207466+00:00,8368,150032325,Connected,-1,24,194,1038,1399,0.92895025,4.9703627,6.6989765,1673,-1659,4622,2.0440571,-2.026952,5.6471205,2954,-6741,60,177.23999,-404.46,3.6,0,0,0,0,0,0,0,0,0,0,0,1,C54FF108C2000E047705890685F90E129E62F108EA00D3033F055706D0F9EF115E75F1082D01D003EB04310634FAD1118A0BABE53C00200000184048
2026-09-12T15:44:49.2374123+00:00,8369,150046750,Connected,-1,24,388,1028,1210,1.8579005,4.9224787,5.793968,1554,-1330,4561,1.898664,-1.6249827,5.572591,2879,-6674,57,172.73999,-400.44,3.4199998,0,0,0,0,0,0,0,0,0,0,0,1,1E88F10884010404BA041206CEFAD111DE9AF108CA014D04C004010691FBFB11B7ADF108FD017504EE0404065BFC4C123F0BEEE53900200000184048
2026-09-12T15:44:49.2540883+00:00,8371,150075575,Connected,-1,24,819,807,1272,3.9217024,3.8642416,6.090849,1621,-391,5034,1.9805241,-0.47772047,6.1504984,2768,-6600,43,166.08,-396,2.58,0,0,0,0,0,0,0,0,0,0,0,1,B7F8F10833032703F804550679FEAA13900BF2085003C70221055006C3FEA613501EF2087303790250052C06EEFE7113D00A38E62B00200000184048
2026-09-12T15:44:49.2708186+00:00,8372,150090050,Connected,-1,24,946,593,1385,4.5298295,2.8395233,6.631939,1519,-262,4896,1.8559012,-0.32010937,5.981891,2732,-6584,38,163.92,-395.03998,2.28,0,0,0,0,0,0,0,0,0,0,0,1,4231F208B20351026905EF05FAFE2013D043F208E90361027E05A705E0FECD12A956F208160486028F055B0597FE8E12AC0A48E62600200000184048
2026-09-12T15:44:49.2874093+00:00,8373,150104425,Connected,-1,24,1065,644,1408,5.0996494,3.083732,6.742072,1293,-461,4716,1.5797764,-0.5632459,5.7619686,2655,-6561,24,159.3,-393.66,1.4399999,0,0,0,0,0,0,0,0,0,0,0,1,6969F2082904840280050D0533FE6C12297CF20851044C023905C004C7FD5012028FF2087A04F501E1047A048EFD20125F0A5FE61800200000184048
2026-09-12T15:44:49.3040832+00:00,8374,150118850,Connected,-1,24,1175,431,1182,5.626374,2.0638018,5.659893,1089,-629,4553,1.3305309,-0.7685068,5.5628166,2618,-6556,16,157.08,-393.36,0.96,0,0,0,0,0,0,0,0,0,0,0,1,C2A1F2089704AF019E0441048BFDC91182B4F208E404A0015C041904B3FD4F1142C7F2082105C3013404FD03FFFDD2103A0A64E61000200000184048
2026-09-12T15:44:49.3207358+00:00,8375,150133250,Connected,-1,24,1365,464,1048,6.5361705,2.2218192,5.0182467,994,-427,4199,1.2144607,-0.521705,5.1303024,2581,-6552,10,154.86,-393.12,0.59999996,0,0,0,0,0,0,0,0,0,0,0,1,02DAF2085505D0011804E20355FE6710DBECF20876058901E103CD03CBFEF40F9BFFF208B2055201C303BD037DFF5D0F150A68E60A00200000184048
2026-09-12T15:44:49.3374479+00:00,8377,150162100,Connected,-1,24,1633,520,1159,7.819463,2.4899697,5.5497594,920,664,3241,1.1240481,0.8112695,3.9598262,2473,-6564,-8,148.37999,-393.84,-0.48,0,0,0,0,0,0,0,0,0,0,0,1,B44AF30861060802870498039802A90C745DF3085C061102EB04AF0304036A0C3470F3081A0600026B05E9034B035C0CA9095CE6F8FF200000184048
2026-09-12T15:44:49.3540734+00:00,8378,150176500,Connected,-1,24,1462,482,1505,7.0006456,2.3080103,7.2065473,1100,840,3172,1.3439707,1.0263048,3.8755226,2410,-6586,-14,144.59999,-395.16,-0.84,0,0,0,0,0,0,0,0,0,0,0,1,F482F308B605E201E1054C044803640CB495F3088605B001F905C004F6025B0C8DA8F30888055C01CF052905A102190C6A0946E6F2FF200000184048
2026-09-12T15:44:49.3708509+00:00,8379,150190925,Connected,-1,24,1505,290,1368,7.2065473,1.388637,6.5505357,1401,659,2949,1.7117299,0.8051606,3.603063,2410,-6586,-14,144.59999,-395.16,-0.84,0,0,0,0,0,0,0,0,0,0,0,1,4DBBF308E1052201580579059302850B0DCEF3084B065F01E004B805F802DB0ACDE0F3086706BA01BE04E805B603680A6A0946E6F2FF200000184048
2026-09-12T15:44:49.4041121+00:00,8380,150205350,Connected,-1,24,1625,494,1224,7.7811556,2.3654714,5.861006,1547,1149,2616,1.8901114,1.4038384,3.1962066,2410,-6586,-14,144.59999,-395.16,-0.84,0,0,0,0,0,0,0,0,0,0,0,1,A6F3F3085906EE01C8040B067D04380A6606F4084106F701FB0428062C05350A2619F4084F06E50131053F06AA05400A6A0946E6F2FF200000184048
2026-09-12T15:44:49.4207508+00:00,8382,150234175,Connected,-1,24,1548,203,1311,7.4124484,0.9720459,6.277597,1566,1765,2519,1.9133254,2.156462,3.0776927,2360,-6618,-13,141.59999,-397.08,-0.78,0,0,0,0,0,0,0,0,0,0,0,1,3F64F4080C06CB001F051E06E506D709FF76F4080806A300FF0416064C077C09BF89F408F6059100EA041D06D3071809380926E6F3FF200000184048
2026-09-12T15:44:49.4375867+00:00,8383,150248600,Connected,-1,24,1527,150,1318,7.311892,0.7182605,6.3111157,1593,2148,2221,1.9463139,2.624408,2.713599,2342,-6635,-8,140.52,-398.1,-0.48,0,0,0,0,0,0,0,0,0,0,0,1,989CF408F7059600260539066408AD0858AFF408EE05BA0076055F06CD084D0818C2F408C305D700D7058F06FF08FC07260915E6F8FF200000184048
2026-09-12T15:44:49.4541487+00:00,8384,150263025,Connected,-1,24,1446,246,1516,6.9240313,1.1779473,7.2592196,1746,2318,1983,2.1332479,2.8321128,2.4228125,2324,-6652,0,139.44,-399.12,0,0,0,0,0,0,0,0,0,0,0,0,1,F1D4F408A605F600EC05D2060E09BF07B1E7F4088405E5002E0634071E09960771FAF4087B05D5006706B00717096E07140904E60000200000184048
2026-09-12T15:44:49.4708180+00:00,8385,150277425,Connected,-1,24,1382,192,1674,6.6175733,0.91937345,8.015787,2113,2342,1839,2.5816455,2.8614357,2.2468746,2301,-6686,16,138.06,-401.16,0.96,0,0,0,0,0,0,0,0,0,0,0,1,310DF5086605C0008A06410826092F07F11FF5082B05BB00B906DA084209E506CA32F508C4049000D10664094009A506FD08E2E51000200000184048
2026-09-12T15:44:49.4874751+00:00,8386,150291850,Connected,-1,24,1144,79,1724,5.4779334,0.37828386,8.255207,2529,2336,1625,3.0899107,2.854105,1.9854112,2294,-6700,26,137.64,-402,1.56,0,0,0,0,0,0,0,0,0,0,0,1,8A45F50878044F00BC06E109200959064A58F50848040500B906570A0C09DE050A6BF5084C04D7FF6506CB0A29092805F608D4E51A00200000184048
2026-09-12T15:44:49.5041320+00:00,8388,150320675,Connected,-1,24,1107,272,1914,5.3007627,1.3024458,9.165004,3328,2872,398,4.066122,3.5089853,0.48627302,2301,-6726,65,138.06,-403.56,3.8999999,0,0,0,0,0,0,0,0,0,0,0,1,23B6F508530410017A07000D380B8E01E3C8F508720492011108800D8A0BF400BCDBF508A0043A021B08F30DDD0B7B00FD08BAE54100200000184048
2026-09-12T15:44:49.5207887+00:00,8389,150335100,Connected,-1,24,1218,723,2039,5.8322754,3.4620156,9.763555,3702,3139,20,4.5230722,3.8352034,0.02443583,2326,-6721,94,139.56,-403.25998,5.64,0,0,0,0,0,0,0,0,0,0,0,1,7CEEF508C204D302F707760E430C14003C01F60805056103F807090FD40CBEFFFC13F608270507042E08A30F660DA4FF1609BFE55E00200000184048
2026-09-12T15:44:49.5375530+00:00,8390,150349525,Connected,-1,24,1352,1251,2123,6.4739213,5.9902925,10.16578,4148,3539,-24,5.0679913,4.3239202,-0.029322997,2346,-6712,107,140.76,-402.72,6.42,0,0,0,0,0,0,0,0,0,0,0,1,D526F6084805E3044B083410D30DE8FF9539F60849056C058208AE10050E7B00554CF60806052F05C7080811D60D22012A09C8E56B00200000184048
2026-09-12T15:44:49.5541654+00:00,8391,150363925,Connected,-1,24,1216,1236,2223,5.8226986,5.9184666,10.644621,4434,3412,422,5.4174232,4.1687527,0.51559603,2395,-6675,127,143.7,-400.5,7.62,0,0,0,0,0,0,0,0,0,0,0,1,155FF608C004D404AF085211540DA601D571F60863047C04A9089B11EC0CED01AE84F608F1033C04AC08F111A00CF5015B09EDE57F00200000184048
2026-09-12T15:44:49.5708066+00:00,8393,150392775,Connected,-1,24,717,1129,2064,3.4332852,5.4061074,9.883265,4979,3059,329,6.0832996,3.7374601,0.4019694,2485,-6576,140,149.09999,-394.56,8.4,0,0,0,0,0,0,0,0,0,0,0,1,C7CFF608CD02690410087313F30B4901A0E2F608A9029804F307C013380C290147F5F60892026A0408081D14760C0601B50950E68C00200000184048
2026-09-12T15:44:49.5874683+00:00,8394,150407175,Connected,-1,24,637,1039,2038,3.0502129,4.975151,9.758766,5253,3227,218,6.418071,3.9427211,0.26635054,2515,-6534,136,150.9,-392.03998,8.16,0,0,0,0,0,0,0,0,0,0,0,1,0708F7087D020F04F60785149B0CDA00C71AF708C30297049707FC14D80CA300A02DF708E30202058F076315550D7B00D3097AE68800200000184048
2026-09-12T15:44:49.6041383+00:00,8395,150421600,Connected,-1,24,747,1372,1927,3.5769374,6.5696893,9.227253,5538,3508,87,6.766281,4.2860446,0.10629586,2547,-6489,125,152.81999,-389.34,7.5,0,0,0,0,0,0,0,0,0,0,0,1,6040F708EB025C058707A215B40D57002053F708040380059B07CE15DB0D2D00E065F7082B035A05B307E915C60DF1FFF309A7E67D00200000184048
2026-09-12T15:44:49.6207958+00:00,8396,150436025,Connected,-1,24,847,1346,1937,4.0557775,6.445191,9.275137,5625,3483,-96,6.872577,4.2555,-0.11729199,2609,-6384,96,156.54,-383.03998,5.7599998,0,0,0,0,0,0,0,0,0,0,0,1,B978F7084F0342059107F9159B0DA0FF798BF708430354056F070416790D3FFF399EF708F8027805710704165A0DE5FE310A10E76000200000184048
2026-09-12T15:44:49.6374637+00:00,8397,150450425,Connected,-1,24,652,1453,1896,3.122039,6.95755,9.078813,5627,3325,-360,6.8750205,4.0624566,-0.43984494,2640,-6329,73,158.4,-379.74,4.38,0,0,0,0,0,0,0,0,0,0,0,1,F9B0F7088C02AD056807FB15FD0C98FED2C3F7080B02AA059F07E115610C5FFE92D6F70875016005EB07A6156D0B42FE500A47E74900200000184048
2026-09-12T15:44:49.6541381+00:00,8398,150464850,Connected,-1,24,286,1324,1986,1.3694834,6.339846,9.509769,5440,2641,-464,6.646546,3.2267513,-0.5669113,2704,-6214,16,162.23999,-372.84,0.96,0,0,0,0,0,0,0,0,0,0,0,1,52E9F7081E012C05C2074015510A30FE12FCF70816013C055D07AE14830912FED20EF8083C019F05E806FD130809F8FD900ABAE71000200000184048
2026-09-12T15:44:49.6708059+00:00,8399,150479275,Connected,-1,24,317,1536,1633,1.5179238,7.3549876,7.819463,4923,2252,-519,6.0148797,2.7514744,-0.6341098,2733,-6156,-20,163.98,-369.36,-1.1999999,0,0,0,0,0,0,0,0,0,0,0,1,AB21F8083D01000661063B13CC08F9FD6B34F8083D011E06E505821284081DFE2B47F808420114069805D9111F0848FEAD0AF4E7ECFF200000184048
2026-09-12T15:44:49.6874837+00:00,8400,150493675,Connected,-1,24,327,1557,1364,1.5658079,7.455544,6.531382,4408,1963,-419,5.385657,2.3983767,-0.51193064,2784,-6051,-101,167.04,-363.06,-6.06,0,0,0,0,0,0,0,0,0,0,0,1,EB59F8084701150654053811AB075DFEC46CF808590138061105A110360750FE847FF80883016806A3041410CC062EFEE00A5DE89BFF200000184048
2026-09-12T15:44:49.7041289+00:00,8401,150508100,Connected,-1,24,433,1679,1051,2.0733786,8.039729,5.032612,4005,1671,-508,4.893275,2.0416136,-0.6206701,2806,-6000,-146,168.36,-360,-8.76,0,0,0,0,0,0,0,0,0,0,0,1,4492F808B1018F061B04A50F870604FE04A5F808DB01A206A903680F6106D3FDC4B7F808E301810657034C0F3F0690FDF60A90E86EFF200000184048
2026-09-12T15:44:49.7208034+00:00,8402,150522525,Connected,-1,24,463,1596,799,2.2170308,7.642292,3.8259344,3892,1558,-710,4.7552123,1.9035511,-0.86747193,2846,-5909,-239,170.76,-354.53998,-14.34,0,0,0,0,0,0,0,0,0,0,0,1,9DCAF808CF013C061F03340F16063AFD5DDDF808B2010F060203140FDA05C6FC1DF0F808D3013106B502000F9D0529FC1E0BEBE811FF200000184048
2026-09-12T15:44:49.7375587+00:00,8404,150551350,Connected,-1,24,291,1725,642,1.3934253,8.259995,3.074155,3947,1179,-1580,4.822411,1.4404922,-1.9304305,2878,-5833,-337,172.68,-349.97998,-20.22,0,0,0,0,0,0,0,0,0,0,0,1,363BF9082301BD0682026B0F9B04D4F9F64DF9083A01F706FF01750F57047AF9B660F9084B015107E0017F0F030467F93E0B37E9AFFE200000184048
2026-09-12T15:44:49.7541419+00:00,8405,150565775,Connected,-1,24,250,1940,549,1.1971009,9.289502,2.6288335,3925,891,-1613,4.7955317,1.0886163,-1.9707497,2909,-5771,-437,174.54,-346.25998,-26.22,0,0,0,0,0,0,0,0,0,0,0,1,8F73F908FA0094072502550F7B03B3F94F86F9086900B1073402DA0ED70245FA0F99F908EAFFC00735020B0E3D02F7FA5D0B75E94BFE200000184048
2026-09-12T15:44:49.7716632+00:00,8406,150580175,Connected,-1,24,-91,1943,548,-0.4357447,9.303867,2.6240451,3318,439,-1096,4.053904,0.53636646,-1.3390834,2924,-5745,-488,175.44,-344.69998,-29.279999,0,0,0,0,0,0,0,0,0,0,0,1,CFABF908A5FF97072402F60CB701B8FB8FBEF90888FF5807C701BD0B400173FC68D1F90879FF17073D019E0AC6000CFD6C0B8FE918FE200000184048
2026-09-12T15:44:49.7883697+00:00,8407,150594600,Connected,-1,24,-149,1779,195,-0.7134721,8.51857,0.93373865,2482,68,-670,3.0324864,0.08308182,-0.8186003,2952,-5706,-587,177.12,-342.36,-35.219997,0,0,0,0,0,0,0,0,0,0,0,1,28E4F9086BFFF306C300B209440062FDE8F6F90859FFE2065C00EE08B2FF68FDA809FA0888FFCD061F0040081DFF29FD880BB6E9B5FD200000184048
2026-09-12T15:44:49.8049725+00:00,8409,150623425,Connected,-1,24,110,1550,-94,0.5267244,7.422025,-0.45010993,1396,-482,-1068,1.7056209,-0.5889035,-1.3048733,2985,-5671,-717,179.09999,-340.25998,-43.02,0,0,0,0,0,0,0,0,0,0,0,1,C154FA086E000E06A2FF74051EFED4FB8167FA0878002906E4FFA204D8FD8FFB5A7AFA08810046062D00BB035CFD44FBA90BD9E933FD200000184048
2026-09-12T15:44:49.8216305+00:00,8410,150637850,Connected,-1,24,119,1606,114,0.56982,7.690176,0.545878,706,-847,-1297,0.86258477,-1.0348574,-1.5846635,2996,-5665,-752,179.76,-339.9,-45.12,0,0,0,0,0,0,0,0,0,0,0,1,1A8DFA08770046067200C202B1FCEFFADA9FFA084E004A068D00BE01D0FB94FA9AB2FA083E0063069700B600EDFA43FAB40BDFE910FD200000184048
2026-09-12T15:44:49.8382962+00:00,8411,150652250,Connected,-1,24,109,1669,243,0.521936,7.991845,1.163582,-103,-1517,-1495,-0.12584452,-1.8534577,-1.8265783,3021,-5658,-815,181.26,-339.47998,-48.899998,0,0,0,0,0,0,0,0,0,0,0,1,5AC5FA086D008506F30099FF13FA29FA33D8FA08A400AC069A0142FEFCF872FAF3EAFA088A00030733029FFC8AF71FFBCD0BE6E9D1FC200000184048
2026-09-12T15:44:49.8549649+00:00,8412,150666675,Connected,-1,24,26,1892,674,0.12449849,9.059659,3.2273839,-1358,-2611,-1008,-1.6591928,-3.1900976,-1.2315658,3037,-5656,-841,182.22,-339.36,-50.46,0,0,0,0,0,0,0,0,0,0,0,1,B3FDFA081A006407A202B2FACDF510FC7310FB0878FF9707A80287F8F7F325FD4C23FB08A7FE9007780237F642F23EFEDD0BE8E9B7FC200000184048
2026-09-12T15:44:49.8716401+00:00,8413,150681100,Connected,-1,24,-510,1899,556,-2.4420857,9.093178,2.6623523,-3110,-3888,-181,-3.7997715,-4.750325,-0.22114426,3066,-5658,-875,183.95999,-339.47998,-52.5,0,0,0,0,0,0,0,0,0,0,0,1,0C36FB0802FE6B072C02DAF3D0F04BFFCC48FB08A7FD6507930191F1C0EF3C008C5BFB086DFD9407EB0082EF1DEF0401FA0BE6E995FC200000184048
2026-09-12T15:44:49.8882986+00:00,8415,150709925,Connected,-1,24,-483,2043,-135,-2.3127987,9.782708,-0.6464345,-5354,-4640,743,-6.5414715,-5.6691127,0.9077911,3095,-5664,-884,185.7,-339.84,-53.039997,0,0,0,0,0,0,0,0,0,0,0,1,A5A6FB081DFEFB0779FF16EBE0EDE70265B9FB0845FEEF07AEFFC1EA32EE0C0325CCFB08FCFDB807E5FF88EAABEE0A03170CE0E98CFC200000184048
2026-09-12T15:44:49.9049845+00:00,8416,150724325,Connected,-1,24,-610,1881,-11,-2.920926,9.006987,-0.05267244,-5520,-4321,715,-6.744289,-5.2793612,0.87358093,3120,-5674,-860,187.2,-340.44,-51.6,0,0,0,0,0,0,0,0,0,0,0,1,E5DEFB089EFD5907F5FF70EA1FEFCB02BEF1FB08BDFD0F0716007AEAA3EF4F027E04FC082EFECA06CCFFA5EA5DF0BC01300CD6E9A4FC200000184048
2026-09-12T15:44:49.9216400+00:00,8417,150738750,Connected,-1,24,-121,1386,-660,-0.5793968,6.6367273,-3.1603463,-5416,-3461,200,-6.617223,-4.2286205,0.2443583,3132,-5683,-836,187.92,-340.97998,-50.16,0,0,0,0,0,0,0,0,0,0,0,1,3E17FC0887FF6A056CFDD8EA7BF2C800FE29FC0816003406ECFEDFEA58F7E5FEBE3CFC080801B807D202E2EA10FB3BFD3C0CCDE9BCFC200000184048
2026-09-12T15:44:49.9549600+00:00,8419,150767575,Connected,-1,24,-287,2296,1868,-1.3742718,10.994174,8.944737,-5001,-2336,-270,-6.1101794,-2.854105,-0.3298837,3159,-5724,-728,189.54,-343.44,-43.68,0,0,0,0,0,0,0,0,0,0,0,1,D787FC08E1FEF8084C0777ECE0F6F2FEB09AFC0883FEA20887067FEC16F68AFF70ADFC0830FEAE074F058AECF2F5E4FF570CA4E928FD200000184048
2026-09-12T15:44:49.9723083+00:00,8420,150782000,Connected,-1,24,-393,1720,1125,-1.8818425,8.236053,5.386954,-4921,-2445,-6,-6.012436,-2.9872801,-0.007330749,3172,-5763,-630,190.31999,-345.78,-37.8,0,0,0,0,0,0,0,0,0,0,0,1,30C0FC0877FEB8066504C7EC73F6FAFFF0D2FC08C0FF7E062B035DED52F7DEFFC9E5FC0868007F06A20274EEFBF8BEFF640C7DE98AFD200000184048
2026-09-12T15:44:50.0055530+00:00,8422,150810850,Connected,-1,24,-138,1495,1499,-0.6607997,7.1586633,7.177817,-3049,-305,-125,-3.7252424,-0.3726464,-0.15272394,3185,-5834,-461,191.09999,-350.03998,-27.66,0,0,0,0,0,0,0,0,0,0,0,1,E230FD0876FFD705DB0517F4CFFE83FFA243FD08C5FFE1056A0614F558FF97FF6256FD08C0FFDC05EA06ECF5FCFFBBFF710C36E933FE200000184048
2026-09-12T15:44:50.0222017+00:00,8423,150825300,Connected,-1,24,-116,1499,1860,-0.5554548,7.177817,8.90643,-2387,89,-58,-2.9164164,0.10873944,-0.07086391,3185,-5861,-402,191.09999,-351.66,-24.119999,0,0,0,0,0,0,0,0,0,0,0,1,5469FD088CFFDB054407ADF65900C6FFE27BFD0842FFCC0557076BF76E00B3FFBB8EFD08B5FEDB055A0732F8AA0070FF710C1BE96EFE200000184048
2026-09-12T15:44:50.0389083+00:00,8425,150854100,Connected,-1,24,-278,1801,1601,-1.3311762,8.623915,7.666234,-1272,1667,-1125,-1.5541188,2.0367265,-1.3745154,3188,-5948,-240,191.28,-356.88,-14.4,0,0,0,0,0,0,0,0,0,0,0,1,D4D9FD08EAFE0907410608FB83069BFB94ECFD08FCFED4069806CFFB980716FB54FFFD0808FF6206290787FCBF07F4FA740CC4E810FF200000184048
2026-09-12T15:44:50.0555314+00:00,8426,150868500,Connected,-1,24,-315,1499,2007,-1.508347,7.177817,9.610326,-739,1862,-1245,-0.9029039,2.2749758,-1.5211304,3190,-5978,-195,191.4,-358.68,-11.7,0,0,0,0,0,0,0,0,0,0,0,1,1412FE08C5FEDB05D7071DFD460723FBD424FE0865FE6B05700882FD640674FBAD37FE082EFE1F05A708C8FD3405D0FB760CA6E83DFF200000184048
2026-09-12T15:44:50.0721925+00:00,8427,150882925,Connected,-1,24,-499,1242,2178,-2.3894134,5.947197,10.429143,-488,1032,-968,-0.59623426,1.2608888,-1.1826942,3199,-6035,-119,191.94,-362.1,-7.14,0,0,0,0,0,0,0,0,0,0,0,1,6D4AFE080DFEDA04820818FE080438FC2D5DFE08CEFD8E03CE087FFEC4029EFC0670FE088AFEE602BF08EBFE250101FD7F0C6DE889FF200000184048
2026-09-12T15:44:50.0889300+00:00,8428,150897350,Connected,-1,24,-158,747,1970,-0.7565677,3.5769374,9.433155,-140,-72,-578,-0.1710508,-0.08796899,-0.7061955,3204,-6062,-88,192.23999,-363.72,-5.2799997,0,0,0,0,0,0,0,0,0,0,0,1,C682FE0862FFEB02B20774FFB8FFBEFD8695FE0853FF0903B006320082FEB3FE46A8FE085DFFE602CE062C0175FD8BFF840C52E8A8FF200000184048
2026-09-12T15:44:50.1055764+00:00,8429,150911775,Connected,-1,24,-206,808,1948,-0.9864111,3.86903,9.32781,485,-887,56,0.5925689,-1.083729,0.06842032,3214,-6106,-37,192.84,-366.36,-2.22,0,0,0,0,0,0,0,0,0,0,0,1,1FBBFE0832FF28039C07E50189FC3800DFCDFE0881FE540473080D02DAFBAE009FE0FE085EFE51053909970106FBE3008E0C26E8DBFF200000184048
2026-09-12T15:44:50.1222011+00:00,8431,150940600,Connected,-1,24,171,1421,2044,0.81881696,6.8043213,9.787497,-411,-1485,508,-0.5021563,-1.8143604,0.6206701,3229,-6157,11,193.73999,-369.41998,0.65999997,0,0,0,0,0,0,0,0,0,0,0,1,B82BFF08AB008D05FC0765FE33FAFC01783EFF089701A504C406C9FD01FADE013851FF087601A80405068CFD4EFBA3019D0CF3E70B00200000184048
2026-09-12T15:44:50.1388643+00:00,8432,150955025,Connected,-1,24,239,1257,1651,1.1444284,6.019023,7.905654,-599,-766,320,-0.7318531,-0.9358923,0.39097327,3234,-6169,20,194.04,-370.13998,1.1999999,0,0,0,0,0,0,0,0,0,0,0,1,1164FF08EF00E9047306A9FD02FD4001D176FF08C200CF04AF06AFFD48FEBF009189FF089800A1046406B9FD96FF3A00A20CE7E71400200000184048
2026-09-12T15:44:50.1555371+00:00,8433,150969425,Connected,-1,24,-166,1388,1675,-0.79487497,6.646304,8.020576,-522,159,-80,-0.6377752,0.19426484,-0.09774332,3241,-6191,34,194.45999,-371.46,2.04,0,0,0,0,0,0,0,0,0,0,0,1,519CFF085AFF6C058B06F6FD9F00B0FF11AFFF0896FEF60647066FFE8B00F6FEEAC1FF08E6FEB206DB07DAFE14008FFEA90CD1E72200200000184048
2026-09-12T15:44:50.1722118+00:00,8434,150983850,Connected,-1,24,-250,1550,2142,-1.1971009,7.422025,10.25676,-323,-90,-322,-0.39463866,-0.109961234,-0.39341685,3245,-6200,37,194.7,-372,2.22,0,0,0,0,0,0,0,0,0,0,0,1,AAD4FF0806FF0E065E08BDFEA6FFBEFE6AE7FF0857FF5B054B085EFE3BFF52FF43FAFF086CFF8B04F4071AFE07FF2000AD0CC8E72500200000184048
2026-09-12T15:44:50.1888694+00:00,8435,150998275,Connected,-1,24,-147,982,1949,-0.7038953,4.7022123,9.332599,-474,-276,237,-0.57912916,-0.33721444,0.28956458,3247,-6214,43,194.81999,-372.84,2.58,0,0,0,0,0,0,0,0,0,0,0,1,030D00096DFFD6039D0726FEECFEED00C31F000989FF6603740772FEBDFE900183320009A8FF3D03AF07D6FE9FFEE701AF0CBAE72B00200000184048
2026-09-12T15:44:50.2055406+00:00,8437,151027100,Connected,-1,24,-116,1133,2183,-0.5554548,5.425261,10.453085,-38,-632,326,-0.046428077,-0.7721722,0.39830402,3245,-6224,50,194.7,-373.44,3,0,0,0,0,0,0,0,0,0,0,0,1,9C7D00098CFF6D048708DAFF88FD46015C900009B8FFBB043608C3FFA4FC25011CA30009EDFFE704AF07A0FFF0FB2501AD0CB0E73200200000184048
2026-09-12T15:44:50.2390675+00:00,8438,151041525,Connected,-1,24,-11,1246,1879,-0.05267244,5.9663506,8.99741,-134,-1104,308,-0.16372006,-1.3488578,0.37631178,3233,-6231,54,193.98,-373.86,3.24,0,0,0,0,0,0,0,0,0,0,0,1,F5B50009F5FFDE0457077AFFB0FB3401B5C80009B4FFFE04200755FFBBFB440175DB00096CFF7605B10636FFCBFB5301A10CA9E73600200000184048
2026-09-12T15:44:50.2556829+00:00,8439,151055925,Connected,-1,24,-71,1481,1580,-0.33997664,7.091625,7.565677,-193,-1046,358,-0.23580576,-1.2779939,0.43740135,3223,-6235,58,193.37999,-374.1,3.48,0,0,0,0,0,0,0,0,0,0,0,1,35EE0009B9FFC9052C063FFFEAFB66010E0101098000C505500589FF38FC9D01CE1301094101A60546043C0033FD0F02970CA5E73A00200000184048
2026-09-12T15:44:50.2723397+00:00,8441,151084775,Connected,-1,24,357,1529,1212,1.70946,7.321469,5.803545,1016,1381,905,1.2413402,1.687294,1.1057214,3199,-6247,66,191.94,-374.81998,3.9599998,0,0,0,0,0,0,0,0,0,0,0,1,E75E01096501F905BC04F80365058903A77101097F01F205D404D9049806F9036784010902019305DF04C90599077A047F0C99E74200200000184048
2026-09-12T15:44:50.2890120+00:00,8442,151099175,Connected,-1,24,59,1323,1386,0.2825158,6.3350577,6.6367273,1634,2247,1253,1.9964073,2.7453654,1.5309048,3187,-6247,62,191.22,-374.81998,3.72,0,0,0,0,0,0,0,0,0,0,0,1,279701093B002B056A056206C708E504E7A901097FFF7F04FD058606AB091305C0BC0109EBFE0A044A065106250A0605730C99E73E00200000184048
2026-09-12T15:44:50.3057035+00:00,8443,151113600,Connected,-1,24,-299,1051,1626,-1.4317327,5.032612,7.785944,1565,2615,1226,1.9121037,3.1949847,1.4979163,3182,-6243,59,190.92,-374.58,3.54,0,0,0,0,0,0,0,0,0,0,0,1,80CF0109D5FE1B045A061D06370ACA0440E20109D3FE8204ED06F7056E0A610400F50109DDFEDF04F906BD05CD0AD3036E0C9DE73B00200000184048
2026-09-12T15:44:50.3223560+00:00,8444,151128000,Connected,-1,24,-229,1316,1797,-1.0965444,6.301539,8.604761,1401,2820,854,1.7117299,3.445452,1.04341,3174,-6231,48,190.44,-373.86,2.8799999,0,0,0,0,0,0,0,0,0,0,0,1,C00702091BFF240505077905040B5603991A020960FF3A05FE063805260B0C03592D02095AFF3A05E506E5046F0BEF02660CA9E73000200000184048
2026-09-12T15:44:50.3390170+00:00,8445,151142425,Connected,-1,24,-197,1291,1739,-0.94331545,6.181829,8.327033,1160,3012,737,1.4172782,3.680036,0.9004603,3171,-6221,41,190.26,-373.25998,2.46,0,0,0,0,0,0,0,0,0,0,0,1,194002093BFF0B05CB068804C40BE102D952020935FF0805C4062D04260CD3029965020909FFEC048306E703AE0CBF02630CB3E72900200000184048
2026-09-12T15:44:50.3556759+00:00,8447,151171250,Connected,-1,24,-514,1295,1521,-2.4612393,6.2009826,7.2831616,1075,4182,457,1.3134259,5.109532,0.5583587,3171,-6183,6,190.26,-370.97998,0.35999998,0,0,0,0,0,0,0,0,0,0,0,1,B2B00209FEFD0F05F10533045610C90172C302097AFD21053C066D04F110A5014BD602092AFD690595068C04CC109B01630CD9E70600200000184048
2026-09-12T15:44:50.3723538+00:00,8448,151185675,Connected,-1,24,-746,1450,1745,-3.572149,6.943185,8.355764,1146,4052,429,1.4001731,4.9506993,0.5241485,3176,-6167,-9,190.56,-370.02,-0.53999996,0,0,0,0,0,0,0,0,0,0,0,1,0BE9020916FDAA05D1067A04D40FAD01CBFB020967FDEE05C3063004EE0DDF018B0E0309EBFDE005B505CE03560B3702680CE9E7F7FF200000184048
2026-09-12T15:44:50.3898229+00:00,8449,151200075,Connected,-1,24,-380,1512,1329,-1.8195933,7.240066,6.363788,913,2230,686,1.1154957,2.724595,0.83814895,3185,-6132,-41,191.09999,-367.91998,-2.46,0,0,0,0,0,0,0,0,0,0,0,1,4B21030984FEE80531059103B608AE020B34030967FF0E0626057F037E064603E446030910003106300580036005FF03710C0CE8D7FF200000184048
2026-09-12T15:44:50.4065961+00:00,8450,151214500,Connected,-1,24,169,1645,1291,0.80924016,7.8769236,6.181829,898,1472,1224,1.0971688,1.798477,1.4954728,3195,-6112,-60,191.7,-366.72,-3.6,0,0,0,0,0,0,0,0,0,0,0,1,A4590309A9006D060B058203C005C804646C0309BB00CD069D058A033C07A105247F03095300F90620067E038A0896067B0C20E8C4FF200000184048
2026-09-12T15:44:50.4230974+00:00,8452,151243325,Connected,-1,24,-581,1588,1349,-2.7820623,7.603985,6.459556,768,1717,2214,0.9383359,2.097816,2.7050464,3211,-6050,-124,192.65999,-363,-7.44,0,0,0,0,0,0,0,0,0,0,0,1,3DCA0309BBFD340645050003B506A608FDDC03094CFD16064305EF025F056D08D6EF0309EFFCE8057705DD0241040E088B0C5EE884FF200000184048
2026-09-12T15:44:50.4564390+00:00,8453,151257750,Connected,-1,24,-797,1450,1403,-3.8163576,6.943185,6.71813,707,919,1935,0.8638066,1.1228263,2.3641665,3215,-6011,-164,192.9,-360.66,-9.84,0,0,0,0,0,0,0,0,0,0,0,1,96020409E3FCAA057B05C30297038F075615040983FC9205BB05A602A403FE061628040978FBC20551074402FB033A068F0C85E85CFF200000184048
2026-09-12T15:44:50.4903132+00:00,8456,151301000,Connected,-1,24,-696,1752,1483,-3.3327289,8.389283,7.101202,-843,278,549,-1.0299702,0.33965802,0.67076355,3214,-5952,-231,192.84,-357.12,-13.86,0,0,0,0,0,0,0,0,0,0,0,1,88AB040948FDD806CB05B5FC1601250248BE040990FDE706C105FAFB0200F40108D10409C2FD0207E20544FB6BFFDC018E0CC0E819FF200000184048
2026-09-12T15:44:50.5065421+00:00,8457,151315400,Connected,-1,24,-537,1772,1602,-2.5713725,8.485051,7.6710224,-1414,-204,454,-1.7276132,-0.24924546,0.55469334,3213,-5940,-244,192.78,-356.4,-14.639999,0,0,0,0,0,0,0,0,0,0,0,1,C8E30409E7FDEC0642067AFA34FFC601A1F60409E2FDD3068B0693F906FFBB0161090509CFFDD2060607A3F8EAFEB2018D0CCCE80CFF200000184048
2026-09-12T15:44:50.5231039+00:00,8458,151329825,Connected,-1,24,-577,1705,1814,-2.7629087,8.1642275,8.686164,-2143,-287,410,-2.6182992,-0.35065416,0.50093454,3201,-5927,-257,192.06,-355.62,-15.42,0,0,0,0,0,0,0,0,0,0,0,1,211C0509BFFDA9061607A1F7E1FE9A01E12E0509BDFD89062407A0F6E9FE6301BA410509D0FD61061107ABF5DAFE1C01810CD9E8FFFE200000184048
2026-09-12T15:44:50.5398037+00:00,8459,151344250,Connected,-1,24,-543,1569,1796,-2.6001031,7.513005,8.599973,-2904,-331,197,-3.5480826,-0.40441298,0.24069293,3192,-5925,-258,191.51999,-355.5,-15.48,0,0,0,0,0,0,0,0,0,0,0,1,7A540509E1FD21060407A8F4B5FEC5003A67050907FEDD05F406AAF391FE6C00FA79050922FED405FC06C5F265FE1C00780CDBE8FEFE200000184048
2026-09-12T15:44:50.5564504+00:00,8460,151358650,Connected,-1,24,-469,1537,1824,-2.2457612,7.359776,8.734048,-3585,-496,-35,-4.3801227,-0.6060086,-0.0427627,3176,-5933,-250,190.56,-355.97998,-15,0,0,0,0,0,0,0,0,0,0,0,1,BA8C05092BFE01062007FFF110FEDDFF939F050944FE3D061E0761F190FDB0FF53B205094CFE7A0604070DF1D3FCACFF680CD3E806FF200000184048
2026-09-12T15:44:50.5731163+00:00,8461,151373075,Connected,-1,24,-389,1659,1695,-1.8626889,7.943961,8.1163435,-3833,-1050,-50,-4.683127,-1.282881,-0.061089575,3166,-5943,-242,189.95999,-356.58,-14.5199995,0,0,0,0,0,0,0,0,0,0,0,1,13C505097BFE7B069F0607F1E6FBCEFFD3D70509F9FE110650062DF131FB270093EA0509B0FFA405C00586F1BCFABB005E0CC9E80EFF200000184048
2026-09-12T15:44:50.5897974+00:00,8463,151401900,Connected,-1,24,196,1101,887,0.93852705,5.2720323,4.247314,-2718,-746,987,-3.3208294,-0.91145647,1.2059082,3138,-5990,-199,188.28,-359.4,-11.94,0,0,0,0,0,0,0,0,0,0,0,1,AC350609C4004D04770362F516FDDB036C480609BA000A042203EEF649FE9904455B06099700C803F20296F8A0FF2805420C9AE839FF200000184048
2026-09-12T15:44:50.6064644+00:00,8464,151416325,Connected,-1,24,87,929,730,0.4165911,4.4484267,3.4955344,-1437,247,1429,-1.7557144,0.3017825,1.7459401,3122,-6031,-165,187.31999,-361.86,-9.9,0,0,0,0,0,0,0,0,0,0,0,1,056E06095700A103DA0263FAF7009505C5800609E7FFAB033A0346FC2302ED05859306099DFFEA03C90319FEEF022706320C71E85BFF200000184048
2026-09-12T15:44:50.6231531+00:00,8465,151430750,Connected,-1,24,-129,1098,1085,-0.61770403,5.257667,5.195418,-56,885,1620,-0.06842032,1.0812855,1.9793022,3116,-6051,-149,186.95999,-363.06,-8.94,0,0,0,0,0,0,0,0,0,0,0,1,5EA606097FFF4A043D04C8FF750354061EB9060971FF83046B045801CE03A006DECB0609F3FE5204E004D502550408072C0C5DE86BFF200000184048
2026-09-12T15:44:50.6397639+00:00,8466,151445150,Connected,-1,24,-382,1221,1476,-1.8291701,5.8466406,7.067683,1068,1281,1894,1.3048733,1.5651149,2.314073,3099,-6089,-117,185.94,-365.34,-7.02,0,0,0,0,0,0,0,0,0,0,0,1,9EDE060982FEC504C4052C04010566075EF1060929FE4305A5064905A505B8073704070903FE56058D071A062F06FD071B0C37E88BFF200000184048
2026-09-12T15:44:50.6564159+00:00,8468,151474000,Connected,-1,24,-615,1332,2207,-2.944868,6.3781533,10.5680065,1530,1523,2113,1.869341,1.8607885,2.5816455,3079,-6121,-89,184.73999,-367.25998,-5.3399997,0,0,0,0,0,0,0,0,0,0,0,1,504F070999FD34059F08FA05F3054108106207095CFD3D0596082205E905D007D074070978FD580518082A04E2053307070C17E8A7FF200000184048
2026-09-12T15:44:50.6731481+00:00,8469,151488400,Connected,-1,24,-531,1411,1932,-2.542642,6.7564373,9.251195,827,1534,1682,1.0104215,1.8742281,2.0550532,3062,-6143,-72,183.72,-368.58,-4.3199997,0,0,0,0,0,0,0,0,0,0,0,1,90870709EDFD83058C073B03FE059206509A07098FFE7205F506600214061A0629AD070918FF2B056906A1012F06CD05F60B01E8B8FF200000184048
2026-09-12T15:44:50.6897473+00:00,8470,151502825,Connected,-1,24,-168,1238,1576,-0.80445176,5.9280434,7.5465236,253,1662,1417,0.30911323,2.0306175,1.7312785,3055,-6152,-66,183.3,-369.12,-3.9599998,0,0,0,0,0,0,0,0,0,0,0,1,E9BF070958FFD6042806FD007E068905A9D207098AFFAC04EA056E00EC064F0569E50709C2FFA504EA05EAFF88072605EF0BF8E7BEFF200000184048
2026-09-12T15:44:50.7064137+00:00,8471,151517250,Connected,-1,24,-5,1188,1533,-0.023942016,5.6886234,7.3406224,-139,2105,1318,-0.16982901,2.571871,1.6103212,3038,-6160,-62,182.28,-369.6,-3.72,0,0,0,0,0,0,0,0,0,0,0,1,42F80709FBFFA404FD0575FF39082605020B08091600A504030613FFCD085E05C21D08090700CC04EC05D4FE4009BB05DE0BF0E7C2FF200000184048
2026-09-12T15:44:50.7232154+00:00,8472,151531650,Connected,-1,24,-52,1296,1539,-0.24899697,6.205771,7.369353,-317,2483,1581,-0.3873079,3.0337083,1.9316523,3031,-6160,-64,181.86,-369.6,-3.84,0,0,0,0,0,0,0,0,0,0,0,1,82300809CCFF10050306C3FEB3092D065B4308099BFF6105F50510FFD209D6061B56080936FF6C052C068FFF130A8A07D70BF0E7C0FF200000184048
2026-09-12T15:44:50.7397499+00:00,8473,151546075,Connected,-1,24,-340,1414,1783,-1.6280571,6.7708025,8.537724,-60,2696,2080,-0.07330749,3.2939498,2.5413263,3016,-6155,-72,180.95999,-369.3,-4.3199997,0,0,0,0,0,0,0,0,0,0,0,1,DB680809ACFE8605F706C4FF880A20089B7B0809E3FDAA05D00781FFC90A7608748E08091AFDAB053508EBFE940A5F08C80BF5E7B8FF200000184048
2026-09-12T15:44:50.7564327+00:00,8474,151560500,Connected,-1,24,-874,1440,2071,-4.185065,6.895301,9.916783,-443,2552,1983,-0.5412536,3.118012,2.4228125,3013,-6148,-79,180.78,-368.88,-4.74,0,0,0,0,0,0,0,0,0,0,0,1,34A1080996FCA005170845FEF809BF07F4B3080961FC73057C07ACFD1109AE06B4C60809AEFC8D05970637FDF0076305C50BFCE7B1FF200000184048
2026-09-12T15:44:50.7730927+00:00,8476,151589675,Connected,-1,24,-46,1697,1290,-0.22026655,8.12592,6.1770406,-486,919,610,-0.59379065,1.1228263,0.7452928,2999,-6132,-93,179.94,-367.91998,-5.58,0,0,0,0,0,0,0,0,0,0,0,1,2B130909D2FFA1060A051AFE970362028D24090967006E06C704E1FE8F029A02663709099400CC05000576FF50021603B70B0CE8A3FF200000184048
2026-09-12T15:44:50.8064312+00:00,8477,151603750,Connected,-1,24,85,1340,1419,0.40701428,6.4164605,6.7947445,-75,673,957,-0.09163436,0.8222657,1.1692544,2993,-6128,-98,179.58,-367.68,-5.8799996,0,0,0,0,0,0,0,0,0,0,0,1,264A090955003C058B05B5FFA102BD03E65C0909D9FFF304C705DCFF15036404A66F090964FF0905C70521008203FB04B10B10E89EFF200000184048
2026-09-12T15:44:50.8231562+00:00,8479,151632575,Connected,-1,24,-202,1570,1483,-0.9672575,7.517793,7.101202,543,1028,2063,0.6634328,1.2560017,2.5205557,2981,-6122,-109,178.86,-367.31998,-6.54,0,0,0,0,0,0,0,0,0,0,0,1,BFBA090936FF2206CB051F0204040F087FCD090955FF9306EC0556028104F60858E00909E6FFEF07E8055102EE04E009A50B16E893FF200000184048
2026-09-12T15:44:50.8397527+00:00,8480,151647000,Connected,-1,24,59,2117,1648,0.2825158,10.13705,7.8912888,558,1286,2796,0.68175966,1.5712239,3.416129,2970,-6123,-116,178.2,-367.38,-6.96,0,0,0,0,0,0,0,0,0,0,0,1,18F309093B00450870062E020605EC0AD8050A0917000C081D07CB01A704ED0B98180A0914FF1D07FB070E011104920C9A0B15E88CFF200000184048
2026-09-12T15:44:50.8564158+00:00,8481,151661425,Connected,-1,24,-366,1549,1981,-1.7525556,7.417237,9.485827,24,789,3192,0.029322997,0.9639935,3.8999584,2962,-6123,-117,177.72,-367.38,-7.02,0,0,0,0,0,0,0,0,0,0,0,1,712B0A0992FE0D06BD0718001503780C313E0A09E0FD4F051F0728FF71029F0BF1500A0976FDD104410753FEAD01920A920B15E88BFF200000184048
2026-09-12T15:44:50.8730911+00:00,8482,151675825,Connected,-1,24,-664,1096,1810,-3.1794999,5.2480903,8.66701,-551,227,2437,-0.6732071,0.27734667,2.977506,2944,-6125,-119,176.64,-367.5,-7.14,0,0,0,0,0,0,0,0,0,0,0,1,B1630A0968FD48041207D9FDE300850971760A099EFD0A048506A3FDBA0087084A890A09FFFDEE03180681FDD400B407800B13E889FF200000184048
2026-09-12T15:44:50.8897613+00:00,8483,151690250,Connected,-1,24,-368,976,1486,-1.7621324,4.673482,7.1155677,-641,243,1803,-0.7831684,0.29689533,2.2028902,2931,-6127,-120,175.86,-367.62,-7.2,0,0,0,0,0,0,0,0,0,0,0,1,0A9C0A0990FED003CE057FFDF3000B07CAAE0A096BFFE1035C05C0FD21019C068AC10A09FDFF3304100526FE8B018306730B11E888FF200000184048
2026-09-12T15:44:50.9064333+00:00,8485,151719075,Connected,-1,24,228,1257,1146,1.091756,6.019023,5.48751,109,934,2351,0.13317527,1.1411532,2.8724318,2897,-6132,-124,173.81999,-367.91998,-7.44,0,0,0,0,0,0,0,0,0,0,0,1,A30C0B09E400E9047A046D00A6032F097C1F0B09F00058055604190110043B0A3C320B095200CD055204C401A004490B510B0CE884FF200000184048
2026-09-12T15:44:50.9231015+00:00,8486,151733500,Connected,-1,24,-194,1542,1126,-0.92895025,7.383718,5.391742,621,1284,3105,0.7587325,1.5687803,3.7936625,2867,-6136,-128,172.01999,-368.16,-7.68,0,0,0,0,0,0,0,0,0,0,0,1,FC440B093EFF060666046D020405210C07580B0930FE4B066404110334058B0C956A0B0985FD4C06BB04A8035D05900C330B08E880FF200000184048
2026-09-12T15:44:50.9397540+00:00,8487,151747925,Connected,-1,24,-624,1626,1490,-2.9879637,7.785944,7.1347213,1044,1392,3160,1.2755504,1.7007338,3.860861,2851,-6136,-131,171.06,-368.16,-7.8599997,0,0,0,0,0,0,0,0,0,0,0,1,557D0B0990FD5A06D20514047005580C15900B0905FE6C06060715046605140CD5A20B096BFE41066B07B3034C05E40B230B08E87DFF200000184048
2026-09-12T15:44:50.9564142+00:00,8488,151762350,Connected,-1,24,-416,1538,1864,-1.9919758,7.3645644,8.925584,813,1344,3001,0.9933165,1.6420878,3.6665962,2835,-6137,-135,170.09999,-368.22,-8.099999,0,0,0,0,0,0,0,0,0,0,0,1,AEB50B0960FE020648072D034005B90B6EC80B09F5FDCE05DA06A7023705610B2EDB0B09E9FDB80539062F024105BE0A130B07E879FF200000184048
2026-09-12T15:44:50.9731620+00:00,8490,151791175,Connected,-1,24,-31,1687,1443,-0.14844051,8.078036,6.909666,288,1454,2189,0.35187596,1.7764848,2.6745017,2781,-6142,-142,166.86,-368.52,-8.5199995,0,0,0,0,0,0,0,0,0,0,0,1,47260C09E1FF9706A3052001AE058D0807390C091B00B4065805F600DD059B08C74B0C094500E7064D05F2001E06E408DD0A02E872FF200000184048
2026-09-12T15:44:50.9897538+00:00,8491,151805600,Connected,-1,24,100,1837,1453,0.47884035,8.796297,6.95755,264,1617,2413,0.32255295,1.9756368,2.9481828,2781,-6142,-142,166.86,-368.52,-8.5199995,0,0,0,0,0,0,0,0,0,0,0,1,A05E0C0964002D07AD05080151066D0960710C09280054072306160161062C0A20840C09CEFF3207390615012806000BDD0A02E872FF200000184048
2026-09-12T15:44:51.0064540+00:00,8492,151820000,Connected,-1,24,-75,1815,1546,-0.35913026,8.690952,7.4028716,301,1462,3029,0.36775923,1.7862592,3.7008064,2781,-6142,-142,166.86,-368.52,-8.5199995,0,0,0,0,0,0,0,0,0,0,0,1,E0960C09B5FF17070A062D01B605D50BB9A90C09CBFF3A07020652017605AC0C79BC0C090C008307050669016B059B0DDD0A02E872FF200000184048
2026-09-12T15:44:51.0397566+00:00,8493,151834425,Connected,-1,24,43,1963,1533,0.20590134,9.399636,7.3406224,353,1414,3739,0.43129238,1.7276132,4.5682783,2760,-6147,-146,165.59999,-368.81998,-8.76,0,0,0,0,0,0,0,0,0,0,0,1,39CF0C092B00AB07FD05610186059B0EF9E10C0910009A07D8054D0198058A0FB9F40C09E9FF470797053C0189054410C80AFDE76EFF200000184048
2026-09-12T15:44:51.0564270+00:00,8495,151863250,Connected,-1,24,-163,1541,1589,-0.78050977,7.3789296,7.608773,254,1369,4298,0.31033504,1.6726326,5.25126,2697,-6173,-156,161.81999,-370.38,-9.36,0,0,0,0,0,0,0,0,0,0,0,1,D23F0D095DFF05063506FE005905CA1092520D0913FFE5054606AD0063054B106B650D09FEFECE0537064B007205830F890AE3E764FF200000184048
2026-09-12T15:44:51.0730846+00:00,8496,151878025,Connected,-1,24,-250,1479,1555,-1.1971009,7.0820484,7.445967,-32,1393,3725,-0.039097328,1.7019556,4.551173,2675,-6185,-160,160.5,-371.1,-9.599999,0,0,0,0,0,0,0,0,0,0,0,1,89790D0906FFC7051306E0FF71058D0EEB8A0D0944FFDF05CF057CFF5805890DAB9D0D098BFFFD05D2051EFF41059B0C730AD7E760FF200000184048
2026-09-12T15:44:51.0897734+00:00,8497,151892650,Connected,-1,24,-41,1551,1505,-0.19632454,7.4268136,7.2065473,-317,1343,3026,-0.3873079,1.6408659,3.6971412,2632,-6211,-166,157.92,-372.66,-9.96,0,0,0,0,0,0,0,0,0,0,0,1,AAB20D09D7FF0F06E105C3FE3F05D20B44C30D090C000106D90573FE5405350B04D60D094400E005C00534FE7205C80A480ABDE75AFF200000184048
2026-09-12T15:44:51.1064196+00:00,8498,151906500,Connected,-1,24,139,1524,1453,0.6655881,7.297527,6.95755,-497,1422,2717,-0.60723037,1.7373875,3.3196075,2611,-6227,-169,156.66,-373.62,-10.139999,0,0,0,0,0,0,0,0,0,0,0,1,C4E80D098B00F405AD050FFE8E059D0A84FB0D09D3002706D505FFFDAA05BC0A440E0E0915014C061906F3FDD0051D0B330AADE757FF200000184048
2026-09-12T15:44:51.1230776+00:00,8499,151920925,Connected,-1,24,330,1619,1618,1.5801731,7.752425,7.747637,-531,1521,3000,-0.6487713,1.8583449,3.6653745,2589,-6245,-172,155.34,-374.69998,-10.32,0,0,0,0,0,0,0,0,0,0,0,1,1D210E094A0153065206EDFDF105B80BDD330E09650154062406F5FDD1057E0C9D460E09930157060F0610FE6A055C0D1D0A9BE754FF200000184048
2026-09-12T15:44:51.1397587+00:00,8501,151949750,Connected,-1,24,151,1479,1673,0.7230489,7.0820484,8.010999,-291,949,4097,-0.35554132,1.1594801,5.0056796,2530,-6303,-178,151.8,-378.18,-10.679999,0,0,0,0,0,0,0,0,0,0,0,1,B6910E099700C7058906DDFEB503011076A40E0952005A05630609FF2503091036B70E093C00EC0431062AFFEE02C10FE20961E74EFF200000184048
2026-09-12T15:44:51.1564184+00:00,8502,151964150,Connected,-1,24,97,1215,1603,0.46447513,5.81791,7.675811,-203,781,3907,-0.24802367,0.95421916,4.7735395,2494,-6353,-179,149.64,-381.18,-10.74,0,0,0,0,0,0,0,0,0,0,0,1,F6C90E096100BF04430635FF0D03430FCFDC0E09C700BC04400622FF2A03BE0E8FEF0E096801CF04100603FF2D03570EBE092FE74DFF200000184048
2026-09-12T15:44:51.1730845+00:00,8503,151978575,Connected,-1,24,514,1249,1568,2.4612393,5.9807158,7.5082164,-272,816,3615,-0.33232728,0.99698186,4.416776,2476,-6380,-182,148.56,-382.8,-10.92,0,0,0,0,0,0,0,0,0,0,0,1,4F020F090202E1042006F0FE30031F0E0F150F095A02DC042106EAFE2D03110EE8270F098002B9041406E8FE17031A0EAC0914E74AFF200000184048
2026-09-12T15:44:51.1897555+00:00,8504,151993000,Connected,-1,24,648,1155,1538,3.1028855,5.530606,7.3645644,-272,737,3611,-0.33232728,0.9004603,4.411889,2444,-6439,-184,146.64,-386.34,-11.04,0,0,0,0,0,0,0,0,0,0,0,1,A83A0F09880283040206F0FEE1021B0E684D0F0982024B04D70508FF8C020A0E28600F09A7023F04C20523FF4302F50D8C09D9E648FF200000184048
2026-09-12T15:44:51.2064567+00:00,8506,152021825,Connected,-1,24,766,1210,1496,3.667917,5.793968,7.1634517,-95,660,3735,-0.11607019,0.80638236,4.563391,2407,-6527,-189,144.42,-391.62,-11.34,0,0,0,0,0,0,0,0,0,0,0,1,41AB0F09FE02BA04D805A1FF9402970E1ABE0F093D03BC04DB05C8FF9E02DF0EDAD00F09A403BB043B06F6FF9B02410F670981E643FF200000184048
2026-09-12T15:44:51.2231068+00:00,8507,152036425,Connected,-1,24,982,1212,1747,4.7022123,5.803545,8.365341,15,675,4020,0.018326873,0.82470924,4.911602,2397,-6557,-191,143.81999,-393.41998,-11.46,0,0,0,0,0,0,0,0,0,0,0,1,49E40F09D603BC04D3060F00A302B40F5AF60F09C303D604D606FCFFC50216101A0910095E0382047706E7FF150345105D0963E641FF200000184048
2026-09-12T15:44:51.2398321+00:00,8508,152050675,Connected,-1,24,752,990,1545,3.6008794,4.7405195,7.398083,-10,815,4178,-0.012217915,0.9957601,5.104645,2389,-6586,-195,143.34,-395.16,-11.7,0,0,0,0,0,0,0,0,0,0,0,1,F31B1009F002DE030906F6FF2F035210B32E1009BA02530331061700E4025A1073411009C102DD0295062200B8024810550946E63DFF200000184048
2026-09-12T15:44:51.2564379+00:00,8509,152065075,Connected,-1,24,653,626,1749,3.1268275,2.9975405,8.374918,13,734,4108,0.01588329,0.896795,5.0191193,2371,-6649,-203,142.26,-398.94,-12.179999,0,0,0,0,0,0,0,0,0,0,0,1,335410098D027202D5060D00DE020C100C6710097C027B02D406ECFFFD02B00FCC7910096A02A602E606E0FF2A03430F430907E635FF200000184048
2026-09-12T15:44:51.2731136+00:00,8510,152079500,Connected,-1,24,596,700,1827,2.8538885,3.3518825,8.748413,-22,817,3798,-0.026879413,0.99820364,4.640364,2366,-6681,-208,141.95999,-400.86,-12.48,0,0,0,0,0,0,0,0,0,0,0,1,8C8C10095402BC022307EAFF3103D60E4C9F100955028F024A070200E802670E25B21009AA024B02F80615008902FD0D3E09E7E530FF200000184048
2026-09-12T15:44:51.2897763+00:00,8511,152093925,Connected,-1,24,832,528,1704,3.9839516,2.528277,8.159439,46,598,3512,0.056202408,0.7306313,4.2909317,2354,-6746,-218,141.23999,-404.75998,-13.08,0,0,0,0,0,0,0,0,0,0,0,1,E5C4100940031002A8062E005602B80DA5D71009D70315027E065D005A02B30D65EA10093804210276069E009302D60D3209A6E526FF200000184048
2026-09-12T15:44:51.3064698+00:00,8512,152108325,Connected,-1,24,1119,561,1656,5.3582234,2.6862943,7.929596,223,699,3584,0.2724595,0.8540323,4.3789005,2351,-6781,-222,141.06,-406.86,-13.32,0,0,0,0,0,0,0,0,0,0,0,1,25FD10095F0431027806DF00BB02000EFE0F110995045D0240061201C502250EBE221109CA04850212064901DC02550E2F0983E522FF200000184048
2026-09-12T15:44:51.3232014+00:00,8513,152122750,Connected,-1,24,1233,662,1512,5.9041014,3.169923,7.240066,398,783,3732,0.48627302,0.9566627,4.5597258,2346,-6844,-234,140.76,-410.63998,-14.04,0,0,0,0,0,0,0,0,0,0,0,1,7E351109D1049602E8058E010F03940E3E4811099E046D02D605DE015E03D00EFE5A110939041102F8052C02B503F00E2A0944E516FF200000184048
2026-09-12T15:44:51.3397866+00:00,8514,152137175,Connected,-1,24,983,479,1610,4.7070007,2.2936451,7.7093296,614,1000,3811,0.75017995,1.2217915,4.656247,2346,-6875,-239,140.76,-412.5,-14.34,0,0,0,0,0,0,0,0,0,0,0,1,D76D1109D703DF014A066602E803E30E97801109D003ED0194067C020404B50E57931109E003FC019B0681023804860E2A0925E511FF200000184048
2026-09-12T15:44:51.3564199+00:00,8515,152151575,Connected,-1,24,995,504,1655,4.7644615,2.4133554,7.9248075,651,1161,3685,0.79538625,1.4185,4.5023017,2351,-6935,-250,141.06,-416.09998,-15,0,0,0,0,0,0,0,0,0,0,0,1,17A61109E303F80177068B028904650ED7B811092F0312030F079E02D904430EB0CB1109C402BF03CE077802AC04D10D2F09E9E406FF200000184048
2026-09-12T15:44:51.3730859+00:00,8517,152180450,Connected,-1,24,-10,169,2273,-0.047884032,0.80924016,10.884041,229,590,2410,0.27979025,0.72085696,2.9445176,2363,-7020,-263,141.78,-421.19998,-15.78,0,0,0,0,0,0,0,0,0,0,0,1,E2161209F6FFA900E108E5004E026A09A22912099400C00066095C007A02FA07493C12096C01F300FC08DEFF3B02EE063B0994E4F9FE200000184048
2026-09-12T15:44:51.3897443+00:00,8518,152194825,Connected,-1,24,589,285,2064,2.8203697,1.364695,9.883265,-100,459,1602,-0.12217915,0.5608023,1.95731,2369,-7047,-264,142.14,-422.81998,-15.839999,0,0,0,0,0,0,0,0,0,0,0,1,094F12094D021D0110089CFFCB014206C961120961036B014E07A8FF8201E805A27412094804BB01D706E8FF7501F005410979E4F8FE200000184048
2026-09-12T15:44:51.4064735+00:00,8519,152209250,Connected,-1,24,1198,436,1706,5.7365074,2.087744,8.169016,48,411,1607,0.058645993,0.5021563,1.963419,2378,-7074,-267,142.68,-424.44,-16.02,0,0,0,0,0,0,0,0,0,0,0,1,62871209AE04B401AA0630009B014706229A12099C047101A6067100C701AA06E2AC120965042C01B706A400D901DC064A095EE4F5FE200000184048
2026-09-12T15:44:51.4230915+00:00,8520,152223675,Connected,-1,24,1092,262,1739,5.2289367,1.2545617,8.327033,189,487,1748,0.23091859,0.5950125,2.1356916,2392,-7119,-271,143.52,-427.13998,-16.26,0,0,0,0,0,0,0,0,0,0,0,1,BBBF120944040601CB06BD00E701D4067BD212091604EC00C206CB00F801B3063BE51209E303C900D306CD0015028406580931E4F1FE200000184048
2026-09-12T15:44:51.4397550+00:00,8521,152238075,Connected,-1,24,958,192,1838,4.5872903,0.91937345,8.801085,199,566,1602,0.24313651,0.691534,1.95731,2399,-7140,-272,143.94,-428.4,-16.32,0,0,0,0,0,0,0,0,0,0,0,1,FBF71209BE03C0002E07C70036024206D40A13098003CE009F07AC003E02F505941D13090003B900E5077700350295055F091CE4F0FE200000184048
2026-09-12T15:44:51.4565032+00:00,8522,152252500,Connected,-1,24,589,118,2024,2.8203697,0.5650316,9.691729,64,556,1294,0.078194655,0.67931604,1.5809982,2417,-7179,-274,145.02,-430.74,-16.44,0,0,0,0,0,0,0,0,0,0,0,1,543013094D027600E80740002C020E0514431309E2012B00D507110020024F04D4551309D401F9FFE907F8FF02026D037109F5E3EEFE200000184048
2026-09-12T15:44:51.4730997+00:00,8523,152266925,Connected,-1,24,488,-41,2041,2.336741,-0.19632454,9.773131,-15,433,649,-0.018326873,0.5290357,0.7929427,2425,-7194,-276,145.5,-431.63998,-16.56,0,0,0,0,0,0,0,0,0,0,0,1,AD681309E801D7FFF907F1FFB10189026D7B13090202C4FF0208F1FF4501AC012D8E13091302D5FF2008E5FFE200D3007909E6E3ECFE200000184048
2026-09-12T15:44:51.4897464+00:00,8525,152295750,Connected,-1,24,603,-52,1942,2.8874073,-0.24899697,9.299079,-142,-79,-679,-0.1734944,-0.09652153,-0.8295964,2448,-7234,-273,146.87999,-434.03998,-16.38,0,0,0,0,0,0,0,0,0,0,0,1,46D913095B02CCFF960772FFB1FF59FD06EC13097D02CCFFA0078AFF38FF87FCDFFE13095F02C7FF9D0794FFD3FEC4FB9009BEE3EFFE200000184048
2026-09-12T15:44:51.5064252+00:00,8526,152310175,Connected,-1,24,550,-58,1933,2.633622,-0.2777274,9.255983,-117,-361,-1284,-0.14294961,-0.44106674,-1.5687803,2459,-7254,-274,147.54,-435.24,-16.44,0,0,0,0,0,0,0,0,0,0,0,1,9F1114092602C6FF8D078BFF97FEFCFA5F241409F401C0FF8F0775FF74FE1CFA1F371409830180FF5D0766FF48FE23F99B09AAE3EEFE200000184048
2026-09-12T15:44:51.5230771+00:00,8527,152324600,Connected,-1,24,338,-213,1906,1.6184803,-1.0199299,9.126697,-148,-485,-2024,-0.18082514,-0.5925689,-2.4729059,2464,-7262,-275,147.84,-435.72,-16.5,0,0,0,0,0,0,0,0,0,0,0,1,F849140952012BFF72076CFF1BFE18F8B85C14093801F1FECD0784FFDAFD0DF7916F14090C01BAFEF2079EFF76FD06F6A009A2E3EDFE200000184048
2026-09-12T15:44:51.5397552+00:00,8529,152353425,Connected,-1,24,43,-473,2041,0.20590134,-2.2649148,9.773131,170,-1075,-3666,0.20770456,-1.3134259,-4.479088,2468,-7266,-275,148.08,-435.96,-16.5,0,0,0,0,0,0,0,0,0,0,0,1,91BA14092B0027FEF907AA00CDFBAEF151CD1409D8FF49FEFF07220100FB7DF011E01409B4FF9EFEFC0791012EFA3CEFA4099EE3EDFE200000184048
2026-09-12T15:44:51.5564098+00:00,8530,152367825,Connected,-1,24,-18,-207,2026,-0.08619126,-0.9911995,9.701305,494,-1692,-4618,0.603565,-2.0672712,-5.642233,2463,-7262,-274,147.78,-435.72,-16.44,0,0,0,0,0,0,0,0,0,0,0,1,D1F21409EEFF31FFEA07EE0164F9F6EDAA0515097900F6FF8A073202B0F8DAEC6A1815090F01E2000A0757023CF810EC9F09A2E3EEFE200000184048
2026-09-12T15:44:51.5897461+00:00,8531,152382250,Connected,-1,24,382,459,1689,1.8291701,2.1978772,8.087613,602,-2030,-5228,0.73551846,-2.4802368,-6.387526,2453,-7242,-272,147.18,-434.52,-16.32,0,0,0,0,0,0,0,0,0,0,0,1,2A2B15097E01CB0199065A0212F894EBEA3D15096F0123026D063E022BF836EBAA5015099A0029020007DB015AF88FEA9509B6E3F0FE200000184048
2026-09-12T15:44:51.6064314+00:00,8533,152411075,Connected,-1,24,505,1679,1908,2.4181437,8.039729,9.136273,-570,-1691,-6423,-0.69642115,-2.0660493,-7.8475666,2429,-7183,-272,145.73999,-430.97998,-16.32,0,0,0,0,0,0,0,0,0,0,0,1,C39B1509F9018F067407C6FD65F9E9E69CAE15091302A1069B07C2FC62F99AE65CC11509CE016B06DD07D9FB29F983E67D09F1E3F0FE200000184048
2026-09-12T15:44:51.6230763+00:00,8534,152425500,Connected,-1,24,434,1577,1987,2.078167,7.551312,9.514558,-1273,-1826,-6493,-1.5553405,-2.2309914,-7.933092,2418,-7159,-273,145.08,-429.53998,-16.38,0,0,0,0,0,0,0,0,0,0,0,1,1CD41509B2012906C30707FBDEF8A3E6DCE61509A3011B06730747FAE1F8F1E69CF91509950140062707AAF907F97FE7720909E4EFFE200000184048
2026-09-12T15:44:51.6397717+00:00,8535,152439925,Connected,-1,24,404,1654,1753,1.934515,7.920019,8.394072,-1726,-1733,-6082,-2.108812,-2.1173646,-7.430936,2398,-7099,-271,143.87999,-425.94,-16.26,0,0,0,0,0,0,0,0,0,0,0,1,750C160994017606D90642F93BF93EE8351F16098D019F06800615F97FF910E9F53116098B01A8061D061EF9B7F9DEE95E0945E4F1FE200000184048
2026-09-12T15:44:51.6564126+00:00,8536,152454350,Connected,-1,24,383,1691,1449,1.8339585,8.09719,6.9383965,-1723,-1555,-5481,-2.1051466,-1.8998858,-6.696639,2389,-7068,-270,143.34,-424.08,-16.199999,0,0,0,0,0,0,0,0,0,0,0,1,CE4416097F019B06A90545F9EDF997EA8E5716097401820647056FF938FA2AEB4E6A160972015A061305A4F998FA92EB550964E4F2FE200000184048
2026-09-12T15:44:51.6730880+00:00,8537,152468750,Connected,-1,24,371,1564,1286,1.7764976,7.489063,6.157887,-1554,-1308,-5153,-1.898664,-1.5981033,-6.295892,2370,-6999,-266,142.2,-419.94,-15.96,0,0,0,0,0,0,0,0,0,0,0,1,0E7D160973011C060605EEF9E4FADFEBCE8F1609A4010006D80446FA33FB26ECA7A21609E401F405B904A1FAB2FB7FEC4209A9E4F6FE200000184048
2026-09-12T15:44:51.6897463+00:00,8539,152497575,Connected,-1,24,501,1286,1466,2.3989902,6.157887,7.019799,-1005,-838,-4633,-1.2279005,-1.0238613,-5.66056,2354,-6925,-261,141.23999,-415.5,-15.66,0,0,0,0,0,0,0,0,0,0,0,1,A7ED1609F5010605BA0513FCBAFCE7ED80001709E301ED0406063AFC68FCD5ED40131709C2015305610661FC12FCC8ED3209F3E4FBFE200000184048
2026-09-12T15:44:51.7064175+00:00,8540,152512000,Connected,-1,24,370,1449,1697,1.7717092,6.9383965,8.12592,-897,-1092,-4667,-1.095947,-1.3341963,-5.7021008,2347,-6848,-253,140.81999,-410.88,-15.179999,0,0,0,0,0,0,0,0,0,0,0,1,002617097201A905A1067FFCBCFBC5EDC03817090D01E405A9069DFC2CFBA3ED994B1709DF005F067906D0FC35FA55ED2B0940E503FF200000184048
2026-09-12T15:44:51.7230735+00:00,8541,152526425,Connected,-1,24,168,1779,1634,0.80445176,8.51857,7.824251,-753,-1751,-4872,-0.920009,-2.1393569,-5.952568,2345,-6810,-248,140.7,-408.6,-14.88,0,0,0,0,0,0,0,0,0,0,0,1,595E1709A800F30662060FFD29F9F8EC197117096D004B073A064CFD47F8AAECD983170920003B0752067BFDDAF77BEC290966E508FF200000184048
2026-09-12T15:44:51.7397337+00:00,8542,152540825,Connected,-1,24,-13,1755,1614,-0.062249243,8.403648,7.728483,-594,-2155,-5036,-0.7257441,-2.6329606,-6.152942,2347,-6735,-242,140.81999,-404.1,-14.5199995,0,0,0,0,0,0,0,0,0,0,0,1,99961709F3FFDB064E06AEFD95F754EC72A91709A6FF82066606E0FD9BF716EC32BC1709A2FF4906800609FE78F7CBEB2B09B1E50EFF200000184048
2026-09-12T15:44:51.7564121+00:00,8544,152569675,Connected,-1,24,-737,1414,2450,-3.5290532,6.7708025,11.731588,-557,-3270,-5960,-0.6805379,-3.995258,-7.2818775,2366,-6632,-232,141.95999,-397.91998,-13.92,0,0,0,0,0,0,0,0,0,0,0,1,4B0718091FFD86059209D3FD3AF3B8E80B1A180905FFF605730504FD5FF324E7CB2C1809AEFF2806A0035EFC8EF471E63E0918E618FF200000184048
2026-09-12T15:44:51.7730684+00:00,8545,152584075,Connected,-1,24,145,1723,1016,0.6943185,8.250419,4.865018,-1046,-2465,-6604,-1.2779939,-3.0117161,-8.068711,2378,-6597,-227,142.68,-395.81998,-13.62,0,0,0,0,0,0,0,0,0,0,0,1,8B3F18099100BB06F803EAFB5FF634E664521809430196071D0593FB4CF84FE624651809DF01050859053EFB6AF9BFE64A093BE61DFF200000184048
2026-09-12T15:44:51.7897492+00:00,8546,152598500,Connected,-1,24,592,2050,1267,2.834735,9.816227,6.066907,-1275,-1504,-6299,-1.5577842,-1.8375744,-7.6960645,2405,-6531,-218,144.3,-391.86,-13.08,0,0,0,0,0,0,0,0,0,0,0,1,E477180950020208F30405FB20FA65E7A48A18096B02C0071805FCFAE0FA3BE87D9D18092E025707C80517FB4FFB34E965097DE626FF200000184048
2026-09-12T15:44:51.8230694+00:00,8547,152612925,Connected,-1,24,430,1731,1705,2.0590134,8.288726,8.1642275,-1211,-1206,-5585,-1.4795895,-1.4734806,-6.8237057,2422,-6499,-212,145.31999,-389.94,-12.719999,0,0,0,0,0,0,0,0,0,0,0,1,3DB01809AE01C306A90645FB4AFB2FEAFDC21809FE001A0655077AFBE0FA0CEBBDD518092F00A105C707ACFB2AFAB5EB76099DE62CFF200000184048
2026-09-12T15:44:51.8397406+00:00,8550,152656175,Connected,-1,24,-254,1629,1751,-1.2162545,7.800309,8.384495,-1041,-1864,-4854,-1.2718849,-2.2774193,-5.930576,2506,-6388,-187,150.36,-383.28,-11.219999,0,0,0,0,0,0,0,0,0,0,0,1,2F59190902FF5D06D706EFFBB8F80AEDEF6B190954FFA606C90651FBB0F8A1ECAF7E190996FFD406A806B6FABAF866ECCA090CE745FF200000184048
2026-09-12T15:44:51.8730786+00:00,8551,152670600,Connected,-1,24,-40,1772,1649,-0.19153613,8.485051,7.896077,-1482,-1791,-5007,-1.8106949,-2.1882286,-6.11751,2553,-6342,-176,153.18,-380.52,-10.559999,0,0,0,0,0,0,0,0,0,0,0,1,88911909D8FFEC06710636FA01F971EC48A419092B00E4065206D5F98BF9C3EC08B719098200A706680696F932FA48EDF9093AE750FF200000184048
2026-09-12T15:44:51.8897337+00:00,8552,152685000,Connected,-1,24,188,1604,1676,0.90021986,7.680599,8.025364,-1678,-1351,-4634,-2.0501661,-1.6506402,-5.661782,2580,-6323,-172,154.8,-379.38,-10.32,0,0,0,0,0,0,0,0,0,0,0,1,C8C91909BC0044068C0672F9B9FAE6ED88DC1909AC00EB05CF0666F9FDFA86EE61EF19095500B5050B076AF9FAFA1DEF140A4DE754FF200000184048
2026-09-12T15:44:51.9064159+00:00,8553,152699425,Connected,-1,24,9,1418,1828,0.04309563,6.789956,8.7532015,-1675,-1326,-4191,-2.0465007,-1.6200955,-5.120528,2636,-6296,-157,158.16,-377.75998,-9.42,0,0,0,0,0,0,0,0,0,0,0,1,21021A0909008A05240775F9D2FAA1EFE1141A09CBFF7C05230780F9C2FA14F0A1271A0940FF1305790795F9BCFA7BF04C0A68E763FF200000184048
2026-09-12T15:44:51.9230747+00:00,8555,152728250,Connected,-1,24,-448,990,2037,-2.1452048,4.7405195,9.753978,-1520,-1646,-3884,-1.857123,-2.0110688,-4.745438,2720,-6280,-124,163.2,-376.8,-7.44,0,0,0,0,0,0,0,0,0,0,0,1,BA721A0940FEDE03F50710FA92F9D4F07A851A0985FED6037A0723FA75F9A8F053981A099CFEB60373073CFA72F978F0A00A78E784FF200000184048
2026-09-12T15:44:51.9397353+00:00,8556,152742675,Connected,-1,24,-310,921,1901,-1.484405,4.4101195,9.102755,-1443,-1723,-4025,-1.7630451,-2.1051466,-4.917711,2746,-6284,-114,164.76,-377.03998,-6.8399997,0,0,0,0,0,0,0,0,0,0,0,1,13AB1A09CAFE99036D075DFA45F947F0D3BD1A09EFFE9803670780FA16F916F093D01A0946FFA9032207A7FAF6F8F0EFBA0A74E78EFF200000184048
2026-09-12T15:44:51.9563974+00:00,8557,152757075,Connected,-1,24,-86,975,1756,-0.41180268,4.6686935,8.408437,-1326,-1788,-4123,-1.6200955,-2.1845632,-5.0374465,2797,-6297,-96,167.81999,-377.81998,-5.7599998,0,0,0,0,0,0,0,0,0,0,0,1,53E31A09AAFFCF03DC06D2FA04F9E5EF2CF61A090000F003B00602FB26F90CF0EC081B0946002904950637FB6EF975F0ED0A67E7A0FF200000184048
2026-09-12T15:44:51.9730773+00:00,8558,152771500,Connected,-1,24,124,1110,1718,0.59376204,5.315128,8.226477,-1169,-1571,-3809,-1.4282743,-1.9194344,-4.653804,2820,-6306,-89,169.2,-378.36,-5.3399997,0,0,0,0,0,0,0,0,0,0,0,1,AC1B1B097C005604B6066FFBDDF91FF16C2E1B09C6006A04E506A7FB4DFAF8F12C411B09A20149056F06DEFBD5FAF7F2040B5EE7A7FF200000184048
2026-09-12T15:44:51.9897386+00:00,8559,152785925,Connected,-1,24,230,1194,1863,1.1013328,5.717354,8.920795,-997,-1181,-3018,-1.218126,-1.4429357,-3.6873667,2841,-6316,-81,170.45999,-378.96,-4.8599997,0,0,0,0,0,0,0,0,0,0,0,1,05541B09E600AA0447071BFC63FB36F4F7661B09C200E003B00756FC4EFB4DF585791B092C003A03F1077FFC22FBFAF5190B54E7AFFF200000184048
2026-09-12T15:44:52.0064216+00:00,8561,152814750,Connected,-1,24,-497,570,2057,-2.3798366,2.72939,9.849746,-927,-1340,-2767,-1.1326007,-1.6372006,-3.380697,2902,-6355,-57,174.12,-381.3,-3.4199998,0,0,0,0,0,0,0,0,0,0,0,1,9EC41B090FFE3A02090861FCC4FA31F55ED71B091DFE5C020B082CFC0FFB66F41EEA1B096FFE91021308F3FB3BFB8CF3560B2DE7C7FF200000184048
2026-09-12T15:44:52.0230958+00:00,8562,152829175,Connected,-1,24,-330,717,2131,-1.5801731,3.4332852,10.204087,-1102,-1269,-3397,-1.3464142,-1.5504534,-4.150426,2936,-6389,-40,176.16,-383.34,-2.3999999,0,0,0,0,0,0,0,0,0,0,0,1,F7FC1B09B6FECD025308B2FB0BFBBBF2B70F1C09EFFE04037C0861FB85FAFAF177221C09FAFE2E038608FFFAE7F950F1780B0BE7D8FF200000184048
2026-09-12T15:44:52.0397448+00:00,8563,152843575,Connected,-1,24,-241,849,2090,-1.1540052,4.0653543,10.007763,-1396,-1691,-3916,-1.7056209,-2.0660493,-4.7845354,2950,-6407,-32,177,-384.41998,-1.92,0,0,0,0,0,0,0,0,0,0,0,1,37351C090FFF51032A088CFA65F9B4F010481C09F9FE6C03B40712FA62F91FF0D05A1C09D8FE7103810799F9AFF997EF860BF9E6E0FF200000184048
2026-09-12T15:44:52.0564415+00:00,8564,152858000,Connected,-1,24,-294,894,1901,-1.4077905,4.280833,9.102755,-1752,-1503,-4335,-2.1405787,-1.8363526,-5.2964664,2976,-6448,-17,178.56,-386.88,-1.02,0,0,0,0,0,0,0,0,0,0,0,1,906D1C09DAFE7E036D0728F921FA11EF50801C09DFFE71038507C7F89FFA83EE29931C09E9FE6003850777F8FDFAECEDA00BD0E6EFFF200000184048
2026-09-12T15:44:52.0730668+00:00,8565,152872425,Connected,-1,24,-246,819,1932,-1.1779473,3.9217024,9.251195,-1988,-1253,-4770,-2.4289215,-1.5309048,-5.827945,2989,-6470,-13,179.34,-388.19998,-0.78,0,0,0,0,0,0,0,0,0,0,0,1,E9A51C090AFF33038C073CF81BFB5EEDA9B81C0921FFEA029A071DF8F2FAF4EC69CB1C0951FFBD02AE0715F8BDFAC0ECAD0BBAE6F3FF200000184048
2026-09-12T15:44:52.0897389+00:00,8566,152886850,Connected,-1,24,-87,678,2000,-0.4165911,3.2465374,9.576807,-2016,-1368,-4927,-2.4631317,-1.6714108,-6.019767,3009,-6516,-3,180.54,-390.96,-0.17999999,0,0,0,0,0,0,0,0,0,0,0,1,42DE1C09A9FFA602D00720F8A8FAC1EC02F11C09F1FF7F02DC073DF8B8FAF6ECC2031D090D003602E30767F8DAFA55EDC10B8CE6FDFF200000184048
2026-09-12T15:44:52.1063997+00:00,8567,152901250,Connected,-1,24,86,462,1994,0.41180268,2.2122424,9.548077,-1885,-1311,-4661,-2.303077,-1.6017686,-5.6947703,3018,-6539,2,181.08,-392.34,0.12,0,0,0,0,0,0,0,0,0,0,0,1,82161D095600CE01CA07A3F8E1FACBED5B291D09D90051017607F4F80EFB52EE1B3C1D09210112012F0751F9A2FBEFEECA0B75E60200200000184048
2026-09-12T15:44:52.1230714+00:00,8569,152930275,Connected,-1,24,371,-12,1941,1.7764976,-0.05746084,9.294291,-1279,-849,-3781,-1.5626713,-1.037301,-4.6195936,3044,-6618,15,182.64,-397.08,0.9,0,0,0,0,0,0,0,0,0,0,0,1,E3871D097301F4FF950701FBAFFC3BF1F4991D093D0163FFB007B5FBCDFC92F1B4AC1D094E01EBFEAF0770FCC9FCBDF1E40B26E60F00200000184048
2026-09-12T15:44:52.1564230+00:00,8571,152958925,Connected,-1,24,404,5,1881,1.934515,0.023942016,9.006987,-531,-184,-3546,-0.6487713,-0.22480963,-4.332473,3063,-6701,23,183.78,-402.06,1.38,0,0,0,0,0,0,0,0,0,0,0,1,CDF71D09940105005907EDFD48FF26F28D0A1E0995017500650732FED0FF73F24D1D1E095801D40070077AFE3900EBF2F70BD3E51700200000184048
2026-09-12T15:44:52.1730758+00:00,8572,152973350,Connected,-1,24,229,224,1974,1.0965444,1.0726024,9.452309,-316,98,-3189,-0.3860861,0.11973557,-3.8962932,3070,-6729,23,184.2,-403.74,1.38,0,0,0,0,0,0,0,0,0,0,0,1,26301E09E500E000B607C4FE62008BF3E6421E099300E700D50705FF6D002DF4A6551E093900F500C5074AFF9C00B8F4FE0BB7E51700200000184048
2026-09-12T15:44:52.1897386+00:00,8573,152987750,Connected,-1,24,-71,201,2059,-0.33997664,0.9624691,9.859323,-101,203,-2785,-0.12340094,0.24802367,-3.4026892,3083,-6782,23,184.98,-406.91998,1.38,0,0,0,0,0,0,0,0,0,0,0,1,66681E09B9FFC9000B089BFFCB001FF53F7B1E09A0FFA9003C08D9FFD5005DF5FF8D1E09A9FF6F006708F6FFE9008AF50B0C82E51700200000184048
2026-09-12T15:44:52.2064438+00:00,8574,153002175,Connected,-1,24,-73,60,2180,-0.34955344,0.2873042,10.43872,0,231,-2638,0,0.28223383,-3.2230859,3091,-6807,23,185.45999,-408.41998,1.38,0,0,0,0,0,0,0,0,0,0,0,1,BFA01E09B7FF3C0084080000E700B2F57FB31E09DFFF140092080700D700E3F558C61E093700200086081400D50025F6130C69E51700200000184048
2026-09-12T15:44:52.2230646+00:00,8575,153016600,Connected,-1,24,126,43,2196,0.60333884,0.20590134,10.515334,46,221,-2424,0.056202408,0.27001593,-2.9616225,3104,-6851,17,186.23999,-411.06,1.02,0,0,0,0,0,0,0,0,0,0,0,1,18D91E097E002B0094082E00DD0088F6D8EB1E09F40073008D085000DE0012F798FE1E09F6003C00B4087B00C400C7F7200C3DE51100200000184048
2026-09-12T15:44:52.2397401+00:00,8577,153045425,Connected,-1,24,210,-129,2178,1.0055647,-0.61770403,10.429143,257,41,-1566,0.31400043,0.05009345,-1.9133254,3124,-6906,9,187.44,-414.36,0.53999996,0,0,0,0,0,0,0,0,0,0,0,1,B1491F09D2007FFF820801012900E2F9715C1F09DF0099FF5908190156000EFA4A6F1F091B01CCFF37082501B9001CFA340C06E50900200000184048
2026-09-12T15:44:52.2564028+00:00,8578,153059850,Connected,-1,24,365,24,2073,1.7477672,0.11492168,9.92636,288,312,-1495,0.35187596,0.38119894,-1.8265783,3130,-6922,7,187.8,-415.31998,0.42,0,0,0,0,0,0,0,0,0,0,0,1,0A821F096D01180019082001380129FACA941F09D6018800EA0706019A0159FA8AA71F09C9012101F207F400E701CCFA3A0CF6E40700200000184048
2026-09-12T15:44:52.2730619+00:00,8579,153074275,Connected,-1,24,358,407,2137,1.7142484,1.9488802,10.232818,235,530,-1163,0.287121,0.6475495,-1.4209435,3143,-6942,-1,188.58,-416.52,-0.06,0,0,0,0,0,0,0,0,0,0,0,1,63BA1F09660197015908EB00120275FB23CD1F09F900EE01B608CC0004023EFCE3DF1F096A00E501E2089500CC0105FD470CE2E4FFFF200000184048
2026-09-12T15:44:52.2897289+00:00,8580,153088700,Connected,-1,24,-42,432,2261,-0.20111294,2.0685902,10.82658,80,395,-609,0.09774332,0.48260763,-0.744071,3149,-6950,-5,188.94,-417,-0.29999998,0,0,0,0,0,0,0,0,0,0,0,1,BCF21F09D6FFB001D50850008B019FFD6305200952FF62017E080C006C01F5FD3C182009D6FEEC003308E4FF7E01FAFD4D0CDAE4FBFF200000184048
2026-09-12T15:44:52.3064036+00:00,8582,153117500,Connected,-1,24,-166,162,2160,-0.79487497,0.7757214,10.342952,44,949,-677,0.053758826,1.1594801,-0.82715285,3169,-6969,-14,190.14,-418.13998,-0.84,0,0,0,0,0,0,0,0,0,0,0,1,3C6320095AFFA20070082C00B5035BFD15762009CBFFE4008F083C00BB0393FDD5882009E4FF0101B6083C009303D8FD610CC7E4F2FF200000184048
2026-09-12T15:44:52.3230842+00:00,8583,153131925,Connected,-1,24,26,271,2236,0.12449849,1.2976574,10.70687,51,823,-485,0.062311366,1.0055344,-0.5925689,3177,-6972,-17,190.62,-418.31998,-1.02,0,0,0,0,0,0,0,0,0,0,0,1,959B20091A000F01BC08330037031BFE55AE200951000B01D2082700BC0260FE15C120097C00F300B40817003402A3FE690CC4E4EFFF200000184048
2026-09-12T15:44:52.3397310+00:00,8584,153146350,Connected,-1,24,138,216,2173,0.6607997,1.0342951,10.405201,8,466,-278,0.009774332,0.56935483,-0.33965802,3189,-6978,-22,191.34,-418.68,-1.3199999,0,0,0,0,0,0,0,0,0,0,0,1,EED320098A00D8007D080800D201EAFEAEE62009AA00D6003408F9FF8F013CFF6EF92009BC00FF000208EEFFA501ADFF750CBEE4EAFF200000184048
2026-09-12T15:44:52.3563946+00:00,8585,153160750,Connected,-1,24,163,292,2050,0.78050977,1.3982137,9.816227,-10,488,62,-0.012217915,0.59623426,0.07575107,3194,-6981,-24,191.64,-418.86,-1.4399999,0,0,0,0,0,0,0,0,0,0,0,1,2E0C2109A30024010208F6FFE8013E00071F2109910046011F0802002002D600C73121099F005D011F080A004E0272017A0CBBE4E8FF200000184048
2026-09-12T15:44:52.3730712+00:00,8586,153175175,Connected,-1,24,182,374,2050,0.8714894,1.7908629,9.816227,10,642,536,0.012217915,0.78439015,0.6548802,3208,-6981,-28,192.48,-418.86,-1.68,0,0,0,0,0,0,0,0,0,0,0,1,87442109B600760102080A008202180247572109B6008201DF070800C802CF02076A21099E008D01CD07030021039103880CBBE4E4FF200000184048
2026-09-12T15:44:52.3897300+00:00,8587,153189600,Connected,-1,24,130,401,2015,0.62249243,1.9201498,9.648633,-4,895,1117,-0.004887166,1.0935034,1.3647411,3212,-6982,-32,192.72,-418.91998,-1.92,0,0,0,0,0,0,0,0,0,0,0,1,E07C210982009101DF07FCFF7F035D04A08F2109480099010D08EEFFD703320560A221090D00A3012908CEFF1D0405068C0CBAE4E0FF200000184048
2026-09-12T15:44:52.4064154+00:00,8588,153204000,Connected,-1,24,-34,428,2075,-0.16280572,2.0494366,9.935937,-79,1090,1747,-0.09652153,1.3317528,2.1344697,3224,-6977,-36,193.44,-418.62,-2.1599998,0,0,0,0,0,0,0,0,0,0,0,1,20B52109DEFFAC011B08B1FF4204D306E0C72109CBFF9B01EC07B2FF61048F07B9DA2109EEFF8801C607C5FF9E043A08980CBFE4DCFF200000184048
2026-09-12T15:44:52.4231313+00:00,8589,153218675,Connected,-1,24,45,383,1951,0.21547815,1.8339585,9.3421755,-31,1262,2284,-0.037875537,1.5419009,2.7905717,3230,-6973,-41,193.8,-418.38,-2.46,0,0,0,0,0,0,0,0,0,0,0,1,73EE21092D007F019F07E1FFEE04EC08390022097C0097019007FDFF5805A909F9122209E500C10190071700B9057A0A9E0CC3E4D7FF200000184048
2026-09-12T15:44:52.4397749+00:00,8590,153233800,Connected,-1,24,279,491,1910,1.3359646,2.3511062,9.14585,48,1565,2925,0.058645993,1.9121037,3.57374,3242,-6965,-46,194.51999,-417.9,-2.76,0,0,0,0,0,0,0,0,0,0,0,1,882922091701EB01760730001D066D0B923822092301300253073C008C068A0C524B220924017C024B074D00F306D10DAA0CCBE4D2FF200000184048
2026-09-12T15:44:52.4564145+00:00,8591,153247250,Connected,-1,24,188,730,1877,0.90021986,3.4955344,8.987833,86,1888,3898,0.10507407,2.3067424,4.762543,3249,-6955,-48,194.94,-417.3,-2.8799999,0,0,0,0,0,0,0,0,0,0,0,1,125E2209BC00DA025507560060073A0F047122095600450347075200B507B210AB832209FBFF930332074500FF073012B10CD5E4D0FF200000184048
2026-09-12T15:44:52.4731356+00:00,8593,153276100,Connected,-1,24,-349,703,1667,-1.6711528,3.3662477,7.9822683,156,2198,5975,0.19059947,2.6854978,7.3002043,3270,-6917,-57,196.2,-415.02,-3.4199998,0,0,0,0,0,0,0,0,0,0,0,1,C4CE2209A3FEBF0283069C009608571784E1220917FE4902E8052D01E2082A1844F4220970FD1502A5050D024C09CA18C60CFBE4C7FF200000184048
2026-09-12T15:44:52.4897276+00:00,8594,153290500,Connected,-1,24,-873,549,1480,-4.1802764,2.6288335,7.086837,771,2518,6462,0.9420012,3.076471,7.8952165,3273,-6900,-59,196.37999,-414,-3.54,0,0,0,0,0,0,0,0,0,0,0,1,0407230997FC2502C8050303D6093E19C4192309C5FB51022E06EE034E0A80199D2C230937FB9302A706B104AD0A8519C90C0CE5C5FF200000184048
2026-09-12T15:44:52.5063948+00:00,8595,153304925,Connected,-1,24,-1296,766,1805,-6.205771,3.667917,8.643068,1333,2807,6482,1.628648,3.4295688,7.9196525,3281,-6854,-67,196.86,-411.24,-4.02,0,0,0,0,0,0,0,0,0,0,0,1,5D3F2309F0FAFE020D073505F70A52191D522309DFFA7E034F0777050F0B0119DD642309DDFAFB0359078305F50AAB18D10C3AE5BDFF200000184048
2026-09-12T15:44:52.5230566+00:00,8596,153319350,Connected,-1,24,-1283,1124,1886,-6.143522,5.3821654,9.030929,1377,2774,6232,1.6824069,3.3892496,7.6142044,3285,-6826,-69,197.09999,-409.56,-4.14,0,0,0,0,0,0,0,0,0,0,0,1,B6772309FDFA64045E076105D60A5818768A23092AFBA80452071D05CF0A1118369D230972FBFD044907C004C40ADE17D50C56E5BBFF200000184048
2026-09-12T15:44:52.5397299+00:00,8597,153333750,Connected,-1,24,-1071,1363,1839,-5.12838,6.5265937,8.805874,1108,2734,6096,1.353745,3.340378,7.448041,3287,-6760,-76,197.22,-405.6,-4.56,0,0,0,0,0,0,0,0,0,0,0,1,F6AF2309D1FB53052F075404AE0AD017B6C2230922FCA0052407E003950AF6178FD5230937FCF50504077003750A5118D70C98E5B4FF200000184048
2026-09-12T15:44:52.5563933+00:00,8599,153362600,Connected,-1,24,-1089,1523,1789,-5.2145715,7.2927384,8.566454,525,2374,6656,0.6414405,2.900533,8.132244,3275,-6644,-84,196.5,-398.63998,-5.04,0,0,0,0,0,0,0,0,0,0,0,1,A8202409BFFBF305FD060D024609001A68332409B4FB9105EF06E301D608241A28462409A5FB5005FD06CE016508181ACB0C0CE6ACFF200000184048
2026-09-12T15:44:52.5730649+00:00,8600,153377025,Connected,-1,24,-1190,1329,1869,-5.6982,6.363788,8.949526,440,2018,6624,0.53758824,2.4655752,8.093147,3267,-6602,-87,196.01999,-396.12,-5.22,0,0,0,0,0,0,0,0,0,0,0,1,015924095AFB31054D07B801E207E019C16B24092AFB4205BB078A0124078819817E24090BFB4305F30743014F061419C30C36E6A9FF200000184048
2026-09-12T15:44:52.6064033+00:00,8602,153405850,Connected,-1,24,-1122,1278,1805,-5.3725886,6.1195793,8.643068,199,905,5788,0.24313651,1.1057214,7.071729,3240,-6518,-92,194.4,-391.08,-5.52,0,0,0,0,0,0,0,0,0,0,0,1,9AC924099EFBFE040D07C70089039C165ADC2409B7FB3F05FD06D4000C0316161AEF2409AFFB35052007C600C1028315A80C8AE6A4FF200000184048
2026-09-12T15:44:52.6230555+00:00,8604,153434675,Connected,-1,24,-811,1221,1883,-3.8833952,5.8466406,9.016563,-134,493,4478,-0.16372006,0.6023432,5.4711823,3219,-6479,-96,193.14,-388.74,-5.7599998,0,0,0,0,0,0,0,0,0,0,0,1,333A2509D5FCC5045B077AFFED017E11F34C250966FDA8044707F4FEB4015710CC5F2509DCFD8A041C078AFE9701570F930CB1E6A0FF200000184048
2026-09-12T15:44:52.6397247+00:00,8605,153449100,Connected,-1,24,-500,1032,1795,-2.3942018,4.9416323,8.595184,-445,385,3726,-0.54369724,0.47038972,4.552395,3193,-6442,-98,191.58,-386.52,-5.8799996,0,0,0,0,0,0,0,0,0,0,0,1,8C7225090CFE0804030743FE81018E0E4C8525094CFEA303C30620FE8301E20D0C98250967FE5D03D0061DFEA801470D790CD6E69EFF200000184048
2026-09-12T15:44:52.6730670+00:00,8606,153463500,Connected,-1,24,-419,798,1814,-2.006341,3.821146,8.686164,-472,452,3244,-0.5766856,0.5522497,3.9634917,3136,-6372,-101,188.15999,-382.31998,-6.06,0,0,0,0,0,0,0,0,0,0,0,1,CCAA25095DFE1E03160728FEC401AC0CA5BD250924FEF10258073CFEC401070C65D02509B5FDC902A20759FEA301490B400C1CE79BFF200000184048
2026-09-12T15:44:52.6897365+00:00,8607,153477925,Connected,-1,24,-701,685,2028,-3.3566709,3.2800562,9.710882,-379,332,2673,-0.46305898,0.40563476,3.2658486,3109,-6343,-104,186.54,-380.58,-6.24,0,0,0,0,0,0,0,0,0,0,0,1,25E3250943FDAD02EC0785FE4C01710AE5F52509CEFCA7024B08BAFEC8007409BE0826097AFCBE02A708E5FE0C004808250C39E798FF200000184048
2026-09-12T15:44:52.7063959+00:00,8609,153506775,Connected,-1,24,-805,716,2136,-3.8546648,3.4284968,10.228029,-483,-617,662,-0.59012526,-0.75384533,0.80882597,3014,-6279,-107,180.84,-376.74,-6.42,0,0,0,0,0,0,0,0,0,0,0,1,D7532609DBFCCC0258081DFE97FD960297662609E0FCD6027708E7FD1CFD530157792609DDFCF902BB08BDFD7BFC2A00C60B79E795FF200000184048
2026-09-12T15:44:52.7230518+00:00,8610,153521175,Connected,-1,24,-831,813,2294,-3.9791632,3.892972,10.984597,-628,-1079,-261,-0.76728505,-1.318313,-0.3188876,2950,-6257,-106,177,-375.41998,-6.3599997,0,0,0,0,0,0,0,0,0,0,0,1,178C2609C1FC2D03F6088CFDC9FBFBFE229F2609ABFC44030D093EFD12FBAEFDB0B12609B5FC47031009D2FC59FA32FC860B8FE796FF200000184048
2026-09-12T15:44:52.7397128+00:00,8611,153535625,Connected,-1,24,-784,851,2295,-3.7541082,4.074931,10.989386,-935,-1647,-1397,-1.142375,-2.0122905,-1.7068427,2920,-6249,-105,175.2,-374.94,-6.2999997,0,0,0,0,0,0,0,0,0,0,0,1,89C42609F0FC5303F70859FC91F98BFA30D7260929FD7103A208DEFBA8F8C9F8F0E9260971FD99030C086FFBB6F7F2F6680B97E797FF200000184048
2026-09-12T15:44:52.7563957+00:00,8612,153550025,Connected,-1,24,-572,935,1920,-2.7389667,4.477157,9.193734,-1267,-2312,-2796,-1.5480099,-2.824782,-3.416129,2892,-6245,-104,173.51999,-374.69998,-6.24,0,0,0,0,0,0,0,0,0,0,0,1,C9FC2609C4FDA70380070DFBF8F614F5890F27092DFEAA03FA06BEFA7CF65BF349222709CAFEBB03C30696FA2AF6DEF14C0B9BE798FF200000184048
2026-09-12T15:44:52.7730689+00:00,8613,153564425,Connected,-1,24,-105,981,1785,-0.50278234,4.697424,8.5473,-1393,-2598,-3918,-1.7019556,-3.1742144,-4.786979,2846,-6246,-102,170.76,-374.75998,-6.12,0,0,0,0,0,0,0,0,0,0,0,1,0935270997FFD503F9068FFADAF5B2F0C94727098400BD0346079AFA30F5FFEF895A270963017A037B07B2FA57F4E0EF1E0B9AE79AFF200000184048
2026-09-12T15:44:52.7897438+00:00,8615,153593250,Connected,-1,24,56,505,1942,0.2681506,2.4181437,9.299079,-1230,-3672,-3579,-1.5028036,-4.4864182,-4.372792,2801,-6262,-96,168.06,-375.72,-5.7599998,0,0,0,0,0,0,0,0,0,0,0,1,A2A527093800F901960732FBA8F105F27BB827095FFF92011D072EFBFFF0A8F13BCB2709CCFEB401B00640FBBEF0DBF0F10A8AE7A0FF200000184048
2026-09-12T15:44:52.8064149+00:00,8616,153607675,Connected,-1,24,-373,529,1573,-1.7860745,2.5330653,7.5321584,-1074,-3882,-4020,-1.312204,-4.742995,-4.911602,2796,-6268,-94,167.76,-376.08,-5.64,0,0,0,0,0,0,0,0,0,0,0,1,FBDD27098BFE11022506CEFBD6F04CF0BBF0270936FE84029605C8FC70F10AF07B03280919FE15032A05F0FD8AF2E6EFEC0A84E7A2FF200000184048
2026-09-12T15:44:52.8231476+00:00,8617,153622100,Connected,-1,24,-432,946,1295,-2.0685902,4.5298295,6.2009826,-252,-3107,-4164,-0.30789146,-3.796106,-5.0875397,2791,-6280,-90,167.45999,-376.8,-5.4,0,0,0,0,0,0,0,0,0,0,0,1,5416280950FEB2030F0504FFDDF3BCEF14292809DCFE39042105D3FF1EF57EEFD43B280994FF9C0473054D0030F623EFE70A78E7A6FF200000184048
2026-09-12T15:44:52.8397247+00:00,8618,153636500,Connected,-1,24,115,1254,1432,0.5506664,6.0046577,6.8569937,131,-2354,-4419,0.16005468,-2.8760972,-5.3990965,2790,-6285,-89,167.4,-377.1,-5.3399997,0,0,0,0,0,0,0,0,0,0,0,1,944E28097300E60498058300CEF6BDEE5461280959011A055C059300E0F67BEE2D74280955023C050C059600A0F68CEEE60A73E7A7FF200000184048
2026-09-12T15:44:52.8564038+00:00,8620,153665325,Connected,-1,24,949,1368,1136,4.5441947,6.5505357,5.439626,376,-2375,-3394,0.4593936,-2.9017549,-4.1467605,2804,-6294,-85,168.23999,-377.63998,-5.1,0,0,0,0,0,0,0,0,0,0,0,1,2DBF2809B503580570047801B9F6BEF206D22809B5033F059B041B027EF77FF4C6E42809CC03D3048104040322F864F6F40A6AE7ABFF200000184048
2026-09-12T15:44:52.8897242+00:00,8622,153694175,Connected,-1,24,444,688,1023,2.1260512,3.2944214,4.8985367,2181,-1461,-1217,2.6647272,-1.7850374,-1.4869202,2828,-6295,-87,169.68,-377.69998,-5.22,0,0,0,0,0,0,0,0,0,0,0,1,DF2F2909BC01B002FF0385084BFA3FFBB84229094C01E402EF03D8098BFB5CFB5F55290915017F035504F50AC1FC3CFB0C0B69E7A9FF200000184048
2026-09-12T15:44:52.9064133+00:00,8623,153708575,Connected,-1,24,203,1100,1250,0.9720459,5.267244,5.985504,3013,-596,-1277,3.6812577,-0.72818774,-1.5602278,2837,-6292,-90,170.22,-377.52,-5.4,0,0,0,0,0,0,0,0,0,0,0,1,1F682909CB004C04E204C50BACFD03FBF87A29095C0034059105390C35FEBDFAB88D2909FFFFFF050606570C48FE68FA150B6CE7A6FF200000184048
2026-09-12T15:44:52.9230597+00:00,8624,153723000,Connected,-1,24,-93,1690,1625,-0.44532153,8.0924015,7.7811556,3098,-453,-1546,3.78511,-0.55347157,-1.8888897,2853,-6278,-96,171.18,-376.68,-5.7599998,0,0,0,0,0,0,0,0,0,0,0,1,78A02909A3FF9A0659061A0C3BFEF6F938B329093EFFE806A306920B3BFE6CF9F8C5290915FFF606DF06D00A29FED0F8250B7AE7A0FF200000184048
2026-09-12T15:44:52.9397215+00:00,8625,153737425,Connected,-1,24,-255,1751,1853,-1.2210429,8.384495,8.872911,2527,-507,-2002,3.0874672,-0.6194483,-2.4460266,2860,-6267,-102,171.59999,-376.02,-6.12,0,0,0,0,0,0,0,0,0,0,0,1,D1D8290901FFD7063D07DF0905FE2EF891EB29093FFFC6066507CA08AFFD8BF751FE2909B2FFCF066B07920734FDEFF62C0B85E79AFF200000184048
2026-09-12T15:44:52.9563757+00:00,8626,153751825,Connected,-1,24,113,1767,1836,0.5410896,8.461109,8.791509,1609,-912,-2449,1.9658625,-1.1142738,-2.9921675,2879,-6238,-117,172.73999,-374.28,-7.02,0,0,0,0,0,0,0,0,0,0,0,1,11112A097100E7062C07490670FC6FF6D1232A092701EF06E406F7047AFB14F6AA362A099601CE069806B00352FAEAF53F0BA2E78BFF200000184048
2026-09-12T15:44:52.9730556+00:00,8627,153766250,Connected,-1,24,526,1698,1568,2.5187001,8.130709,7.5082164,646,-1762,-2580,0.7892773,-2.1527965,-3.1522222,2890,-6226,-124,173.4,-373.56,-7.44,0,0,0,0,0,0,0,0,0,0,0,1,6A492A090E02A206200686021EF9ECF52A5C2A094F028906E7057E012DF818F6EA6E2A099C025906C5059D006EF770F64A0BAEE784FF200000184048
2026-09-12T15:44:52.9897402+00:00,8628,153780675,Connected,-1,24,718,1544,1418,3.4380736,7.393295,6.789956,-35,-2293,-2331,-0.0427627,-2.8015678,-2.847996,2911,-6197,-142,174.66,-371.81998,-8.5199995,0,0,0,0,0,0,0,0,0,0,0,1,C3812A09CE0208068A05DDFF0BF7E5F683942A09CA02BA05340549FFF8F673F743A72A09BE029805ED04E9FE02F718F85F0BCBE772FF200000184048
2026-09-12T15:44:53.0063955+00:00,8629,153795275,Connected,-1,24,628,1406,1218,3.0071173,6.7324953,5.8322754,-327,-2223,-1852,-0.39952582,-2.7160425,-2.2627578,2922,-6185,-151,175.31999,-371.1,-9.059999,0,0,0,0,0,0,0,0,0,0,0,1,CBBA2A0974027E05C204B9FE51F7C4F8C3CC2A0909025B05B604B1FEDBF76EF99CDF2A09AF013905BA04D1FE68F80FFA6A0BD7E769FF200000184048
2026-09-12T15:44:53.0230757+00:00,8631,153823925,Connected,-1,24,-25,1347,973,-0.11971009,6.4499793,4.6591167,218,-1834,-1220,0.26635054,-2.2407656,-1.4905856,2951,-6148,-172,177.06,-368.88,-10.32,0,0,0,0,0,0,0,0,0,0,0,1,B52A2B09E7FF4305CD03DA00D6F83CFB753D2B09B1FF71051404290201F9F0FA4E502B0974FF6F058804C90237F94EFA870BFCE754FF200000184048
2026-09-12T15:44:53.0397196+00:00,8632,153838325,Connected,-1,24,-171,1376,1197,-0.81881696,6.588843,5.731719,753,-1783,-1663,0.920009,-2.1784542,-2.0318391,2969,-6126,-186,178.14,-367.56,-11.16,0,0,0,0,0,0,0,0,0,0,0,1,F5622B0955FF6005AD04F10209F981F9B5752B0973FF9C05A004F30274F8BDF88E882B09ADFFC305BA04D8029CF702F8990B12E846FF200000184048
2026-09-12T15:44:53.0564070+00:00,8633,153852750,Connected,-1,24,-42,1486,1308,-0.20111294,7.1155677,6.2632318,646,-2399,-2226,0.7892773,-2.9310777,-2.719708,2977,-6118,-192,178.62,-367.08,-11.5199995,0,0,0,0,0,0,0,0,0,0,0,1,4E9B2B09D6FFCE051C058602A1F64EF70EAE2B091D00B7057105DC015AF5A6F6CEC02B095900AD054F050D01C9F325F6A10B1AE840FF200000184048
2026-09-12T15:44:53.0730746+00:00,8634,153867150,Connected,-1,24,131,1404,1389,0.62728083,6.7229185,6.6510925,103,-3544,-2607,0.12584452,-4.330029,-3.1852105,2986,-6112,-196,179.15999,-366.72,-11.759999,0,0,0,0,0,0,0,0,0,0,0,1,8ED32B0983007C056D05670028F2D1F567E62B0900015A05EC04BCFF92F09DF527F92B0975010105440495FF3FEF9EF5AA0B20E83CFF200000184048
2026-09-12T15:44:53.0897954+00:00,8635,153881575,Connected,-1,24,453,1185,1020,2.1691468,5.674258,4.8841715,-65,-4574,-2629,-0.07941645,-5.5884743,-3.2120898,3004,-6106,-202,180.23999,-366.36,-12.12,0,0,0,0,0,0,0,0,0,0,0,1,E70B2C09C501A104FC03BFFF22EEBBF5A71E2C0919023B0473030A0040EDDEF580312C091E0225047803770002EDFEF5BC0B26E836FF200000184048
2026-09-12T15:44:53.1063998+00:00,8637,153910400,Connected,-1,24,352,1510,1147,1.685518,7.2304893,5.4922986,523,-4233,-2402,0.63899696,-5.1718435,-2.9347432,3022,-6111,-198,181.31999,-366.66,-11.88,0,0,0,0,0,0,0,0,0,0,0,1,807C2C096001E6057B040B0277EF9EF6598F2C09D9005506F20462029AF0C1F619A22C092A00AC066A05A20228F1CCF6CE0B21E83AFF200000184048
2026-09-12T15:44:53.1230904+00:00,8638,153924825,Connected,-1,24,-54,1783,1375,-0.25857377,8.537724,6.5840545,704,-3862,-2377,0.8601412,-4.718559,-2.9041984,3024,-6111,-198,181.44,-366.66,-11.88,0,0,0,0,0,0,0,0,0,0,0,1,D9B42C09CAFFF7065F05C002EAF0B7F699C72C09C5FF12071A05DD0263F086F672DA2C090000E8065805120351F04EF6D00B21E83AFF200000184048
2026-09-12T15:44:53.1397284+00:00,8639,153939250,Connected,-1,24,123,1725,1429,0.58897364,8.259995,6.8426285,871,-3870,-2521,1.0641804,-4.728333,-3.0801363,3029,-6117,-192,181.73999,-367.02,-11.5199995,0,0,0,0,0,0,0,0,0,0,0,1,32ED2C097B00BD0695056703E2F027F6F2FF2C09FD000C07C005E30315F219F6B2122D090F01980720067B0493F32FF6D50B1BE840FF200000184048
2026-09-12T15:44:53.1564195+00:00,8640,153953650,Connected,-1,24,264,2064,1641,1.2641385,9.883265,7.85777,1313,-2988,-2414,1.6042123,-3.650713,-2.9494047,3031,-6117,-189,181.86,-367.02,-11.34,0,0,0,0,0,0,0,0,0,0,0,1,72252D09080110086906210554F492F64B382D09410149089F06C605FDF33CF70B4B2D09CD02A208C107470615F305F8D70B1BE843FF200000184048
2026-09-12T15:44:53.1730863+00:00,8641,153968075,Connected,-1,24,2209,2716,2848,10.577583,13.005303,13.637373,1516,-3257,-1751,1.8522359,-3.979375,-2.1393569,3030,-6116,-190,181.8,-366.96,-11.4,0,0,0,0,0,0,0,0,0,0,0,1,CB5D2D09A1089C0A200BEC0547F329F98B702D09DF0AEF0B080B9303D6F682FB64832D092305B20A39074D00B7FB08FED60B1CE842FF200000184048
2026-09-12T15:44:53.1897576+00:00,8643,153996925,Connected,-1,24,-108,1396,854,-0.51714754,6.6846113,4.0892963,-572,-1055,7,-0.69886476,-1.28899,0.00855254,3029,-6116,-186,181.73999,-366.96,-11.16,0,0,0,0,0,0,0,0,0,0,0,1,7DCE2D0994FF74055603C4FDE1FB07003DE12D09BBFF59053F03BAFE33FCFCFEFDF32D098D0000063F0391FFA1FCF1FDD50B1CE846FF200000184048
2026-09-12T15:44:53.2231885+00:00,8644,154011325,Connected,-1,24,347,1764,837,1.661576,8.446744,4.0078936,41,-738,-708,0.05009345,-0.90168214,-0.8650284,3029,-6118,-183,181.73999,-367.08,-10.98,0,0,0,0,0,0,0,0,0,0,0,1,BD062E095B01E406450329001EFD3CFD7D192E097C019A0783036F00E2FDE8FC3D2C2E092501FC07F3037500ABFEDDFCD50B1AE849FF200000184048
2026-09-12T15:44:53.2397087+00:00,8645,154025750,Connected,-1,24,253,2084,1041,1.2114661,9.9790325,4.984728,74,-203,-772,0.09041257,-0.24802367,-0.94322306,3030,-6118,-183,181.8,-367.08,-10.98,0,0,0,0,0,0,0,0,0,0,0,1,163F2E09FD00240811044A0035FFFCFCD6512E0902015308E6032800D8FF31FD96642E0935016E08880325007A007BFDD60B1AE849FF200000184048
2026-09-12T15:44:53.2564068+00:00,8647,154054575,Connected,-1,24,359,2121,979,1.7190368,10.156203,4.687847,379,1915,-395,0.46305898,2.3397307,-0.48260763,3025,-6115,-182,181.5,-366.9,-10.92,0,0,0,0,0,0,0,0,0,0,0,1,AFAF2E0967014908D3037B017B0775FE6FC22E0949016C087A042B02650971FE2FD52E093F0190082905F7026A0A7EFED10B1DE84AFF200000184048
2026-09-12T15:44:53.2730862+00:00,8648,154068975,Connected,-1,24,290,2200,1488,1.388637,10.534488,7.1251445,966,2690,-340,1.1802505,3.2866192,-0.41540912,3028,-6113,-185,181.68,-366.78,-11.099999,0,0,0,0,0,0,0,0,0,0,0,1,EFE72E0922019808D005C603820AACFEC8FA2E09CB00750866067B04D509E4FE880D2F0982000108BD0602058E08FCFED40B1FE847FF200000184048
2026-09-12T15:44:53.2897428+00:00,8649,154083400,Connected,-1,24,131,1918,1707,0.62728083,9.184157,8.173804,1365,1790,-295,1.6677454,2.1870067,-0.36042848,3032,-6111,-188,181.92,-366.66,-11.28,0,0,0,0,0,0,0,0,0,0,0,1,48202F0983007E07AB065505FE06D9FE08332F09A60016072F067305920591FEE1452F09C700EF06920560057D043CFED80B21E844FF200000184048
2026-09-12T15:44:53.3063944+00:00,8650,154097825,Connected,-1,24,246,1806,1360,1.1779473,8.647857,6.5122285,1306,940,-515,1.5956597,1.148484,-0.62922263,3041,-6103,-196,182.45999,-366.18,-11.759999,0,0,0,0,0,0,0,0,0,0,0,1,A1582F09F6000E0750051A05AC03FDFD616B2F092301970783069B04790205FE217E2F0917007D061A04FD0375004BFEE10B29E83CFF200000184048
2026-09-12T15:44:53.3230642+00:00,8651,154112250,Connected,-1,24,-80,1572,760,-0.38307226,7.52737,3.6391866,920,-93,-471,1.1240481,-0.11362661,-0.5754638,3045,-6100,-201,182.7,-366,-12.059999,0,0,0,0,0,0,0,0,0,0,0,1,FA902F09B0FF2406F8029803A3FF29FEBAA32F093C007D060803EF02F1FFC5FD7AB62F09BC00D206FE02B701C30078FDE50B2CE837FF200000184048
2026-09-12T15:44:53.3397155+00:00,8653,154141075,Connected,-1,24,21,1719,780,0.10055647,8.231265,3.7349546,-1072,1542,-756,-1.3097605,1.8840024,-0.92367435,3068,-6092,-213,184.08,-365.52,-12.78,0,0,0,0,0,0,0,0,0,0,0,1,930130091500B7060C03D0FB06060CFD53143009A9FF34062704D6FA0106DDFC1327300966FF9406A204CFF9EE0499FCFC0B34E82BFF200000184048
2026-09-12T15:44:53.3563810+00:00,8654,154155500,Connected,-1,24,-184,1785,1313,-0.8810662,8.5473,6.2871737,-1826,913,-917,-2.2309914,1.1154957,-1.1203828,3077,-6091,-218,184.62,-365.46,-13.08,0,0,0,0,0,0,0,0,0,0,0,1,EC39300948FFF9062105DEF891036BFCAC4C300975FF1507450524F8FC0173FC6C5F3009D1FF81064B05A1F73900D1FC050C35E826FF200000184048
2026-09-12T15:44:53.3730529+00:00,8655,154169900,Connected,-1,24,-1,1325,1328,-0.0047884034,6.3446345,6.3589997,-2225,-518,-584,-2.718486,-0.632888,-0.71352625,3095,-6090,-220,185.7,-365.4,-13.2,0,0,0,0,0,0,0,0,0,0,0,1,2C723009FFFF2D0530054FF7FAFDB8FDEC8430092B0070040A052CF757FB33FFC5973009ED00BE048E040BF7E0F8E900170C36E824FF200000184048
2026-09-12T15:44:53.3897281+00:00,8656,154184325,Connected,-1,24,444,1435,966,2.1260512,6.871359,4.6255975,-2355,-2388,670,-2.8773189,-2.917638,0.8186003,3101,-6092,-220,186.06,-365.52,-13.2,0,0,0,0,0,0,0,0,0,0,0,1,85AA3009BC019B05C603CDF6ACF69E0245BD3009D6016A06510368F670F4350405D030099601AE065803CDF52CF29E051D0C34E824FF200000184048
2026-09-12T15:44:53.4064577+00:00,8657,154198750,Connected,-1,24,353,1715,914,1.6903064,8.212111,4.3766007,-2798,-4111,1761,-3.4185727,-5.0227847,2.1515749,3111,-6100,-216,186.65999,-366,-12.96,0,0,0,0,0,0,0,0,0,0,0,1,DEE230096101B306920312F5F1EFE1069EF53009FD0054067B0440F40EEEF1075E083109F100ED05E60471F315EDC808270C2CE828FF200000184048
2026-09-12T15:44:53.4230602+00:00,8659,154227575,Connected,-1,24,588,1482,822,2.815581,7.0964136,3.9360676,-4035,-2426,2087,-4.929929,-2.9640663,2.5498788,3097,-6129,-187,185.81999,-367.74,-11.219999,0,0,0,0,0,0,0,0,0,0,0,1,775331094C02CA0536033DF086F62708376631092B027705D402D9EFF1F96207F77831098C02F8041403F4EFAFFCB506190C0FE845FF200000184048
2026-09-12T15:44:53.4564001+00:00,8660,154242000,Connected,-1,24,833,1144,825,3.98874,5.4779334,3.9504328,-3963,-396,1548,-4.8419595,-0.48382944,1.8913332,3087,-6147,-172,185.22,-368.81998,-10.32,0,0,0,0,0,0,0,0,0,0,0,1,D08B310941037804390385F074FE0C06909E3109E50359043C037CF1A0FF820550B1310914042F04C303CAF28D002D050F0CFDE754FF200000184048
2026-09-12T15:44:53.4731601+00:00,8662,154270825,Connected,-1,24,1021,1420,1420,4.88896,6.799533,6.799533,-1655,359,1506,-2.022065,0.43862316,1.840018,3045,-6217,-118,182.7,-373.02,-7.08,0,0,0,0,0,0,0,0,0,0,0,1,69FC3109FD038C058C0589F96701E205290F3209C303B0056906B4FA32021806022232098A0395051E0761FBDB024B06E50BB7E78AFF200000184048
2026-09-12T15:44:53.5064045+00:00,8664,154299675,Connected,-1,24,558,1007,2448,2.6719291,4.8219223,11.722012,-1201,493,1829,-1.4673716,0.6023432,2.2346566,2992,-6300,-59,179.51999,-378,-3.54,0,0,0,0,0,0,0,0,0,0,0,1,1B6D32092E02EF0390094FFBED012507DB7F32099C0192039D0A82FAF0FF25079B92320981015103730A34F9CDFDF206B00B64E7C5FF200000184048
2026-09-12T15:44:53.5563958+00:00,8667,154342900,Connected,-1,24,1286,790,2111,6.157887,3.7828386,10.108319,-3892,710,1161,-4.7552123,0.86747193,1.4185,2899,-6428,22,173.94,-385.68,1.3199999,0,0,0,0,0,0,0,0,0,0,0,1,F4153309060516033F08CCF0C6028904CD283309CC040003C40772F17602B4048D3B33095C04EA0242074BF25202DE04530BE4E61600200000184048
2026-09-12T15:44:53.5730609+00:00,8669,154371750,Connected,-1,24,468,394,1651,2.2409728,1.8866309,7.905654,-2857,1193,827,-3.4906583,1.4575973,1.0104215,2841,-6542,66,170.45999,-392.52,3.9599998,0,0,0,0,0,0,0,0,0,0,0,1,A6863309D4018A017306D7F4A9043B036699330962015501DD06E6F429056E0226AC3309F40049013007A3F47F059001190B72E64200200000184048
2026-09-12T15:44:53.5897294+00:00,8670,154386175,Connected,-1,24,185,354,1863,0.8858546,1.6950948,8.920795,-3005,1441,173,-3.6714835,1.7606015,0.21136993,2820,-6622,85,169.2,-397.31998,5.1,0,0,0,0,0,0,0,0,0,0,0,1,FFBE3309B9006201470743F4A105AD00BFD133099E0076016B07ECF3B905CCFF7FE43309AA0093017407B8F3A405F3FE040B22E65500200000184048
2026-09-12T15:44:53.6065886+00:00,8671,154400575,Connected,-1,24,208,389,1953,0.9959879,1.8626889,9.351752,-3148,1352,-465,-3.8461995,1.6518621,-0.56813306,2813,-6663,91,168.78,-399.78,5.46,0,0,0,0,0,0,0,0,0,0,0,1,3FF73309D0008501A107B4F348052FFEFF09340917014A01D307E5F376048EFDD81C34096801DF0024083DF468031EFDFD0AF9E55B00200000184048
2026-09-12T15:44:53.6231643+00:00,8672,154415000,Connected,-1,24,411,97,2149,1.9680338,0.46447513,10.290278,-2915,569,-806,-3.5615222,0.6951994,-0.9847639,2807,-6702,97,168.42,-402.12,5.8199997,0,0,0,0,0,0,0,0,0,0,0,1,982F34099B01610065089DF43902DAFC58423409BF01F5FF7408EFF4EB00A7FC18553409CE0193FF620833F597FF6BFCF70AD2E56100200000184048
2026-09-12T15:44:53.6398267+00:00,8673,154429425,Connected,-1,24,472,-168,2106,2.2601264,-0.80445176,10.084377,-2708,-356,-997,-3.3086114,-0.43495777,-1.218126,2795,-6786,106,167.7,-407.16,6.3599997,0,0,0,0,0,0,0,0,0,0,0,1,F1673409D80158FF3A086CF59CFE1BFCB17A3409CC01B0FFE00790F522FEAEFB718D34099401D2FF25089FF54DFE28FBEB0A7EE56A00200000184048
2026-09-12T15:44:53.6564962+00:00,8675,154458250,Connected,-1,24,141,124,2144,0.6751649,0.59376204,10.266336,-2681,385,-1858,-3.275623,0.47038972,-2.2700887,2782,-6916,109,166.92,-414.96,6.54,0,0,0,0,0,0,0,0,0,0,0,1,8AD834098D007C00600887F58101BEF84AEB3409CB00BC009B08C9F576026EF80AFE34091301E700E20836F6F70254F8DE0AFCE46D00200000184048
2026-09-12T15:44:53.6731661+00:00,8676,154472675,Connected,-1,24,331,253,2338,1.5849615,1.2114661,11.195287,-2360,750,-1942,-2.8834279,0.9163436,-2.372719,2781,-6960,106,166.86,-417.59998,6.3599997,0,0,0,0,0,0,0,0,0,0,0,1,E31035094B01FD002209C8F6EE026AF8A32335097C01E10040096AF76402A1F863363509AA01930049090CF89101E2F8DD0AD0E46A00200000184048
2026-09-12T15:44:53.6898520+00:00,8677,154487100,Connected,-1,24,447,45,2405,2.1404164,0.21547815,11.51611,-1894,133,-1761,-2.314073,0.16249827,-2.1515749,2781,-7045,97,166.86,-422.69998,5.8199997,0,0,0,0,0,0,0,0,0,0,0,1,3C493509BF012D0065099AF885001FF9FC5B3509B201BEFF7C090AF95AFF55F9BC6E3509B1014BFF800956F92AFE85F9DD0A7BE46100200000184048
2026-09-12T15:44:53.7065399+00:00,8678,154501500,Connected,-1,24,457,-256,2390,2.1883004,-1.2258313,11.444284,-1657,-749,-1606,-2.0245085,-0.91512185,-1.9621972,2780,-7081,90,166.8,-424.86,5.4,0,0,0,0,0,0,0,0,0,0,0,1,7C813509C90100FF560987F913FDBAF9559435090402D5FEF6089DF922FCF3F915A735095F02B7FE6508A1F995FB2EFADC0A57E45A00200000184048
2026-09-12T15:44:53.7231821+00:00,8679,154515925,Connected,-1,24,700,-344,2033,3.3518825,-1.6472107,9.734824,-1626,-1143,-1433,-1.986633,-1.3965076,-1.7508272,2779,-7150,76,166.73999,-429,4.56,0,0,0,0,0,0,0,0,0,0,0,1,D5B93509BC02A8FEF107A6F989FB67FA95CC3509F502A6FE9307AFF905FC9DFA6EDF3509060385FE1A07C4F900FDD4FADB0A12E44C00200000184048
2026-09-12T15:44:53.7398153+00:00,8680,154530350,Connected,-1,24,771,-391,1630,3.691859,-1.8722657,7.8050976,-1543,-369,-1263,-1.8852242,-0.45084107,-1.5431226,2776,-7183,70,166.56,-430.97998,4.2,0,0,0,0,0,0,0,0,0,0,0,1,2EF23509030379FE5E06F9F98FFE11FBEE043609E70268FEC4055AFAA6005DFBAE173609EE028DFEDA05E9FA0B03CAFBD80AF1E34600200000184048
2026-09-12T15:44:53.7565012+00:00,8681,154544775,Connected,-1,24,784,-276,1719,3.7541082,-1.3215994,8.231265,-1135,1304,-926,-1.3867333,1.5932161,-1.1313789,2771,-7241,53,166.26,-434.46,3.1799998,0,0,0,0,0,0,0,0,0,0,0,1,872A36091003ECFEB70691FB180562FC473D3609E202AEFF9C0741FC430627FD075036097C022500A908F4FCAC06F2FDD30AB7E33500200000184048
2026-09-12T15:44:53.7731937+00:00,8682,154559275,Connected,-1,24,546,55,2434,2.6144683,0.2633622,11.654974,-616,1628,-338,-0.75262356,1.9890765,-0.41296554,2769,-7266,44,166.14,-435.96,2.6399999,0,0,0,0,0,0,0,0,0,0,0,1,2B63360922023700820998FD5C06AEFE87753609B901F7FFEC091DFE7B0553FF608836098B01A4FFFD097FFE7104CAFFD10A9EE32C00200000184048
2026-09-12T15:44:53.7898424+00:00,8683,154573725,Connected,-1,24,425,-168,2476,2.0350714,-0.80445176,11.856087,-313,886,29,-0.38242075,1.0825073,0.035431955,2766,-7309,29,165.95999,-438.53998,1.74,0,0,0,0,0,0,0,0,0,0,0,1,9D9B3609A90158FFAC09C7FE76031D00E0AD3609EC010BFF240900FFAB026400A0C036093002D8FEBC0832FF2602AB00CE0A73E31D00200000184048
2026-09-12T15:44:53.8064988+00:00,8685,154602425,Connected,-1,24,806,-525,1994,3.8594532,-2.5139117,9.548077,81,441,436,0.09896511,0.5388101,0.5327011,2765,-7345,14,165.9,-440.69998,0.84,0,0,0,0,0,0,0,0,0,0,0,1,B90B37092603F3FDCA075100B901B401921E37091303BBFDC507E600F901D50152313709E9028CFD9B079C012402E301CD0A4FE30E00200000184048
2026-09-12T15:44:53.8231693+00:00,8686,154616850,Connected,-1,24,701,-669,1842,3.3566709,-3.2034419,8.820239,625,584,479,0.76361966,0.71352625,0.5852381,2770,-7372,4,166.2,-442.31998,0.24,0,0,0,0,0,0,0,0,0,0,0,1,12443709BD0263FD320771024802DF01D2563709A5023FFDBD0657039302C10192693709B7024EFD84063D04EE02A801D20A34E30400200000184048
2026-09-12T15:44:53.8398250+00:00,8687,154631275,Connected,-1,24,626,-645,1546,2.9975405,-3.0885203,7.4028716,1302,828,428,1.5907725,1.0116434,0.52292675,2772,-7382,3,166.31999,-442.91998,0.17999999,0,0,0,0,0,0,0,0,0,0,0,1,6B7C370972027BFD0A0616053C03AC012B8F37095502DEFDE305EA05EA03B001EBA13709550275FEE305BC06C604BE01D40A2AE30300200000184048
2026-09-12T15:44:53.8564873+00:00,8688,154645675,Connected,-1,24,536,-243,1483,2.566584,-1.163582,7.101202,1957,1428,479,2.391046,1.7447182,0.5852381,2780,-7391,-1,166.8,-443.46,-0.06,0,0,0,0,0,0,0,0,0,0,0,1,ABB4370918020DFFCB05A5079405DF0184C73709AE01C5FF3906C1084106060244DA37094B015D00CD06F70912066C02DC0A21E3FFFF200000184048
2026-09-12T15:44:53.8731587+00:00,8689,154660100,Connected,-1,24,237,166,1724,1.1348516,0.79487497,8.255207,2867,1235,796,3.5028763,1.5089124,0.97254604,2788,-7393,1,167.28,-443.58,0.06,0,0,0,0,0,0,0,0,0,0,0,1,04ED3709ED00A600BC06330BD3041C03C4FF3709D200E100E3066D0C6903E003841238090C01040173069B0D1402A704E40A1FE30100200000184048
2026-09-12T15:44:53.8900267+00:00,8691,154688925,Connected,-1,24,159,365,2015,0.7613561,1.7477672,9.648633,4372,-270,1610,5.3416724,-0.3298837,1.9670843,2815,-7366,14,168.9,-441.96,0.84,0,0,0,0,0,0,0,0,0,0,0,1,9D5D38099F006D01DF071411F2FE4A06767038097600810151088B11BCFE08064F8338095E008E01D708DE1172FE8005FF0A3AE30E00200000184048
2026-09-12T15:44:53.9065237+00:00,8692,154703350,Connected,-1,24,105,383,2383,0.50278234,1.8339585,11.410766,4624,-494,1214,5.649564,-0.603565,1.4832549,2832,-7325,31,169.92,-439.5,1.86,0,0,0,0,0,0,0,0,0,0,0,1,F695380969007F014F09101212FEBE04B6A83809B2005D017C092612CEFDCC038FBB380912011C0174092212E4FDB902100B63E31F00200000184048
2026-09-12T15:44:53.9232438+00:00,8693,154717775,Connected,-1,24,356,201,2347,1.7046716,0.9624691,11.238382,4619,-412,405,5.643455,-0.5033781,0.49482554,2838,-7296,41,170.28,-437.75998,2.46,0,0,0,0,0,0,0,0,0,0,0,1,4FCE38096401C9002B090B1264FE95010FE1380973018A00B608EA1138FF7200CFF33809510170003608D911510064FF160B80E32900200000184048
2026-09-12T15:44:53.9398590+00:00,8694,154732175,Connected,-1,24,197,159,2050,0.94331545,0.7613561,9.816227,4563,382,-392,5.5750346,0.46672434,-0.47894228,2855,-7225,59,171.3,-433.5,3.54,0,0,0,0,0,0,0,0,0,0,0,1,8F063909C5009F000208D3117E0178FE681939092B00F300A307BD119E028FFD282C390916006D01F006A0116B03ACFC270BC7E33B00200000184048
2026-09-12T15:44:53.9565273+00:00,8696,154761025,Connected,-1,24,-2,947,1668,-0.009576807,4.534618,7.9870567,4343,809,-1278,5.3062406,0.9884293,-1.5614495,2875,-7137,75,172.5,-428.22,4.5,0,0,0,0,0,0,0,0,0,0,0,1,41773909FEFFB3038406F710290302FB018A3909330038046B06B110FF02EFFAC19C39096900C304360665102203F2FA3B0B1FE44B00200000184048
2026-09-12T15:44:53.9731843+00:00,8697,154775425,Connected,-1,24,85,1328,1575,0.40701428,6.3589997,7.541735,4119,917,-1278,5.032559,1.1203828,-1.5614495,2895,-7035,89,173.7,-422.09998,5.3399997,0,0,0,0,0,0,0,0,0,0,0,1,81AF39095500300527061710950302FB5AC23909370088051A06CF0F200422FB1AD539093000CF05FE05900F9B044FFB4F0B85E45900200000184048
2026-09-12T15:44:53.9898598+00:00,8698,154789850,Connected,-1,24,85,1559,1490,0.40701428,7.465121,7.1347213,3936,1293,-1148,4.8089714,1.5797764,-1.4026166,2908,-6978,93,174.48,-418.68,5.58,0,0,0,0,0,0,0,0,0,0,0,1,DAE7390955001706D205600F0D0584FB9AFA39096D005B06C205430F7E05C3FB5A0D3A09450094061D06300FD8050CFC5C0BBEE45D00200000184048
2026-09-12T15:44:54.0231848+00:00,8699,154804275,Connected,-1,24,11,1718,1719,0.05267244,8.226477,8.231265,3863,1505,-935,4.7197804,1.8387961,-1.142375,2936,-6863,98,176.16,-411.78,5.8799996,0,0,0,0,0,0,0,0,0,0,0,1,33203A090B00B606B706170FE10559FCF3323A092800D3064807F40E90059FFCB3453A095F00CF06C807C70E0805DFFC780B31E56200200000184048
2026-09-12T15:44:54.0398594+00:00,8701,154833100,Connected,-1,24,136,1731,1980,0.6512229,8.288726,9.481039,3626,660,-566,4.430216,0.80638236,-0.691534,2973,-6684,86,178.37999,-401.03998,5.16,0,0,0,0,0,0,0,0,0,0,0,1,CC903A098800C306BC072A0E9402CAFD8CA33A099B00DC0650073C0E0C0218FE65B63A09BB00E906E706650E5F0178FE9D0BE4E55600200000184048
2026-09-12T15:44:54.0565275+00:00,8702,154847525,Connected,-1,24,181,1787,1707,0.866701,8.556877,8.173804,3736,168,-289,4.564613,0.20526098,-0.35309774,2989,-6626,77,179.34,-397.56,4.62,0,0,0,0,0,0,0,0,0,0,0,1,25C93A09B500FB06AB06980EA800DFFEE5DB3A09B50000078206D10EF4FF4CFFA5EE3A09C50007074706080F64FFB4FFAD0B1EE64D00200000184048
2026-09-12T15:44:54.0731962+00:00,8703,154862450,Connected,-1,24,196,1778,1522,0.93852705,8.513782,7.28795,3890,-217,4,4.752769,-0.26512876,0.004887166,3019,-6513,51,181.14,-390.78,3.06,0,0,0,0,0,0,0,0,0,0,0,1,72033B09C400F206F205320F27FF04003E143B09C100F906A7054D0F29FF3900FE263B09D2000D074A055F0F1BFF7200CB0B8FE63300200000184048
2026-09-12T15:44:54.0898652+00:00,8704,154876350,Connected,-1,24,204,1826,1270,0.9768343,8.743625,6.081272,3945,-268,188,4.8199673,-0.3274401,0.2296968,3034,-6459,34,182.04,-387.53998,2.04,0,0,0,0,0,0,0,0,0,0,0,1,BE393B09CC002207F604690FF4FEBC007E4C3B09B5002307A504620FD7FE09013E5F3B09C3001A073504500FDCFE4801DA0BC5E62200200000184048
2026-09-12T15:44:54.1065329+00:00,8705,154890775,Connected,-1,24,182,1765,972,0.8714894,8.451532,4.654328,3908,-198,340,4.774761,-0.24191472,0.41540912,3049,-6408,15,182.94,-384.47998,0.9,0,0,0,0,0,0,0,0,0,0,0,1,17723B09B600E506CC03440F3AFF5401D7843B094000F306BA03630FEEFFFE0097973B09A6FF7807BB03980F70006E00E90BF8E60F00200000184048
2026-09-12T15:44:54.1231972+00:00,8707,154919600,Connected,-1,24,-222,1958,829,-1.0630256,9.375694,3.9695864,3665,380,-303,4.4778657,0.46428075,-0.3702028,3087,-6265,-55,185.22,-375.9,-3.3,0,0,0,0,0,0,0,0,0,0,0,1,B0E23B0922FFA6073D03510E7C01D1FE70F53B0936FFFC07B302E10DE00142FE30083C0960FFB8087602A70D7B02ECFD0F0C87E7C9FF200000184048
2026-09-12T15:44:54.1398674+00:00,8708,154934000,Connected,-1,24,-154,2363,627,-0.7374141,11.314998,3.0023289,3477,730,-518,4.248169,0.8919078,-0.632888,3111,-6178,-111,186.65999,-370.68,-6.66,0,0,0,0,0,0,0,0,0,0,0,1,F01A3C0966FF3B097302950DDA02FAFDC92D3C09AAFFE708B902950DDB024DFE89403C092E003008CD028D0D9502BFFE270CDEE791FF200000184048
2026-09-12T15:44:54.1565297+00:00,8709,154948425,Connected,-1,24,171,1995,687,0.81881696,9.552865,3.289633,3441,617,-196,4.2041845,0.75384533,-0.23947114,3120,-6139,-141,187.2,-368.34,-8.46,0,0,0,0,0,0,0,0,0,0,0,1,49533C09AB00CB07AF02710D69023CFF09663C09CE00C507A602540D8D02C2FFC9783C09A500D5079502320DDE023E00300C05E873FF200000184048
2026-09-12T15:44:54.1731957+00:00,8710,154962850,Connected,-1,24,111,2064,587,0.5315128,9.883265,2.8107927,3327,856,154,4.0649004,1.0458535,0.18815589,3135,-6066,-204,188.09999,-363.96,-12.24,0,0,0,0,0,0,0,0,0,0,0,1,A28B3C096F0010084B02FF0C58039A00629E3C093F005908DB01C30CEA03D90022B13C090F00B90860018A0C800400013F0C4EE834FF200000184048
2026-09-12T15:44:54.1898557+00:00,8711,154977250,Connected,-1,24,-48,2301,235,-0.22984336,11.018116,1.1252748,3163,1279,267,3.8645265,1.5626713,0.32621834,3144,-6033,-236,188.64,-361.97998,-14.16,0,0,0,0,0,0,0,0,0,0,0,1,E2C33C09D0FFFD08EB005B0CFF040B01A2D63C0983FFEB088300440C4905FE007BE93C092EFFA7085700530C5005D200480C6FE814FF200000184048
2026-09-12T15:44:54.2065078+00:00,8713,155006075,Connected,-1,24,-157,1991,108,-0.7517793,9.533711,0.51714754,3518,1051,-166,4.2982626,1.2841029,-0.20281738,3157,-5943,-344,189.42,-356.58,-20.64,0,0,0,0,0,0,0,0,0,0,0,1,7B343D0963FFC7076C00BE0D1B045AFF54473D0952FFD507A4001B0EC703FAFE145A3D097DFFFC0773006A0E4903B5FE550CC9E8A8FE200000184048
2026-09-12T15:44:54.2232089+00:00,8714,155020500,Connected,-1,24,-44,2092,61,-0.21068975,10.01734,0.29209262,3752,761,-372,4.5841618,0.92978334,-0.45450643,3162,-5917,-382,189.72,-355.02,-22.92,0,0,0,0,0,0,0,0,0,0,0,1,D46C3D09D4FF2C083D00A80EF9028CFE947F3D09000070085D00C70ED3027BFE54923D09FAFFAB087300C10EBF0283FE5A0CE3E882FE200000184048
2026-09-12T15:44:54.2398586+00:00,8715,155034925,Connected,-1,24,-23,2228,54,-0.110133275,10.668563,0.25857377,3761,699,-360,4.5951576,0.8540323,-0.43984494,3162,-5917,-382,189.72,-355.02,-22.92,0,0,0,0,0,0,0,0,0,0,0,1,2DA53D09E9FFB4083600B10EBB0298FEEDB73D09DFFF8408DFFFB50EC302AFFEADCA3D09170099076EFFD60EB502CDFE5A0CE3E882FE200000184048
2026-09-12T15:44:54.2565291+00:00,8716,155049325,Connected,-1,24,51,1639,-296,0.24420857,7.848193,-1.4173675,3869,586,-255,4.7271113,0.7159698,-0.31155682,3162,-5917,-382,189.72,-355.02,-22.92,0,0,0,0,0,0,0,0,0,0,0,1,6DDD3D0933006706D8FE1D0F4A0201FF2DF03D09F0FFA906FBFDB20FD0014CFF06033E09E6FF35075BFDA9109E01BBFF5A0CE3E882FE200000184048
2026-09-12T15:44:54.2731858+00:00,8718,155078150,Connected,-1,24,-41,2326,-932,-0.19632454,11.137826,-4.462792,5405,363,235,6.603783,0.44351032,0.287121,3169,-5892,-430,190.14,-353.52,-25.8,0,0,0,0,0,0,0,0,0,0,0,1,064E3E09D7FF16095CFC1D156B01EB00DF603E09A5FF6F0963FC8F15C701EE009F733E097CFFA30981FCA815FE01EF00610CFCE852FE200000184048
2026-09-12T15:44:54.3065452+00:00,8719,155092575,Connected,-1,24,-168,2471,-848,-0.80445176,11.832145,-4.060566,5486,507,251,6.7027483,0.6194483,0.30666965,3179,-5853,-535,190.73999,-351.18,-32.1,0,0,0,0,0,0,0,0,0,0,0,1,5F863E0958FFA709B0FC6E15FB01FB001F993E095FFF5A0905FDD814D8010301F8AB3E095EFFA1088FFDED13B80103016B0C23E9E9FD200000184048
2026-09-12T15:44:54.3231885+00:00,8720,155107000,Connected,-1,24,-160,2007,-506,-0.7661445,9.610326,-2.4229321,4811,375,250,5.878039,0.4581718,0.30544788,3185,-5836,-588,191.09999,-350.16,-35.28,0,0,0,0,0,0,0,0,0,0,0,1,B8BE3E0960FFD70706FECB127701FA0078D13E0983FF34070DFE9C110601E30038E43E0990FFB406A6FD93106700B100710C34E9B4FD200000184048
2026-09-12T15:44:54.3398581+00:00,8721,155121400,Connected,-1,24,-101,1625,-734,-0.48362875,7.7811556,-3.514688,4056,-157,112,4.9555864,-0.19182126,0.13684064,3194,-5811,-698,191.64,-348.66,-41.879997,0,0,0,0,0,0,0,0,0,0,0,1,F8F63E099BFF590622FDD80F63FF7000D1093F0995FF2706C1FC640F1FFE2500911C3F0963FF1B0685FC120FF6FCBDFF7A0C4DE946FD200000184048
2026-09-12T15:44:54.3565451+00:00,8723,155150250,Connected,-1,24,-443,1544,-1399,-2.1212628,7.393295,-6.6989765,3431,-787,-809,4.1919665,-0.9615499,-0.9884293,3202,-5799,-863,192.12,-347.94,-51.78,0,0,0,0,0,0,0,0,0,0,0,1,AA673F0945FE080689FA670DEDFCD7FC6A7A3F09DAFDBA05D7F9D40CFDFDF7FB2A8D3F0974FD820535F9700CC5FE33FB820C59E9A1FC200000184048
2026-09-12T15:44:54.3731817+00:00,8724,155164650,Connected,-1,24,-657,1363,-1941,-3.145981,6.5265937,-9.294291,3182,-263,-1373,3.8877406,-0.32133117,-1.6775197,3207,-5802,-915,192.42,-348.12,-54.899998,0,0,0,0,0,0,0,0,0,0,0,1,EA9F3F096FFD53056BF86E0CF9FEA3FAC3B23F09C5FD0D05A5F7F00CDEFE43FAB5C53F0932FED804F8F6FD0DD0FE05FA870C56E96DFC200000184048
2026-09-12T15:44:54.3898499+00:00,8725,155179075,Connected,-1,24,-391,1222,-2363,-1.8722657,5.851429,-11.314998,3959,-276,-1572,4.8370724,-0.33721444,-1.9206562,3217,-5814,-1024,193.01999,-348.84,-61.44,0,0,0,0,0,0,0,0,0,0,0,1,43D83F0979FEC604C5F6770FECFEDCF903EB3F09A5FEE604F7F62E111AFFC0F9C3FD3F09BFFE1D0570F7D9125FFFABF9910C4AE900FC200000184048
2026-09-12T15:44:54.4066193+00:00,8726,155193475,Connected,-1,24,-281,1379,-2062,-1.3455414,6.603208,-9.873688,5173,-54,-1641,6.3203273,-0.06597674,-2.0049598,3223,-5826,-1077,193.37999,-349.56,-64.619995,0,0,0,0,0,0,0,0,0,0,0,1,83104009E7FE6305F2F73514CAFF97F95C234009FCFEAA05ACF80F156D0083F91C36400915FF9A0553F95515250164F9970C3EE9CBFB200000184048
2026-09-12T15:44:54.4232507+00:00,8727,155207900,Connected,-1,24,-274,1292,-1451,-1.3120226,6.1866174,-6.9479733,5387,491,-1732,6.581791,0.59989965,-2.1161427,3229,-5843,-1130,193.73999,-350.58,-67.799995,0,0,0,0,0,0,0,0,0,0,0,1,DC484009EEFE0C0555FA0B15EB013CF99C5B4009B2FE8004A5FB37147D0212F9756E400977FE1C04EFFBFF129302E9F89D0C2DE996FB200000184048
2026-09-12T15:44:54.4398619+00:00,8729,155236725,Connected,-1,24,-427,803,-2107,-2.0446482,3.845088,-10.089166,4175,25,-2057,5.1009793,0.030544788,-2.513225,3243,-5914,-1278,194.58,-354.84,-76.68,0,0,0,0,0,0,0,0,0,0,0,1,75B9400955FE2303C5F74F101900F7F74ECC400931FEEA022AF76A103BFFE6F70EDF40092CFECE02E6F6C01045FEF4F7AB0CE6E802FB200000184048
2026-09-12T15:44:54.4565375+00:00,8730,155251150,Connected,-1,24,-487,717,-2426,-2.3319526,3.4332852,-11.616667,4424,-682,-2019,5.4052057,-0.8332618,-2.466797,3255,-5979,-1352,195.3,-358.74,-81.119995,0,0,0,0,0,0,0,0,0,0,0,1,CEF1400919FECD0286F6481156FD1DF88E0441090FFEDE0224F60E12A0FC4EF867174109F4FD30030EF6011336FC7BF8B70CA5E8B8FA200000184048
2026-09-12T15:44:54.4732064+00:00,8731,155265575,Connected,-1,24,-524,925,-2563,-2.5091233,4.429273,-12.272678,5105,-954,-1895,6.2372456,-1.1655891,-2.315295,3260,-6018,-1386,195.59999,-361.08,-83.159996,0,0,0,0,0,0,0,0,0,0,0,1,272A4109F4FD9D03FDF5F11346FC99F8E73C4109D6FDF00340F6AE1408FD97F8A74F4109CBFDE5039CF7191569FE71F8BC0C7EE896FA200000184048
2026-09-12T15:44:54.4898465+00:00,8732,155279975,Connected,-1,24,-443,910,-1745,-2.1212628,4.357447,-8.355764,5405,-106,-1995,6.603783,-0.1295099,-2.437474,3273,-6102,-1447,196.37999,-366.12,-86.82,0,0,0,0,0,0,0,0,0,0,0,1,6762410945FE8E032FF91D1596FF35F82775410940FFEF027EF9D614500017F8008841092B001F0248F97E14E00063F8C90C2AE859FA200000184048
2026-09-12T15:44:54.5065151+00:00,8733,155294400,Connected,-1,24,120,376,-1703,0.5746084,1.8004397,-8.154651,5163,309,-1736,6.3081093,0.37753358,-2.12103,3279,-6149,-1475,196.73999,-368.94,-88.5,0,0,0,0,0,0,0,0,0,0,0,1,C09A41097800780159F92B14350138F980AD41092900E900B0F9CB13720160FA40C041098EFF680004FA46139C018DFBCF0CFBE73DFA200000184048
2026-09-12T15:44:54.5231751+00:00,8735,155323225,Connected,-1,24,-194,-154,-1631,-0.92895025,-0.7374141,-7.809886,4365,394,-431,5.33312,0.48138586,-0.52659214,3290,-6300,-1550,197.4,-378,-93,0,0,0,0,0,0,0,0,0,0,0,1,590B42093EFF66FFA1F90D118A0151FE191E420981FFD5FE12FA9E107F01CBFEF23042096AFF5DFE74FA12105C0133FFDA0C64E7F2F9200000184048
2026-09-12T15:44:54.5398405+00:00,8736,155337650,Connected,-1,24,-211,-538,-1340,-1.0103531,-2.5761611,-6.4164605,3933,308,-127,4.805306,0.37631178,-0.15516752,3290,-6353,-1572,197.4,-381.18,-94.32,0,0,0,0,0,0,0,0,0,0,0,1,B24342092DFFE6FDC4FA5D0F340181FF72564209D8FE75FDC6FA900EC300B0FF3269420976FE15FD4AFACF0DE6FFC5FFDA0C2FE7DCF9200000184048
2026-09-12T15:44:54.5565206+00:00,8737,155352050,Connected,-1,24,-443,-789,-1606,-2.1212628,-3.7780502,-7.690176,3394,-286,-78,4.1467605,-0.34943238,-0.095299736,3292,-6462,-1607,197.51999,-387.72,-96.42,0,0,0,0,0,0,0,0,0,0,0,1,F27B420945FEEBFCBAF9420DE2FEB2FFCB8E420939FEE2FC81F9E70C0FFE63FF8BA142091CFECEFC98F99A0CB7FDD5FEDC0CC2E6B9F9200000184048
2026-09-12T15:44:54.5898805+00:00,8739,155380900,Connected,-1,24,-165,-728,-1671,-0.79008657,-3.4859576,-8.001422,2795,-220,-721,3.4149072,-0.26879412,-0.88091165,3291,-6621,-1641,197.45999,-397.25998,-98.46,0,0,0,0,0,0,0,0,0,0,0,1,A4EC42095BFF28FD79F9EB0A24FF2FFD64FF4209F7FF28FD4CF9C90A4FFFD8FD241243093500DCFCC1F9CB0AACFFB3FEDB0C23E697F9200000184048
2026-09-12T15:44:54.6065260+00:00,8740,155395300,Connected,-1,24,63,-890,-1388,0.30166942,-4.261679,-6.646304,2733,26,-130,3.3391562,0.03176658,-0.1588329,3291,-6672,-1648,197.45999,-400.31998,-98.88,0,0,0,0,0,0,0,0,0,0,0,1,E42443093F0086FC94FAAD0A1A007EFFA4374309310030FC86FB440A820026007D4A43093900D7FB2FFC8109C400B500DB0CF0E590F9200000184048
2026-09-12T15:44:54.6233112+00:00,8741,155409725,Connected,-1,24,-1,-1171,-916,-0.0047884034,-5.60722,-4.3861775,2167,258,288,2.647622,0.3152222,0.35187596,3288,-6769,-1656,197.28,-406.13998,-99.36,0,0,0,0,0,0,0,0,0,0,0,1,3D5D4309FFFF6DFB6CFC770802012001FD6F43096FFF32FB5CFC4A0727015301BD82430912FF2DFBEDFB2706EA005701D80C8FE588F9200000184048
2026-09-12T15:44:54.6398789+00:00,8742,155424150,Connected,-1,24,-274,-1203,-1237,-1.3120226,-5.7604494,-5.923255,1326,120,314,1.6200955,0.14661498,0.38364252,3285,-6811,-1657,197.09999,-408.66,-99.42,0,0,0,0,0,0,0,0,0,0,0,1,96954309EEFE4DFB2BFB2E0578003A0156A84309FAFE84FB63FA690428000C0116BB43092EFFBCFBD7F9E2031100E400D50C65E587F9200000184048
2026-09-12T15:44:54.6565384+00:00,8743,155438550,Connected,-1,24,-203,-1137,-1662,-0.9720459,-5.4444146,-7.9583263,908,30,210,1.1093867,0.036653746,0.2565762,3281,-6891,-1658,196.86,-413.46,-99.479996,0,0,0,0,0,0,0,0,0,0,0,1,D6CD430935FF8FFB82F98C031E00D20096E04309FBFE1AFB9BF93F036200C5006FF34309E9FEE3FA28FAD802C000B300D10C15E586F9200000184048
2026-09-12T15:44:54.6731993+00:00,8745,155467400,Connected,-1,24,-55,-1308,-1057,-0.2633622,-6.2632318,-5.0613422,-221,441,210,-0.27001593,0.5388101,0.2565762,3276,-6980,-1653,196.56,-418.8,-99.18,0,0,0,0,0,0,0,0,0,0,0,1,883E4409C9FFE4FADFFB23FFB901D20061514409F0FFB5FA6FFC9EFDF001DF000864440922007FFAFCFCCEFB3A02F100CC0CBCE48BF9200000184048
2026-09-12T15:44:54.6898726+00:00,8746,155481800,Connected,-1,24,60,-1458,-654,0.2873042,-6.981492,-3.1316159,-1607,637,268,-1.963419,0.77828115,0.3274401,3275,-7001,-1651,196.5,-420.06,-99.06,0,0,0,0,0,0,0,0,0,0,0,1,C87644093C004EFA72FDB9F97D020C0188894409430053FAC8FD6DF7C1022501619C4409430082FAEAFDF6F407033801CB0CA7E48DF9200000184048
2026-09-12T15:44:54.7065910+00:00,8747,155496225,Connected,-1,24,51,-1361,-550,0.24420857,-6.517017,-2.633622,-3473,826,326,-4.243282,1.0091997,0.39830402,3275,-7016,-1649,196.5,-420.96,-98.939995,0,0,0,0,0,0,0,0,0,0,0,1,21AF44093300AFFADAFD6FF23A034601E1C144090F00CFFAACFDEDEF54034B01A1D44409C9FF05FB9EFD70ED61033C01CB0C98E48FF9200000184048
2026-09-12T15:44:54.7231783+00:00,8748,155510650,Connected,-1,24,-125,-1154,-649,-0.59855044,-5.5258174,-3.107674,-5380,854,284,-6.5732384,1.04341,0.3469888,3274,-7031,-1651,196.44,-421.86,-99.06,0,0,0,0,0,0,0,0,0,0,0,1,7AE7440983FF7EFB77FDFCEA56031C013AFA440953FF36FC15FD96E83C03F100FA0C450957FF0CFD99FC4DE62303C900CA0C89E48DF9200000184048
2026-09-12T15:44:54.7398534+00:00,8749,155525050,Connected,-1,24,-146,-544,-944,-0.6991069,-2.6048915,-4.5202527,-7136,756,178,-8.718704,0.92367435,0.21747889,3271,-7027,-1656,196.26,-421.62,-99.36,0,0,0,0,0,0,0,0,0,0,0,1,BA1F45096EFFE0FD50FC20E4F402B2007A32450959FFC7FE03FC03E29002B600534545093BFFE3FF33FB04E03802C900C70C8DE488F9200000184048
2026-09-12T15:44:54.7565179+00:00,8751,155553875,Connected,-1,24,-498,673,-1889,-2.384625,3.2225955,-9.045294,-9686,1416,-202,-11.834272,1.7300568,-0.24680188,3265,-6965,-1671,195.9,-417.9,-100.259995,0,0,0,0,0,0,0,0,0,0,0,1,539045090EFEA1029FF82ADA880536FF2CA3450989FE0B0360F882D9E605A9FEECB54509CAFEB403E5F732D9DD0581FEC10CCBE479F9200000184048
2026-09-12T15:44:54.7898523+00:00,8753,155582725,Connected,-1,24,190,1543,-1905,0.90979666,7.3885064,-9.121908,-9571,1165,38,-11.693767,1.423387,0.046428077,3252,-6827,-1678,195.12,-409.62,-100.68,0,0,0,0,0,0,0,0,0,0,0,1,05014609BE0007068FF89DDA8D042600C5134609FB005D0664F952DB8003E800852646093701B9065DFAFDDB1802B901B40C55E572F9200000184048
2026-09-12T15:44:54.8231843+00:00,8755,155611550,Connected,-1,24,627,2140,-545,3.0023289,10.247183,-2.60968,-9413,-331,1421,-11.500723,-0.40441298,1.7361658,3235,-6630,-1653,194.09999,-397.8,-99.18,0,0,0,0,0,0,0,0,0,0,0,1,9E71460973025C08DFFD3BDBB5FE8D055E844609E9010309DAFD40DA33FF7906379746097601C109CDFD4ED9ECFF1807A30C1AE68BF9200000184048
2026-09-12T15:44:54.8398438+00:00,8757,155640375,Connected,-1,24,-29,3270,-1176,-0.1388637,15.658079,-5.631162,-10487,943,1873,-12.812927,1.1521493,2.2884154,3216,-6394,-1580,192.95999,-383.63998,-94.799995,0,0,0,0,0,0,0,0,0,0,0,1,37E24609E3FFC60C68FB09D7AF03510710F546096FFFE60C07FBAFD72F04F806D00747099BFFA10C5EFAD1D857047C06900C06E7D4F9200000184048
2026-09-12T15:44:54.8731706+00:00,8758,155654800,Connected,-1,24,-48,3153,-1399,-0.22984336,15.097836,-6.6989765,-9616,1143,1531,-11.748747,1.3965076,1.8705628,3206,-6315,-1541,192.36,-378.9,-92.46,0,0,0,0,0,0,0,0,0,0,0,1,901A4709D0FF510C89FA70DA7704FB05502D470976FF890B65FA70DCFD038A0510404709F3FE770A23FABDDE6E030105860C55E7FBF9200000184048
2026-09-12T15:44:54.8898314+00:00,8759,155669200,Connected,-1,24,-303,2421,-1420,-1.4508862,11.592725,-6.799533,-7882,733,1092,-9.63016,0.89557314,1.3341963,3186,-6160,-1442,191.15999,-369.6,-86.52,0,0,0,0,0,0,0,0,0,0,0,1,D0524709D1FE750974FA36E1DD024404A965470924FFD8085CFBA7E3B7017E036978470941FF4A08F9FBC5E51B00E802720CF0E75EFA200000184048
2026-09-12T15:44:54.9065141+00:00,8761,155698050,Connected,-1,24,94,2030,-112,0.45010993,9.720459,-0.5363012,-5575,-618,407,-6.8114877,-0.75506717,0.49726912,3148,-5969,-1243,188.87999,-358.13998,-74.58,0,0,0,0,0,0,0,0,0,0,0,1,82C347095E00EE0790FF39EA96FD970142D6470976005C085E008AEA69FD770102E947098800E0080B0193EA9DFD56014C0CAFE825FB200000184048
2026-09-12T15:44:54.9231817+00:00,8762,155712450,Connected,-1,24,194,2400,412,0.92895025,11.492168,1.9728222,-5510,-498,314,-6.732071,-0.60845214,0.38364252,3139,-5923,-1169,188.34,-355.38,-70.14,0,0,0,0,0,0,0,0,0,0,0,1,C2FB4709C20060099C017AEA0EFE3A019B0E4809FD00BB095A025BEA6EFE2F015B2148092D01F109120322EA9CFE3C01430CDDE86FFB200000184048
2026-09-12T15:44:54.9398509+00:00,8763,155726875,Connected,-1,24,302,2564,896,1.4460979,12.277467,4.2904096,-5737,-306,337,-7.009418,-0.3738682,0.41174373,3119,-5854,-1014,187.14,-351.24,-60.84,0,0,0,0,0,0,0,0,0,0,0,1,1B3448092E01040A800397E9CEFE5101DB4648090B01EE099803C0E846FF5C019B594809DB00CD097603DCE7E8FF55012F0C22E90AFC200000184048
2026-09-12T15:44:54.9566010+00:00,8764,155741300,Connected,-1,24,202,2440,840,0.9672575,11.683704,4.0222588,-6354,137,311,-7.763263,0.16738543,0.37997717,3111,-5831,-934,186.65999,-349.86,-56.039997,0,0,0,0,0,0,0,0,0,0,0,1,746C4809CA00880948032EE789003701347F4809D30037092A03DAE6F6000301F4914809EC00D5081C03E2E62501C200270C39E95AFC200000184048
2026-09-12T15:44:54.9732060+00:00,8765,155755700,Connected,-1,24,246,2144,825,1.1779473,10.266336,3.9504328,-6354,274,140,-7.763263,0.33477086,0.1710508,3089,-5815,-772,185.34,-348.9,-46.32,0,0,0,0,0,0,0,0,0,0,0,1,B4A44809F600600839032EE712018C0074B74809F300D9078D0398E7AF006B0034CA48093E01D2070204FDE7F7FF5E00110C49E9FCFC200000184048
2026-09-12T15:44:54.9898668+00:00,8767,155784525,Connected,-1,24,48,1422,1186,0.22984336,6.8091097,5.6790466,-5971,-437,-134,-7.295317,-0.5339229,-0.16372006,3068,-5830,-614,184.08,-349.8,-36.84,0,0,0,0,0,0,0,0,0,0,0,1,4D15490930008E05A204ADE84BFE7AFF0D2849096000F904D004A6E898FED6FECD3A49099C0091049604E2E8FBFE35FEFC0B3AE99AFD200000184048
2026-09-12T15:44:55.0065490+00:00,8768,155798950,Connected,-1,24,147,1187,1087,0.7038953,5.683835,5.2049947,-5747,-121,-607,-7.0216355,-0.14783677,-0.74162745,3048,-5879,-470,182.87999,-352.74,-28.199999,0,0,0,0,0,0,0,0,0,0,0,1,A64D49099300A3043F048DE987FFA1FD666049098900FC04350487EA290031FD26734909B6007605B304A8EB8100F0FCE80B09E92AFE200000184048
2026-09-12T15:44:55.0232049+00:00,8769,155813350,Connected,-1,24,250,1538,1357,1.1971009,7.3645644,6.4978633,-4925,103,-788,-6.017323,0.12584452,-0.9627717,3043,-5914,-405,182.58,-354.84,-24.3,0,0,0,0,0,0,0,0,0,0,0,1,E6854909FA0002064D05C3EC6700ECFCA698490929016206EF05A0ED100022FD7FAB4909500191066C0619EEBBFF7FFDE30BE6E86BFE200000184048
2026-09-12T15:44:55.0398637+00:00,8770,155827775,Connected,-1,24,329,1668,1765,1.5753847,7.9870567,8.451532,-4569,-105,-540,-5.5823655,-0.1282881,-0.6597674,3030,-5998,-285,181.8,-359.88,-17.1,0,0,0,0,0,0,0,0,0,0,0,1,3FBE490949018406E50627EE97FFE4FDFFD04909630195066607E2ED8AFF3FFEBFE34909A000DD05900769ED69FF8EFED60B92E8E3FE200000184048
2026-09-12T15:44:55.0565330+00:00,8772,155856600,Connected,-1,24,-57,662,1951,-0.272939,3.169923,9.3421755,-5395,207,-926,-6.591565,0.25291085,-1.1313789,3018,-6152,-132,181.08,-369.12,-7.9199996,0,0,0,0,0,0,0,0,0,0,0,1,D82E4A09C7FF96029F07EDEACF0062FC98414A091200C801A207ABEAE000A8FB58544A0965003801AD0797EA5501D4FACA0BF8E77CFF200000184048
2026-09-12T15:44:55.0898843+00:00,8773,155871000,Connected,-1,24,146,193,2007,0.6991069,0.92416185,9.610326,-5472,550,-1559,-6.685643,0.6719853,-1.9047729,3013,-6211,-86,180.78,-372.66,-5.16,0,0,0,0,0,0,0,0,0,0,0,1,18674A099200C100D707A0EA2602E9F9F1794A095E008000D707D3EA0A03F1F8B18C4A09EFFE3D02DA0572EBFC03CEF7C50BBDE7AAFF200000184048
2026-09-12T15:44:55.1065478+00:00,8774,155885425,Connected,-1,24,-389,685,2152,-1.8626889,3.2800562,10.304645,-4937,1290,-2509,-6.031985,1.5761111,-3.0654747,3010,-6340,-9,180.59999,-380.4,-0.53999996,0,0,0,0,0,0,0,0,0,0,0,1,719F4A097BFEAD026808B7EC0A0533F631B24A0920FF3F035F08AAED3605AAF4F1C44A095EFF8903E108B0EEEB0463F3C20B3CE7F7FF200000184048
2026-09-12T15:44:55.1233875+00:00,8775,155900100,Connected,-1,24,-64,850,2437,-0.30645782,4.0701427,11.669339,-4214,1010,-3479,-5.148629,1.2340094,-4.2506127,3012,-6408,22,180.72,-384.47998,1.3199999,0,0,0,0,0,0,0,0,0,0,0,1,C4D84A09C0FF520385098AEFF20369F271EA4A090800EC025E094CF01B02D1F14AFD4A09DDFFAC0286083FF1F9FF7CF1C40BF8E61600200000184048
2026-09-12T15:44:55.1399468+00:00,8777,155928700,Connected,-1,24,-224,586,2301,-1.0726024,2.8060043,11.018116,-2981,-1718,-4032,-3.6421604,-2.099038,-4.9262633,3022,-6614,85,181.31999,-396.84,5.1,0,0,0,0,0,0,0,0,0,0,0,1,7C484B0920FF4A02FD085BF44AF940F0235B4B094BFFD701370990F3AFF7F2EFE36D4B09BBFF8F01350903F2B9F6CCEFCE0B2AE65500200000184048
2026-09-12T15:44:55.1566272+00:00,8778,155943075,Connected,-1,24,75,350,2326,0.35913026,1.6759412,11.137826,-4165,-2298,-4098,-5.0887613,-2.8076768,-5.0069017,3022,-6683,95,181.31999,-400.97998,5.7,0,0,0,0,0,0,0,0,0,0,0,1,A3804B094B005E011609BBEF06F7FEEF63934B093D0166014C0829ED09F9ACF023A64B0900020E010A07F0EAE6FCDEF1CE0BE5E55F00200000184048
2026-09-12T15:44:55.1733001+00:00,8779,155957500,Connected,-1,24,844,174,1694,4.0414124,0.8331822,8.111555,-5638,495,-3265,-6.8884606,0.6047868,-3.9891493,3019,-6820,108,181.14,-409.19998,6.48,0,0,0,0,0,0,0,0,0,0,0,1,FCB84B094C03AE009E06FAE9EF013FF3BCCB4B093F04E1FF0F06B3EA22069AF47CDE4B095C04B0FE40052CED0508DCF5CB0B5CE56C00200000184048
2026-09-12T15:44:55.1899573+00:00,8780,155971900,Connected,-1,24,902,-495,1513,4.31914,-2.3702598,7.2448545,-3835,1848,-2261,-4.6855702,2.2578707,-2.7624705,3018,-6887,107,181.08,-413.22,6.42,0,0,0,0,0,0,0,0,0,0,0,1,3CF14B09860311FEE90505F138072BF7FC034C098A02FEFDD80635F56603BEF8BC164C092D023DFE040705F985FE6CFACA0B19E56B00200000184048
2026-09-12T15:44:55.2066112+00:00,8781,155986325,Connected,-1,24,572,-394,1570,2.7389667,-1.8866309,7.517793,-974,-1154,-1069,-1.190025,-1.4099474,-1.3060951,3018,-7017,95,181.08,-421.02,5.7,0,0,0,0,0,0,0,0,0,0,0,1,95294C093C0276FE220632FC7EFBD3FB553C4C091402F1FEA204C8FECBFBA8FC154F4C099001D0FF5E05E30087FE0EFDCA0B97E45F00200000184048
2026-09-12T15:44:55.2232829+00:00,8783,156015150,Connected,-1,24,-248,718,2848,-1.1875241,3.4380736,13.637373,567,212,152,0.69275576,0.2590198,0.18571231,3019,-7178,63,181.14,-430.68,3.78,0,0,0,0,0,0,0,0,0,0,0,1,2E9A4C0908FFCE02200B3702D4009800EEAC4C093FFF9C02280B7D01DBFF8F01AEBF4C0969FFF501C90AD600FDFE5B02CB0BF6E33F00200000184048
2026-09-12T15:44:55.2399512+00:00,8784,156029575,Connected,-1,24,-114,233,2588,-0.545878,1.115698,12.392388,107,-459,763,0.13073169,-0.5608023,0.9322269,3020,-7220,51,181.2,-433.19998,3.06,0,0,0,0,0,0,0,0,0,0,0,1,87D24C098EFFE9001C0A6B0035FEFB0247E54C09C3FFDCFF4D095200A0FD6D0307F84C090600F7FEB408800054FDB003CC0BCCE33300200000184048
2026-09-12T15:44:55.2566211+00:00,8785,156043975,Connected,-1,24,81,-402,2157,0.3878607,-1.9249382,10.328587,202,-721,981,0.24680188,-0.88091165,1.1985774,3014,-7290,26,180.84,-437.4,1.56,0,0,0,0,0,0,0,0,0,0,0,1,C70A4D0951006EFE6D08CA002FFDD503871D4D097C0030FE470807012AFDE70360304D0988000BFE2908210168FDDD03C60B86E31A00200000184048
2026-09-12T15:44:55.2732827+00:00,8786,156058400,Connected,-1,24,184,-492,2069,0.8810662,-2.3558946,9.907207,280,-528,942,0.3421016,-0.6451059,1.1509275,3007,-7317,17,180.42,-439.02,1.02,0,0,0,0,0,0,0,0,0,0,0,1,20434D09B80014FE15081801F0FDAE03E0554D09DA0021FEE5071101AFFE5A03A0684D09C3001BFED1073E017AFFCF02BF0B6BE31100200000184048
2026-09-12T15:44:55.2899486+00:00,8788,156087225,Connected,-1,24,169,-368,2231,0.80924016,-1.7621324,10.682928,880,-52,167,1.0751765,-0.06353316,0.20403919,2991,-7374,-7,179.45999,-442.44,-0.42,0,0,0,0,0,0,0,0,0,0,0,1,B9B34D09A90090FEB7087003CCFFA70079C64D097C00F1FE0509EE03B7FF7B0039D94D0959005EFF45094104A5FF6E00AF0B32E3F9FF200000184048
2026-09-12T15:44:55.3066257+00:00,8789,156101625,Connected,-1,24,65,-57,2396,0.31124622,-0.272939,11.473015,1135,-116,127,1.3867333,-0.14172782,0.15516752,2988,-7383,-12,179.28,-442.97998,-0.71999997,0,0,0,0,0,0,0,0,0,0,0,1,F9EB4D094100C7FF5C096F048CFF7F00D2FE4D091B00160068098C046FFFA90092114E09040051006509A10453FFE000AC0B29E3F4FF200000184048
2026-09-12T15:44:55.3232815+00:00,8790,156116050,Connected,-1,24,1,141,2334,0.0047884034,0.6751649,11.176133,1213,-223,286,1.4820331,-0.2724595,0.34943238,2987,-7386,-21,179.22,-443.16,-1.26,0,0,0,0,0,0,0,0,0,0,0,1,52244E0901008D001E09BD0421FF1E0112374E092400AC0093080A05D7FE6401EB494E09620090000408AE05A2FEAA01AB0B26E3EBFF200000184048
2026-09-12T15:44:55.3399443+00:00,8791,156130475,Connected,-1,24,148,81,1926,0.7086837,0.3878607,9.222465,1723,-366,499,2.1051466,-0.44717568,0.609674,2984,-7379,-19,179.04,-442.74,-1.14,0,0,0,0,0,0,0,0,0,0,0,1,AB5C4E09940051008607BB0692FEF3016B6F4E09D1000D005607220886FE48022B824E09170187FF3807B70950FEB102A80B2DE3EDFF200000184048
2026-09-12T15:44:55.3732840+00:00,8793,156159300,Connected,-1,24,599,-52,1739,2.8682537,-0.24899697,8.327033,4241,66,884,5.1816177,0.08063824,1.0800637,2978,-7335,-5,178.68,-440.09998,-0.29999998,0,0,0,0,0,0,0,0,0,0,0,1,44CD4E095702CCFFCB0691104200740304E04E09C00204000207E01127000504DDF24E09880210006E06E512D4FFC804A20B59E3FBFF200000184048
2026-09-12T15:44:55.3899400+00:00,8794,156173725,Connected,-1,24,582,32,1546,2.7868507,0.15322891,7.4028716,5066,-9,1366,6.1895957,-0.010996124,1.6689671,2975,-7288,9,178.5,-437.28,0.53999996,0,0,0,0,0,0,0,0,0,0,0,1,9D054F09460220000A06CA13F7FF56055D184F0907023400D70599149500AC051D2B4F09D2018400B5056A155A01DA059F0B88E30900200000184048
2026-09-12T15:44:55.4067015+00:00,8795,156188150,Connected,-1,24,351,301,1453,1.6807296,1.4413095,6.95755,5709,505,1524,6.975208,0.6170047,1.8620102,2973,-7257,15,178.37999,-435.41998,0.9,0,0,0,0,0,0,0,0,0,0,0,1,F63D4F095F012D01AD054D16F901F405B6504F09F000FC01920546174B02070676634F0972000503CC056018220211069D0BA7E30F00200000184048
2026-09-12T15:44:55.4233165+00:00,8796,156202550,Connected,-1,24,51,1011,1528,0.24420857,4.841076,7.3166804,6534,453,1539,7.983186,0.55347157,1.8803371,2973,-7176,29,178.37999,-430.56,1.74,0,0,0,0,0,0,0,0,0,0,0,1,36764F093300F303F8058619C5010306F6884F091200CD045D06991A5101D305CF9B4F0910007905B706981BD20083059D0BF8E31D00200000184048
2026-09-12T15:44:55.4399947+00:00,8797,156216975,Connected,-1,24,8,1542,1787,0.038307227,7.383718,8.556877,7268,76,1295,8.87998,0.092856154,1.58222,2973,-7126,33,178.37999,-427.56,1.9799999,0,0,0,0,0,0,0,0,0,0,0,1,8FAE4F0908000606FB06641C4C000F054FC14F09D8FF68062A07F01CBBFF7B0441D44F09AAFF94063007311D1EFFCD039D0B2AE42100200000184048
2026-09-12T15:44:55.4566427+00:00,8798,156231400,Connected,-1,24,-95,1719,1791,-0.45489833,8.231265,8.576031,7464,-376,791,9.1194515,-0.4593936,0.96643704,2973,-7070,36,178.37999,-424.19998,2.1599998,0,0,0,0,0,0,0,0,0,0,0,1,E8E64F09A1FFB706FF06281D88FE1703A8F94F09B6FFD8069B06D61C1FFE6202680C5009B5FFE7067A063A1CE7FDB4019D0B62E42400200000184048
2026-09-12T15:44:55.4732944+00:00,8800,156260225,Connected,-1,24,-29,1693,1716,-0.1388637,8.106767,8.2169,5721,-181,-213,6.989869,-0.22114426,-0.2602416,2977,-6877,31,178.62,-412.62,1.86,0,0,0,0,0,0,0,0,0,0,0,1,81575009E3FF9D06B40659164BFF2BFF416A5009DCFF940646068414BFFFA0FE017D5009E4FFCC06B305D71231001BFEA10B23E51F00200000184048
2026-09-12T15:44:55.4899464+00:00,8801,156274650,Connected,-1,24,-9,1837,1312,-0.04309563,8.796297,6.2823853,4467,160,-604,5.4577427,0.19548663,-0.73796207,2984,-6734,17,179.04,-404.03998,1.02,0,0,0,0,0,0,0,0,0,0,0,1,DA8F5009F7FF2D0720057311A000A4FD9AA250090F009D078A04671036012DFD5AB550091C00E9072904BA0FF501C1FCA80BB2E51100200000184048
2026-09-12T15:44:55.5066218+00:00,8802,156289050,Connected,-1,24,48,2050,1031,0.22984336,9.816227,4.936844,3944,651,-907,4.8187456,0.79538625,-1.1081649,2988,-6661,6,179.28,-399.66,0.35999998,0,0,0,0,0,0,0,0,0,0,0,1,1AC85009300002080704680F8B0275FCDADA5009580009080B046E0FCC0253FCB3ED50099B0048073C04B90FCE024FFCAC0BFBE50600200000184048
2026-09-12T15:44:55.5233475+00:00,8803,156303475,Connected,-1,24,179,1678,1179,0.8571242,8.034941,5.645528,4112,655,-942,5.024007,0.8002734,-1.1509275,3002,-6513,-25,180.12,-390.78,-1.5,0,0,0,0,0,0,0,0,0,0,0,1,73005109B3008E069B0410108F0252FC331351098B005807E70453102B0255FCF3255109A4005408E2047D10F50154FCBA0B8FE6E7FF200000184048
2026-09-12T15:44:55.5399424+00:00,8805,156332300,Connected,-1,24,127,2505,408,0.60812724,11.99495,1.9536686,5497,946,-1044,6.716188,1.1558148,-1.2755504,3033,-6303,-103,181.98,-378.18,-6.18,0,0,0,0,0,0,0,0,0,0,0,1,0C7151097F00C90998017915B203ECFBCC835109560065097E003B168402EFFCA59651095600280901003717230294FDD90B61E799FF200000184048
2026-09-12T15:44:55.5566281+00:00,8806,156346725,Connected,-1,24,-12,2353,-39,-0.05746084,11.267113,-0.18674773,6176,519,-504,7.5457845,0.6341098,-0.6157829,3044,-6237,-136,182.64,-374.22,-8.16,0,0,0,0,0,0,0,0,0,0,0,1,65A95109F4FF3109D9FF2018070208FE25BC51098CFFE908BFFFB51807026FFEE5CE51093BFFB30881FF20196602AEFEE40BA3E778FF200000184048
2026-09-12T15:44:55.5732750+00:00,8807,156361125,Connected,-1,24,-269,2264,-165,-1.2880806,10.840945,-0.79008657,6524,790,-335,7.970968,0.96521527,-0.40930015,3067,-6121,-217,184.01999,-367.25998,-13.0199995,0,0,0,0,0,0,0,0,0,0,0,1,A5E15109F3FED8085BFF7C191603B1FE7EF45109DDFE5C0952FFBF19EF037DFE3E07520902FF110A4AFFF119DE0433FEFB0B17E827FF200000184048
2026-09-12T15:44:55.5899588+00:00,8808,156375550,Connected,-1,24,-189,2701,-191,-0.90500826,12.933477,-0.91458505,6696,1474,-521,8.181116,1.8009206,-0.63655335,3079,-6069,-263,184.73999,-364.13998,-15.78,0,0,0,0,0,0,0,0,0,0,0,1,FE19520943FF8D0A41FF281AC205F7FDBE2C52097CFFA10A33FF6C1A6806DEFD973F5209C0FF4A0A5AFFB41AAE06E4FD070C4BE8F9FE200000184048
2026-09-12T15:44:55.6066116+00:00,8810,156404375,Connected,-1,24,28,2408,-113,0.1340753,11.530476,-0.5410896,6982,1117,-378,8.530548,1.3647411,-0.46183717,3117,-5950,-417,187.01999,-357,-25.019999,0,0,0,0,0,0,0,0,0,0,0,1,978A52091C0068098FFF461B5D0486FE709D5209B2006409A5FF301B860304FF30B05209D4004509DAFFDC1AC60298FF2D0CC2E85FFE200000184048
2026-09-12T15:44:55.6232759+00:00,8811,156418800,Connected,-1,24,151,2295,33,0.7230489,10.989386,0.15801731,6696,580,14,8.181116,0.7086391,0.01710508,3130,-5919,-473,187.8,-355.13998,-28.38,0,0,0,0,0,0,0,0,0,0,0,1,F0C252099700F7082100281A44020E00B0D552093F00A5081A000B190A02530089E8520903007308C9FF9B17030272003A0CE1E827FE200000184048
2026-09-12T15:44:55.6566060+00:00,8812,156433225,Connected,-1,24,-59,2103,-212,-0.2825158,10.070012,-1.0151415,5627,545,121,6.8750205,0.6658764,0.14783677,3151,-5872,-591,189.06,-352.32,-35.46,0,0,0,0,0,0,0,0,0,0,0,1,49FB5209C5FF37082CFFFB1521027900090E530993FF170844FE50144A027100C920530948FF140868FDC6127E0258004F0C10E9B1FD200000184048
2026-09-12T15:44:55.6732782+00:00,8813,156447625,Connected,-1,24,-253,2071,-857,-1.2114661,9.916783,-4.1036615,4471,667,54,5.46263,0.8149349,0.06597674,3159,-5853,-654,189.54,-351.18,-39.239998,0,0,0,0,0,0,0,0,0,0,0,1,8933530903FF1708A7FC77119B0236006246530901FF0908D1FB8210800210002259530934FFE307EDFAED0F4A02DCFF570C23E972FD200000184048
2026-09-12T15:44:55.6899504+00:00,8815,156476475,Connected,-1,24,-86,1628,-1403,-0.41180268,7.795521,-6.71813,4128,773,-323,5.0435553,0.94444484,-0.39463866,3181,-5817,-842,190.86,-349.02,-50.52,0,0,0,0,0,0,0,0,0,0,0,1,3BA45309AAFF5C0685FA20100503BDFEFBB65309CCFF0806AFFA7110460397FEBBC95309DFFFB705CDFADA104A0397FE6D0C47E9B6FC200000184048
2026-09-12T15:44:55.7066886+00:00,8816,156490925,Connected,-1,24,11,1399,-1269,0.05267244,6.6989765,-6.0764837,4425,822,-341,5.4064274,1.0043126,-0.4166309,3185,-5814,-964,191.09999,-348.84,-57.84,0,0,0,0,0,0,0,0,0,0,0,1,ADDC53090B0077050BFB49113603ABFE54EF530957007C057FFBA1110603C3FE14025409A2009B05CDFBC111AD02DAFE710C4AE93CFC200000184048
2026-09-12T15:44:55.7234059+00:00,8817,156505500,Connected,-1,24,210,1465,-1043,1.0055647,7.015011,-4.9943047,4508,594,-279,5.507836,0.7257441,-0.34087983,3188,-5820,-1024,191.28,-349.19998,-61.44,0,0,0,0,0,0,0,0,0,0,0,1,9C155409D200B905EDFB9C115202E9FE94275409D100D305E5FB3011F101F1FE6D3A5409AE00C8059FFB8C109D01F8FE740C44E900FC200000184048
2026-09-12T15:44:55.7399386+00:00,8818,156519725,Connected,-1,24,122,1425,-1230,0.58418524,6.823475,-5.889736,4036,339,-255,4.9311504,0.4141873,-0.31155682,3192,-5841,-1135,191.51999,-350.46,-68.1,0,0,0,0,0,0,0,0,0,0,0,1,2D4D54097A00910532FBC40F530101FF066054093A004805E1FAED0E13010BFFAD725409E9FF010598FA1F0EE50011FF780C2FE991FB200000184048
2026-09-12T15:44:55.7566058+00:00,8819,156534125,Connected,-1,24,-101,1228,-1438,-0.48362875,5.8801594,-6.885724,3438,199,-244,4.200519,0.24313651,-0.29811713,3192,-5857,-1185,191.51999,-351.41998,-71.1,0,0,0,0,0,0,0,0,0,0,0,1,6D8554099BFFCC0462FA6E0DC7000CFF5F9854096CFF9A04F0F9ED0C9D00F7FE06AB540954FF54044CF9AA0C7300C5FE780C1FE95FFB200000184048
2026-09-12T15:44:55.7732635+00:00,8821,156562975,Connected,-1,24,-273,789,-2180,-1.3072342,3.7780502,-10.43872,3815,-220,-786,4.6611347,-0.26879412,-0.9603281,3193,-5918,-1317,191.58,-355.08,-79.02,0,0,0,0,0,0,0,0,0,0,0,1,1FF65409EFFE15037CF7E70E24FFEEFCDF085509FAFE520327F7321012FF68FC9F1B550935FFCE0349F7891179FFEEFB790CE2E8DBFA200000184048
2026-09-12T15:44:55.7899376+00:00,8822,156577375,Connected,-1,24,5,1140,-2067,0.023942016,5.45878,-9.89763,4770,42,-1127,5.827945,0.051315244,-1.376959,3193,-5946,-1356,191.58,-356.75998,-81.36,0,0,0,0,0,0,0,0,0,0,0,1,5F2E550905007404EDF7A2122A0099FB1F415509F500E604D0F83F13CE0092FBF85355093C01DF0484F93F134201E3FB790CC6E8B4FA200000184048
2026-09-12T15:44:55.8066077+00:00,8823,156591800,Connected,-1,24,287,1169,-1467,1.3742718,5.5976434,-7.0245876,4789,421,-925,5.8511596,0.5143742,-1.1301571,3192,-6004,-1429,191.51999,-360.24,-85.74,0,0,0,0,0,0,0,0,0,0,0,1,B86655091F01910445FAB512A50163FC7879550925012C04F2FAD411C501F3FC388C55093701B80336FBBB10A70185FD780C8CE86BFA200000184048
2026-09-12T15:44:55.8232843+00:00,8824,156606225,Connected,-1,24,274,818,-1260,1.3120226,3.916914,-6.033388,3977,396,-518,4.8590646,0.48382944,-0.632888,3192,-6036,-1459,191.51999,-362.16,-87.54,0,0,0,0,0,0,0,0,0,0,0,1,119F55091201320314FB890F8C01FAFDD1B155099E00D602BAFA6D0E6A014BFE91C45509380081020AFA9E0D12017CFE780C6CE84DFA200000184048
2026-09-12T15:44:55.8399565+00:00,8826,156635050,Connected,-1,24,163,357,-2279,0.78050977,1.70946,-10.912771,3826,-544,-359,4.6745744,-0.66465455,-0.43862316,3192,-6036,-1459,191.51999,-362.16,-87.54,0,0,0,0,0,0,0,0,0,0,0,1,AA0F5609A300650119F7F20EE0FD99FE6A2256095F004101EAF6231083FCF4FE2A3556092A002001C9F65F119EFB42FF780C6CE84DFA200000184048
2026-09-12T15:44:55.8732799+00:00,8828,156663950,Connected,-1,24,-149,167,-1370,-0.7134721,0.79966336,-6.5601125,4719,-787,-436,5.765634,-0.9615499,-0.5327011,3192,-6126,-1521,191.51999,-367.56,-91.259995,0,0,0,0,0,0,0,0,0,0,0,1,8E8056096BFFA700A6FA6F12EDFC4CFE1C93560914007C00C4FA611184FDD0FDDCA55609A1001F00B3FA1D1055FE8AFD780C12E80FFA200000184048
2026-09-12T15:44:55.9066151+00:00,8830,156692725,Connected,-1,24,165,-257,-1380,0.79008657,-1.2306197,-6.6079965,2931,-416,-497,3.581071,-0.50826526,-0.60723037,3195,-6227,-1571,191.7,-373.62,-94.259995,0,0,0,0,0,0,0,0,0,0,0,1,F5F05609A500FFFE9CFA730B60FE0FFEB50357096B0090FEB9FA800A84FE56FE75165709360045FE48FAC1099FFEADFE7B0CADE7DDF9200000184048
2026-09-12T15:44:55.9232801+00:00,8831,156707125,Connected,-1,24,-23,-463,-1636,-0.110133275,-2.2170308,-7.833828,2379,-283,-248,2.906642,-0.345767,-0.3030043,3196,-6278,-1593,191.76,-376.68,-95.579994,0,0,0,0,0,0,0,0,0,0,0,1,35295709E9FF31FE9CF94B09E5FE08FF0E3C570976FF57FEFEF81F0943FF66FFCE4E570930FF9DFE3DF84B094FFFB0FF7C0C7AE7C7F9200000184048
2026-09-12T15:44:55.9399452+00:00,8832,156721550,Connected,-1,24,-207,-293,-2187,-0.9911995,-1.4030021,-10.472239,2533,-236,-57,3.0947978,-0.2883428,-0.06964211,3197,-6331,-1612,191.81999,-379.86,-96.72,0,0,0,0,0,0,0,0,0,0,0,1,8E61570931FFDBFE75F7E50914FFC7FF4E74570947FFC3FE13F7DE0AD9FEA7FF2787570951FF6DFE0DF7080CA2FE5AFF7D0C45E7B4F9200000184048
2026-09-12T15:44:55.9566050+00:00,8833,156735975,Connected,-1,24,-193,-560,-2209,-0.92416185,-2.681506,-10.577583,3353,-379,-268,4.096667,-0.46305898,-0.3274401,3198,-6385,-1627,191.87999,-383.1,-97.619995,0,0,0,0,0,0,0,0,0,0,0,1,E79957093FFFD0FD5FF7190D85FEF4FEA7AC570933FF22FDFDF7DA0D6FFEA2FE67BF570928FF99FCA6F8390E41FE8DFE7E0C0FE7A5F9200000184048
2026-09-12T15:44:55.9732776+00:00,8834,156750375,Connected,-1,24,-289,-901,-1678,-1.3838485,-4.3143516,-8.034941,3647,-509,-358,4.4558735,-0.62189186,-0.43740135,3202,-6498,-1655,192.12,-389.88,-99.299995,0,0,0,0,0,0,0,0,0,0,0,1,27D25709DFFE7BFC72F93F0E03FE9AFE00E55709CAFE4BFC98F9F70DADFD80FEC0F75709F1FE30FCBAF9680D1CFE46FE820C9EE689F9200000184048
2026-09-12T15:44:55.9899354+00:00,8835,156764800,Connected,-1,24,-210,-975,-1484,-1.0055647,-4.6686935,-7.1059904,3225,-284,-480,3.9402776,-0.3469888,-0.58645993,3204,-6555,-1666,192.23999,-393.3,-99.96,0,0,0,0,0,0,0,0,0,0,0,1,800A58092EFF31FC34FA990CE4FE20FE401D58095DFF31FCD3FA980B55FF34FE003058098AFFF9FB4AFB5A0A81FF7BFE840C65E67EF9200000184048
2026-09-12T15:44:56.0066166+00:00,8837,156793625,Connected,-1,24,219,-986,-1409,1.0486604,-4.721366,-6.7468605,1420,216,170,1.7349439,0.26390696,0.20770456,3205,-6722,-1687,192.3,-403.31998,-101.22,0,0,0,0,0,0,0,0,0,0,0,1,197B5809DB0026FC7FFA8C05D800AA00D98D58090401D0FB90FA2D054601300199A058099F00D9FBCAFADD04A0017F01850CBEE569F9200000184048
2026-09-12T15:44:56.0232901+00:00,8838,156808050,Connected,-1,24,-177,-1081,-1313,-0.8475474,-5.1762643,-6.2871737,1177,392,410,1.4380486,0.47894228,0.50093454,3206,-6823,-1689,192.36,-409.38,-101.34,0,0,0,0,0,0,0,0,0,0,0,1,72B358094FFFC7FBDFFA990488019A0132C65809B8FECBFB0EFA7E0472007C01F2D85809CDFE0EFCDAF8C10421FF1601860C59E567F9200000184048
2026-09-12T15:44:56.0399976+00:00,8839,156822500,Connected,-1,24,-240,-956,-2055,-1.1492168,-4.5777135,-9.840169,1379,-443,134,1.6848505,-0.5412536,0.16372006,3207,-6870,-1690,192.42,-412.19998,-101.4,0,0,0,0,0,0,0,0,0,0,0,1,E4EB580910FF44FCF9F7630545FE860072FE580945FF2FFCC9F74506C3FD08004B11590978FFCBFB2AF8290770FDC2FF870C2AE566F9200000184048
2026-09-12T15:44:56.0566067+00:00,8840,156836875,Connected,-1,24,-132,-1230,-1774,-0.63206923,-5.889736,-8.494628,1990,-662,-87,2.431365,-0.80882597,-0.10629586,3209,-6908,-1688,192.54,-414.47998,-101.28,0,0,0,0,0,0,0,0,0,0,0,1,0B2459097CFF32FB12F9C6076AFDA9FFCB3659099CFFA9FA3AFAD907A6FDA9FF8B495909BAFF74FA47FB530705FEB2FF890C04E568F9200000184048
2026-09-12T15:44:56.0732730+00:00,8841,156851275,Connected,-1,24,-37,-1384,-1084,-0.17717093,-6.6271505,-5.1906295,1609,-390,-63,1.9658625,-0.4764987,-0.076972865,3210,-6976,-1682,192.59999,-418.56,-100.92,0,0,0,0,0,0,0,0,0,0,0,1,4B5C5909DBFF98FAC4FB49067AFEC1FF246F5909F6FF85FAF1FBED0407FFD2FFE4815909040030FA55FC62037FFFE3FF8A0CC0E46EF9200000184048
2026-09-12T15:44:56.0899390+00:00,8843,156880125,Connected,-1,24,12,-1626,-1148,0.05746084,-7.785944,-5.497087,-699,65,148,-0.8540323,0.07941645,0.18082514,3208,-7051,-1664,192.48,-423.06,-99.84,0,0,0,0,0,0,0,0,0,0,0,1,FDCC59090C00A6F984FB45FD41009400BDDF5909F6FFB8FAFAFA29FC4100B5007DF259090200ACFA54FB1BFBF6FFAC00880C75E480F9200000184048
2026-09-12T15:44:56.1066390+00:00,8844,156894525,Connected,-1,24,-9,-1456,-1266,-0.04309563,-6.9719152,-6.0621185,-1465,-65,91,-1.7899245,-0.07941645,0.111183025,3206,-7070,-1664,192.36,-424.19998,-99.84,0,0,0,0,0,0,0,0,0,0,0,1,3D055A09F7FF50FA0EFB47FABFFF5B0016185A0919004CFAB7FA85F9FBFF0700D62A5A09170011FADAFABBF87100EFFF860C62E480F9200000184048
2026-09-12T15:44:56.1232706+00:00,8845,156908950,Connected,-1,24,-21,-1536,-1282,-0.10055647,-7.3549876,-6.1387334,-2067,161,7,-2.525443,0.19670843,0.00855254,3202,-7094,-1661,192.12,-425.63998,-99.659996,0,0,0,0,0,0,0,0,0,0,0,1,963D5A09EBFF00FAFEFAEDF7A100070056505A09B2FF3AFAFBFA1BF7790044002F635A09ACFF6EFAF4FA52F62D008600820C4AE483F9200000184048
2026-09-12T15:44:56.1399380+00:00,8846,156923375,Connected,-1,24,-57,-1286,-1384,-0.272939,-6.157887,-6.6271505,-2645,-15,171,-3.2316384,-0.018326873,0.20892635,3202,-7098,-1660,192.12,-425.88,-99.6,0,0,0,0,0,0,0,0,0,0,0,1,EF755A09C7FFFAFA98FAABF5F1FFAB00AF885A09EAFF77FB71FA1AF5D8FFBE006F9B5A09D8FFABFB6FFA90F4A4FFC400820C46E484F9200000184048
2026-09-12T15:44:56.1565996+00:00,8847,156937800,Connected,-1,24,-85,-1100,-1439,-0.40701428,-5.267244,-6.8905125,-3066,-172,179,-3.7460127,-0.21014814,0.21870068,3203,-7096,-1663,192.18,-425.75998,-99.78,0,0,0,0,0,0,0,0,0,0,0,1,48AE5A09ABFFB4FB61FA06F454FFB30021C15A0978FF8CFB65FA6BF313FF8D00C8D35A0956FF58FB89FAB6F2D9FE6500830C48E481F9200000184048
2026-09-12T15:44:56.1732788+00:00,8848,156952350,Connected,-1,24,-169,-1211,-1367,-0.80924016,-5.7987566,-6.5457473,-3617,-354,66,-4.41922,-0.4325142,0.08063824,3204,-7090,-1665,192.23999,-425.4,-99.9,0,0,0,0,0,0,0,0,0,0,0,1,1EE75A0957FF45FBA9FADFF19EFE420048F95A0972FF68FBA6FAE6F07FFE2700080C5B098AFFBFFB62FADBEF86FE1700840C4EE47FF9200000184048
2026-09-12T15:44:56.1899496+00:00,8850,156981025,Connected,-1,24,-198,-702,-1713,-0.94810385,-3.3614593,-8.202535,-5234,-132,177,-6.3948565,-0.16127647,0.2162571,3208,-7048,-1676,192.48,-422.88,-100.56,0,0,0,0,0,0,0,0,0,0,0,1,21575B093AFF42FD4FF98EEB7CFFB100FA695B0946FFA1FD2AF97DEAE7FF0901BA7C5B094DFF16FE37F97EE966006B01880C78E474F9200000184048
2026-09-12T15:44:56.2232622+00:00,8851,156995450,Connected,-1,24,-156,-318,-1750,-0.7469909,-1.5227122,-8.379706,-5998,216,464,-7.3283052,0.26390696,0.5669113,3208,-7025,-1680,192.48,-421.5,-100.799995,0,0,0,0,0,0,0,0,0,0,0,1,7A8F5B0964FFC2FE2AF992E8D800D0013AA25B0965FF86FFFFF8C6E732012F0213B55B095AFF3A00B9F825E786017C02880C8FE470F9200000184048
2026-09-12T15:44:56.2399233+00:00,8853,157024300,Connected,-1,24,-418,741,-2092,-2.0015526,3.5482068,-10.01734,-6544,1046,529,-7.9954033,1.2779939,0.6463277,3214,-6918,-1693,192.84,-415.08,-101.579994,0,0,0,0,0,0,0,0,0,0,0,1,2C005C095EFEE502D4F770E616041102EC125C099DFE59039EF78EE6B5046801AC255C09B8FE9D038BF7CBE6C204E4008E0CFAE463F9200000184048
2026-09-12T15:44:56.2565966+00:00,8854,157038700,Connected,-1,24,-317,955,-2158,-1.5179238,4.572925,-10.333375,-6364,1124,132,-7.775481,1.3732936,0.16127647,3217,-6823,-1702,193.01999,-409.38,-102.119995,0,0,0,0,0,0,0,0,0,0,0,1,6C385C09C3FEBB0392F724E7640484002C4B5C09EDFEAA03A7F793E7C4033D00055E5C0942FF8903CEF713E809030700910C59E55AF9200000184048
2026-09-12T15:44:56.2732638+00:00,8855,157053125,Connected,-1,24,-81,884,-2055,-0.3878607,4.232949,-9.840169,-5982,607,-24,-7.308757,0.74162745,-0.029322997,3218,-6769,-1701,193.08,-406.13998,-102.06,0,0,0,0,0,0,0,0,0,0,0,1,C5705C09AFFF7403F9F7A2E85F02E8FF85835C090700650340F836E9CC01E7FF45965C095A0055039EF8BFE95601FCFF920C8FE55BF9200000184048
2026-09-12T15:44:56.2899560+00:00,8856,157067550,Connected,-1,24,169,909,-1731,0.80924016,4.3526587,-8.288726,-5587,267,25,-6.826149,0.32621834,0.030544788,3219,-6657,-1693,193.14,-399.41998,-101.579994,0,0,0,0,0,0,0,0,0,0,0,1,1EA95C09A9008D033DF92DEA0B011900DEBB5C09E400220472F971EACB0037009ECE5C09E8006D0491F98EEAB8005700930CFFE563F9200000184048
2026-09-12T15:44:56.3066012+00:00,8857,157081950,Connected,-1,24,185,1109,-1540,0.8858546,5.3103395,-7.374141,-5508,155,133,-6.7296276,0.18937768,0.16249827,3218,-6601,-1684,193.08,-396.06,-101.04,0,0,0,0,0,0,0,0,0,0,0,1,5EE15C09B9005504FCF97CEA9B0085001EF45C09960047048CFA39EA3D00BD00F7065D098F003A040EFBD2E9BBFFED00920C37E66CF9200000184048
2026-09-12T15:44:56.3232630+00:00,8859,157110825,Connected,-1,24,114,1334,-1024,0.545878,6.38773,-4.903325,-6176,-151,226,-7.5457845,-0.18449052,0.27612486,3216,-6420,-1642,192.95999,-385.19998,-98.52,0,0,0,0,0,0,0,0,0,0,0,1,29525D097200360500FCE0E769FFE200D0645D092900F80508FC5FE7C5FFB20090775D09E0FFE306FCFBDFE660007700900CECE696F9200000184048
2026-09-12T15:44:56.3399344+00:00,8860,157125200,Connected,-1,24,-109,1969,-1095,-0.521936,9.428367,-5.243302,-6556,296,62,-8.010065,0.3616503,0.07575107,3214,-6299,-1595,192.84,-377.94,-95.7,0,0,0,0,0,0,0,0,0,0,0,1,508A5D0993FFB107B9FB64E628013E00109D5D0938FF44084FFBF7E515020400E9AF5D09D5FE8508EEFA94E5FB02CBFF8E0C65E7C5F9200000184048
2026-09-12T15:44:56.3565975+00:00,8861,157139625,Connected,-1,24,-389,2177,-1396,-1.8626889,10.424355,-6.6846113,-6837,947,-118,-8.353389,1.1570365,-0.1441714,3211,-6239,-1565,192.65999,-374.34,-93.9,0,0,0,0,0,0,0,0,0,0,0,1,A9C25D097BFE81088CFA4BE5B3038AFF69D55D0957FE3A083EFA35E532043DFF29E85D097BFEDE0700FA5DE57C04F1FE8B0CA1E7E3F9200000184048
2026-09-12T15:44:56.3733313+00:00,8862,157154050,Connected,-1,24,-327,1912,-1553,-1.5658079,9.155427,-7.4363904,-6717,1190,-339,-8.206774,1.4539319,-0.4141873,3208,-6180,-1532,192.48,-370.8,-91.92,0,0,0,0,0,0,0,0,0,0,0,1,02FB5D09B9FE7807EFF9C3E5A604ADFEC20D5E0914FF100722FA65E6CD0477FE82205E0929FF8806AEFA33E7C60454FE880CDCE704FA200000184048
2026-09-12T15:44:56.3899249+00:00,8863,157168450,Connected,-1,24,-202,1529,-1203,-0.9672575,7.321469,-5.7604494,-6137,1056,-453,-7.4981346,1.2902118,-0.55347157,3200,-6076,-1454,192,-364.56,-87.24,0,0,0,0,0,0,0,0,0,0,0,1,42335E0936FFF9054DFB07E820043BFE02465E096EFF7F05C6FBD1E8DA0224FEDB585E0906002F0500FD84E9560114FE800C44E852FA200000184048
2026-09-12T15:44:56.4066433+00:00,8865,157197275,Connected,-1,24,-45,1364,-67,-0.21547815,6.531382,-0.320823,-6024,-267,-465,-7.360072,-0.32621834,-0.56813306,3192,-5947,-1310,191.51999,-356.81998,-78.6,0,0,0,0,0,0,0,0,0,0,0,1,DBA35E09D3FF5405BDFF78E8F5FE2FFEB4B65E096FFFA406B10002E8BAFFB3FD74C95E0914FF55086F0192E7490054FD780CC5E8E2FA200000184048
2026-09-12T15:44:56.4232753+00:00,8866,157211700,Connected,-1,24,-295,2506,425,-1.412579,11.999739,2.0350714,-6374,120,-729,-7.7876987,0.14661498,-0.890686,3193,-5914,-1256,191.58,-354.84,-75.36,0,0,0,0,0,0,0,0,0,0,0,1,34DC5E09D9FECA09A9011AE7780027FDF4EE5E09B5FEB60A960195E65F0021FDCD015F099DFE340B470108E6210046FD790CE6E818FB200000184048
2026-09-12T15:44:56.4566123+00:00,8867,157226125,Connected,-1,24,-345,2874,228,-1.6519991,13.761871,1.091756,-6783,-13,-623,-8.287412,-0.01588329,-0.7611761,3194,-5860,-1140,191.64,-351.6,-68.4,0,0,0,0,0,0,0,0,0,0,0,1,8D145F09A7FE3A0BE40081E5F3FF91FD4D275F09CCFEB30A610015E50100FAFD0D3A5F09ABFED309CAFFE2E475006DFE7A0C1CE98CFB200000184048
2026-09-12T15:44:56.4733222+00:00,8869,157254950,Connected,-1,24,-336,1633,54,-1.6089035,7.819463,0.25857377,-6525,1016,-526,-7.9721894,1.2413402,-0.64266235,3194,-5812,-943,191.64,-348.72,-56.579998,0,0,0,0,0,0,0,0,0,0,0,1,26855F09B0FE6106360083E6F803F2FDE6975F098BFEF905BD007CE7AB039FFDBFAA5F09DBFEC1052801A6E8B90241FD7A0C4CE951FC200000184048
2026-09-12T15:44:56.4899373+00:00,8870,157269375,Connected,-1,24,-155,1436,328,-0.7422025,6.8761473,1.5705963,-5654,399,-789,-6.908009,0.4874948,-0.9639935,3195,-5808,-877,191.7,-348.47998,-52.62,0,0,0,0,0,0,0,0,0,0,0,1,7FBD5F0965FF9C054801EAE98F01EBFC3FD05F09DAFF64052E013EEB8B0095FCFFE25F09280017051A01A2ECD4FF49FC7B0C50E993FC200000184048
2026-09-12T15:44:56.5065995+00:00,8871,157284800,Connected,-1,24,31,1320,274,0.14844051,6.3206925,1.3120226,-4575,-140,-1016,-5.589696,-0.1710508,-1.2413402,3196,-5810,-808,191.76,-348.6,-48.48,0,0,0,0,0,0,0,0,0,0,0,1,C0F95F091F002805120121EE74FF08FC98086009E8FFCC04FB01C5EF36FFD0FB581B6009E1FF8904540354F193FE99FB7C0C4EE9D8FC200000184048
2026-09-12T15:44:56.5232573+00:00,8872,157298200,Connected,-1,24,-5,1197,886,-0.023942016,5.731719,4.2425256,-3420,-603,-1174,-4.178527,-0.7367403,-1.4343832,3199,-5827,-674,191.94,-349.62,-40.44,0,0,0,0,0,0,0,0,0,0,0,1,182E6009FBFFAD047603A4F2A5FD6AFBD8406009D8FFFC04C003CFF34AFD30FBB1536009E4FF12061605C8F476FDF1FA7F0C3DE95EFD200000184048
2026-09-12T15:44:56.5399251+00:00,8873,157312625,Connected,-1,24,-20,1920,1657,-0.095768064,9.193734,7.9343843,-2726,-633,-1294,-3.3306036,-0.773394,-1.5809982,3203,-5843,-607,192.18,-350.58,-36.42,0,0,0,0,0,0,0,0,0,0,0,1,71666009ECFF800779065AF587FDF2FA31796009B2FFA708520767F583FD41FBF18B60097AFF45099C0700F57AFDBAFB830C2DE9A1FD200000184048
2026-09-12T15:44:56.5566056+00:00,8875,157341450,Connected,-1,24,-306,1976,1464,-1.4652514,9.461885,7.0102224,-3776,-1018,-380,-4.613485,-1.2437837,-0.46428075,3216,-5911,-421,192.95999,-354.66,-25.26,0,0,0,0,0,0,0,0,0,0,0,1,0AD76009CEFEB807B80540F106FC84FECAE96009F1FE11070C05AAF001FC37FFA3FC6009CCFE740687048BF066FCBDFF900CE9E85BFE200000184048
2026-09-12T15:44:56.5732554+00:00,8876,157355875,Connected,-1,24,-475,1497,1043,-2.2744915,7.16824,4.9943047,-3859,-799,-15,-4.7148933,-0.9762114,-0.018326873,3224,-5975,-304,193.44,-358.5,-18.24,0,0,0,0,0,0,0,0,0,0,0,1,630F610925FED9051304EDF0E1FCF1FF23226109D9FD39052604CCF106FDBBFFE3346109C5FDAF044904FEF290FC41FF980CA9E8D0FE200000184048
2026-09-12T15:44:56.5899395+00:00,8877,157370300,Connected,-1,24,-551,1081,1137,-2.6384103,5.1762643,5.4444146,-2972,-1104,-346,-3.6311643,-1.3488578,-0.42273986,3227,-6011,-248,193.62,-360.66,-14.88,0,0,0,0,0,0,0,0,0,0,0,1,BC476109D9FD3904710464F4B0FBA6FE7C5A610910FE0004AA04E3F593FAFAFD3C6D610985FEF403F80451F75AF955FD9B0C85E808FF200000184048
2026-09-12T15:44:56.6066096+00:00,8878,157384700,Connected,-1,24,-255,1003,1361,-1.2210429,4.8027687,6.517017,-1895,-1965,-831,-2.315295,-2.4008203,-1.0153087,3230,-6088,-145,193.8,-365.28,-8.7,0,0,0,0,0,0,0,0,0,0,0,1,FC7F610901FFEB03510599F853F8C1FCD592610970FF1F04B905BDF9CFF744FC95A56109BAFF91045006B8FAEAF7EAFB9E0C38E86FFF200000184048
2026-09-12T15:44:56.6232593+00:00,8879,157399125,Connected,-1,24,-109,1306,1825,-0.521936,6.253655,8.738836,-1154,-1959,-1086,-1.4099474,-2.3934896,-1.3268656,3228,-6129,-100,193.68,-367.74,-6,0,0,0,0,0,0,0,0,0,0,0,1,55B8610993FF1A0521077EFB59F8C2FB15CB61094BFFBE05DC0713FCC3F8D2FBEEDD610942FF6B06770875FCFBF819FC9C0C0FE89CFF200000184048
2026-09-12T15:44:56.6399270+00:00,8881,157427975,Connected,-1,24,-3,1972,1961,-0.01436521,9.442732,9.390059,-1067,-1725,-221,-1.3036516,-2.1075904,-0.27001593,3221,-6248,17,193.26,-374.88,1.02,0,0,0,0,0,0,0,0,0,0,0,1,07296209FDFFB407A907D5FB43F923FFC73B620982FFE5064007B0FB87F91900874E62090DFF4206CC06EFFB8BF9ED00950C98E71100200000184048
2026-09-12T15:44:56.6566871+00:00,8882,157442375,Connected,-1,24,-170,1504,1787,-0.81402856,7.201759,8.556877,-900,-1718,365,-1.0996124,-2.099038,0.4459539,3215,-6285,50,192.9,-377.1,3,0,0,0,0,0,0,0,0,0,0,0,1,4761620956FFE005FB067CFC4AF96D0107746209B0FF9105DA062BFDE1F8BE01E08662095DFF1E054506F8FDCFF8D2018F0C73E73200200000184048
2026-09-12T15:44:56.6732774+00:00,8883,157456800,Connected,-1,24,-336,1183,1701,-1.6089035,5.6646814,8.145074,-290,-1738,370,-0.35431954,-2.1234736,0.45206285,3198,-6358,109,191.87999,-381.47998,6.54,0,0,0,0,0,0,0,0,0,0,0,1,A0996209B0FE9F04A506DEFE36F9720160AC620997FE8E04AB07ACFF31F9C00039BF620905FFB504FF072700A2F8F0FF7E0C2AE76D00200000184048
2026-09-12T15:44:56.6899386+00:00,8884,157471225,Connected,-1,24,-26,1241,2093,-0.12449849,5.9424086,10.022128,82,-1940,-247,0.1001869,-2.3702755,-0.3017825,3187,-6392,135,191.22,-383.52,8.099999,0,0,0,0,0,0,0,0,0,0,0,1,F9D16209E6FFD9042D0852006CF809FFB9E462098100FB0423083900E3F81FFE79F76209A400FE04F207FFFFDEF939FD730C08E78700200000184048
2026-09-12T15:44:56.7065975+00:00,8886,157500050,Connected,-1,24,-205,1507,1953,-0.9816227,7.216124,9.351752,-114,-678,-1294,-0.13928422,-0.8283746,-1.5809982,3148,-6479,203,188.87999,-388.74,12.179999,0,0,0,0,0,0,0,0,0,0,0,1,9242630933FFE305A1078EFF5AFDF2FA52556309FCFE02068A07A2FFB1FDC3FA12686309DAFEFF059D07BEFFE4FDA6FA4C0CB1E6CB00200000184048
2026-09-12T15:44:56.7399252+00:00,8887,157514475,Connected,-1,24,-280,1547,2084,-1.340753,7.40766,9.9790325,-38,-502,-1399,-0.046428077,-0.6133393,-1.7092863,3121,-6524,237,187.26,-391.44,14.219999,0,0,0,0,0,0,0,0,0,0,0,1,EB7A6309E8FE0B062408DAFF0AFE89FAAB8D630922FF1F066309CAFF03FE6FFA6BA0630972FF5B06080B3EFFAAFD5EFA310C84E6ED00200000184048
2026-09-12T15:44:56.7566004+00:00,8888,157528875,Connected,-1,24,-184,1613,3157,-0.8810662,7.723695,15.116989,-523,-684,-1481,-0.63899696,-0.8357054,-1.8094732,3108,-6543,250,186.48,-392.58,15,0,0,0,0,0,0,0,0,0,0,0,1,2BB3630948FF4D06550CF5FD54FD37FA04C6630975FE2606510DEBFBBFFDA3F9C4D863099EFD1C06990D3CF903FF69F8240C71E6FA00200000184048
2026-09-12T15:44:56.7732838+00:00,8890,157557725,Connected,-1,24,-563,1324,1935,-2.695871,6.339846,9.26556,-3564,1830,-4169,-4.354465,2.2358785,-5.093649,3087,-6607,283,185.22,-396.41998,16.98,0,0,0,0,0,0,0,0,0,0,0,1,DD236409CDFD2C058F0714F22607B7EF9D366409DD09EC0582046BF2430800EF76496409BA1982079BFED5F5AB03ADF40F0C31E61B01200000184048
2026-09-12T15:44:56.7899527+00:00,8891,157572125,Connected,-1,24,1781,1426,-269,8.528147,6.8282633,-1.2880806,-878,-990,-208,-1.0727329,-1.2095736,-0.25413263,3082,-6631,288,184.92,-397.86,17.279999,0,0,0,0,0,0,0,0,0,0,0,1,1D5C6409F5069205F3FE92FC22FC30FFDD6E64094B015606AF05A20151FB1D03B6816409ABFFF905740DB60353FAE5030A0C19E62001200000184048
2026-09-12T15:44:56.8065966+00:00,8892,157586550,Connected,-1,24,-1267,701,3814,-6.066907,3.3566709,18.26297,960,-2480,983,1.1729199,-3.030043,1.2010211,3074,-6670,297,184.44,-400.19998,17.82,0,0,0,0,0,0,0,0,0,0,0,1,769464090DFBBD02E60EC00350F6D70336A764090BFC5202060B3B039DF27802F6B964090E004905CD08D502A1F05401020CF2E52901200000184048
2026-09-12T15:44:56.8232559+00:00,8893,157600975,Connected,-1,24,-302,1432,1905,-1.4460979,6.8569937,9.121908,568,-4224,268,0.6939776,-5.160847,0.3274401,3068,-6687,301,184.08,-401.22,18.06,0,0,0,0,0,0,0,0,0,0,0,1,CFCC6409D2FE98057107380280EF0C018FDF64094BFE6C053A06F00086F007004FF26409C40018050606F1FFBFF14CFFFC0BE1E52D01200000184048
2026-09-12T15:44:56.8399312+00:00,8894,157615375,Connected,-1,24,391,1216,1843,1.8722657,5.8226986,8.825027,-79,-3735,-40,-0.09652153,-4.563391,-0.04887166,3054,-6713,308,183.23999,-402.78,18.48,0,0,0,0,0,0,0,0,0,0,0,1,0F0565098701C0043307B1FF69F1D8FFE81765099A018F04DE07B4FFC1F0B000A82A6509CD015D046A07B0FFEDF03901EE0BC7E53401200000184048
2026-09-12T15:44:56.8565907+00:00,8895,157629800,Connected,-1,24,536,1036,1644,2.566584,4.960786,7.872135,-48,-3580,359,-0.058645993,-4.3740134,0.43862316,3042,-6723,310,182.51999,-403.38,18.6,0,0,0,0,0,0,0,0,0,0,0,1,683D650918020C046C06D0FF04F26701285065093002AF0387054A00DBF34201E86265092802740306050D01F7F5E600E20BBDE53601200000184048
2026-09-12T15:44:56.8732631+00:00,8897,157658625,Connected,-1,24,283,1025,1611,1.3551182,4.9081135,7.714118,819,-1049,-227,1.0006472,-1.2816592,-0.27734667,3002,-6751,309,180.12,-405.06,18.539999,0,0,0,0,0,0,0,0,0,0,0,1,01AE65091B0101044B063303E7FB1DFFDAC065098F0134046E06160335FCC6FE9AD36509E3013A044006D102AAFC7FFEBA0BA1E53501200000184048
2026-09-12T15:44:56.8899206+00:00,8898,157673050,Connected,-1,24,494,1056,1509,2.3654714,5.056554,7.225701,646,-674,-438,0.7892773,-0.82348746,-0.5351447,2974,-6765,304,178.44,-405.9,18.24,0,0,0,0,0,0,0,0,0,0,0,1,5AE66509EE012004E50586025EFD4AFE1AF9650900022504BB05520240FE29FEF30B6609A00283046B062802FAFE37FE9E0B93E53001200000184048
2026-09-12T15:44:56.9066013+00:00,8899,157687475,Connected,-1,24,613,1225,1857,2.9352913,5.865794,8.892065,479,-218,-365,0.5852381,-0.26635054,-0.4459539,2960,-6766,302,177.59999,-405.96,18.119999,0,0,0,0,0,0,0,0,0,0,0,1,B31E66096502C9044107DF0126FF93FE73316609D501B30457076901DDFEF8FE33446609C6017004B106F70066FE4EFF900B92E52E01200000184048
2026-09-12T15:44:56.9232853+00:00,8900,157701875,Connected,-1,24,490,1100,1570,2.3463178,5.267244,7.517793,179,-465,-98,0.21870068,-0.56813306,-0.11973557,2927,-6763,292,175.62,-405.78,17.52,0,0,0,0,0,0,0,0,0,0,0,1,F3566609EA014C042206B3002FFE9EFFCC6966090B02250415068C005BFEE7FF8C7C66094F02FA034E066900A9FE25006F0B95E52401200000184048
2026-09-12T15:44:56.9399278+00:00,8902,157730725,Connected,-1,24,542,1137,1710,2.5953147,5.4444146,8.1881695,67,-189,155,0.08186003,-0.23091859,0.18937768,2886,-6742,287,173.16,-404.52,17.22,0,0,0,0,0,0,0,0,0,0,0,1,A5C766091E027104AE06430043FF9B0065DA6609DE012D04BB06F8FF7EFE9E0025ED66099001CC039C0685FFFBFD9200460BAAE51F01200000184048
2026-09-12T15:44:56.9565897+00:00,8903,157745150,Connected,-1,24,294,920,1681,1.4077905,4.405331,8.049306,-260,-574,119,-0.3176658,-0.7013083,0.1453932,2848,-6721,282,170.87999,-403.25998,16.92,0,0,0,0,0,0,0,0,0,0,0,1,FEFF6609260198039106FCFEC2FD7700BE126709CB00D003890664FE80FD57007E256709F7002B046906D2FD19FD3C00200BBFE51A01200000184048
2026-09-12T15:44:56.9732686+00:00,8904,157759550,Connected,-1,24,315,1128,1676,1.508347,5.401319,8.025364,-664,-812,41,-0.8112695,-0.9920947,0.05009345,2832,-6713,279,169.92,-402.78,16.74,0,0,0,0,0,0,0,0,0,0,0,1,3E3867093B0168048C0668FDD4FC2900174B67094B016F048D063CFDA7FC1900D75D67099B0172046D0661FD87FC0800100BC7E51701200000184048
2026-09-12T15:44:57.0066078+00:00,8905,157773975,Connected,-1,24,446,1126,1621,2.135628,5.391742,7.762002,-560,-905,11,-0.6842032,-1.1057214,0.0134397065,2807,-6700,270,168.42,-402,16.199999,0,0,0,0,0,0,0,0,0,0,0,1,97706709BE0166045506D0FD77FC0B005783670916022A045B066AFE60FC2200179667095F02C40365061DFF97FC3D00F70AD4E50E01200000184048
2026-09-12T15:44:57.0232634+00:00,8907,157802800,Connected,-1,24,478,1060,1755,2.2888567,5.0757074,8.403648,161,-749,249,0.19670843,-0.91512185,0.30422607,2788,-6688,261,167.28,-401.28,15.66,0,0,0,0,0,0,0,0,0,0,0,1,30E16709DE012404DB06A10013FDF900F0F36709C1014D043B074C0003FC3301C9066809DD012A044207E1FF96FA6401E40AE0E50501200000184048
2026-09-12T15:44:57.0399336+00:00,8908,157817225,Connected,-1,24,519,1018,1798,2.4851813,4.8745947,8.6095495,-125,-1756,390,-0.15272394,-2.1454659,0.4764987,2780,-6684,260,166.8,-401.03998,15.599999,0,0,0,0,0,0,0,0,0,0,0,1,891968090702FA03060783FF24F98601492C68093C02D903BE0646FFE6F79701223F68095F02E20397062AFFE7F6A401DC0AE4E50401200000184048
2026-09-12T15:44:57.0565968+00:00,8909,157831650,Connected,-1,24,595,1010,1657,2.8491,4.8362875,7.9343843,-211,-2535,438,-0.25779802,-3.0972414,0.5351447,2760,-6679,255,165.59999,-400.74,15.299999,0,0,0,0,0,0,0,0,0,0,0,1,E25168095302F20379062DFF19F6B601A26468093202FD039A0646FF33F5D50162776809E6012D04280766FF07F40302C80AE9E5FF00200000184048
2026-09-12T15:44:57.0732522+00:00,8910,157846075,Connected,-1,24,447,1132,2029,2.1404164,5.4204726,9.715671,-162,-3520,593,-0.19793022,-4.300706,0.72452235,2746,-6679,253,164.76,-400.74,15.179999,0,0,0,0,0,0,0,0,0,0,0,1,3B8A6809BF016C04ED075EFF40F25102FB9C68091B028F04E20819FFE1EFC702BBAF68092C028204DD0899FEC6EC9103BA0AE9E5FD00200000184048
2026-09-12T15:44:57.0899654+00:00,8911,157860475,Connected,-1,24,432,1082,2175,2.0685902,5.1810527,10.414778,-510,-5785,1125,-0.62311363,-7.0680637,1.3745154,2702,-6677,242,162.12,-400.62,14.5199995,0,0,0,0,0,0,0,0,0,0,0,1,7BC26809B0013A047F0802FE67E9650454D568090002CF0320085FFD38E6EF0414E8680992028203AB07BAFC91E333058E0AEBE5F200200000184048
2026-09-12T15:44:57.1066050+00:00,8913,157889325,Connected,-1,24,1104,991,1168,5.2863975,4.745308,5.592855,-1181,-9324,1656,-1.4429357,-11.391984,2.0232868,2637,-6674,214,158.22,-400.44,12.84,0,0,0,0,0,0,0,0,0,0,0,1,2D3369095004DF03900463FB94DB7806ED4569098205AF034F03DAFBE0DADF06AD5869091F078903DA01C5FCEEDB0E074D0AEEE5D600200000184048
2026-09-12T15:44:57.1232624+00:00,8914,157903725,Connected,-1,24,2019,884,257,9.667787,4.232949,1.2306197,-528,-8384,1796,-0.6451059,-10.2435,2.1943376,2554,-6669,165,153.23999,-400.13998,9.9,0,0,0,0,0,0,0,0,0,0,0,1,6D6B6909E30774030101F0FD40DF04072D7E69099C0737038F0028FF61E3DE06069169098506CA0259005000EDE6A706FA09F3E5A500200000184048
2026-09-12T15:44:57.1399287+00:00,8915,157918150,Connected,-1,24,1331,576,63,6.373365,2.7581203,0.30166942,357,-5832,1616,0.43617955,-7.125488,1.9744151,2508,-6664,134,150.48,-399.84,8.04,0,0,0,0,0,0,0,0,0,0,0,1,C6A36909330540023F00650138E9500686B669094704C0010500790208EBAD0546C969094004E6015100890321ED9D04CC09F8E58600200000184048
2026-09-12T15:44:57.1565949+00:00,8916,157932575,Connected,-1,24,1275,607,24,6.105214,2.906561,0.11492168,1113,-4918,870,1.359854,-6.0087705,1.0629586,2411,-6649,60,144.66,-398.94,3.6,0,0,0,0,0,0,0,0,0,0,0,1,1FDC6909FB045F0218005904CAEC6603DFEE69094806C9028BFFE704BFEB35029F016A092707230390FF470525EC25016B0907E63C00200000184048
2026-09-12T15:44:57.1732649+00:00,8917,157946975,Connected,-1,24,1917,850,-13,9.179369,4.0701427,-0.062249243,1408,-4776,92,1.7202824,-5.835276,0.112404816,2360,-6638,17,141.59999,-398.28,1.02,0,0,0,0,0,0,0,0,0,0,0,1,5F146A097D075203F3FF800558ED5C001F276A098A0731033F009905F0EDF4FFDF396A099D07D7028D00B3052EEEDBFF380912E61100200000184048
2026-09-12T15:44:57.1899772+00:00,8919,157975800,Connected,-1,24,1973,775,258,9.44752,3.7110126,1.2354081,1576,-4271,82,1.9255434,-5.2182713,0.1001869,2212,-6593,-133,132.72,-395.58,-7.98,0,0,0,0,0,0,0,0,0,0,0,1,F8846A09B50707030201280651EF5200B8976A099B072003CB000C06FCEF590091AA6A094F071F03A500C6059BF04800A4083FE67BFF200000184048
2026-09-12T15:44:57.2066246+00:00,8920,157990225,Connected,-1,24,1798,785,115,8.6095495,3.7588966,0.5506664,1378,-3865,37,1.6836287,-4.722224,0.045206286,2122,-6556,-245,127.32,-393.36,-14.7,0,0,0,0,0,0,0,0,0,0,0,1,51BD6A090607110373006205E7F0250011D06A09EB060F033C00E404E5F0EDFFD1E26A09F106350310005904C0F0A6FF4A0864E60BFF200000184048
2026-09-12T15:44:57.2232529+00:00,8921,158004650,Connected,-1,24,1812,845,-17,8.676587,4.0462008,-0.08140286,971,-3949,-163,1.1863595,-4.8248544,-0.19915201,2079,-6536,-307,124.74,-392.16,-18.42,0,0,0,0,0,0,0,0,0,0,0,1,AAF56A0914074D03EFFFCB0393F05DFF6A086B0955076903CDFF46036DF01CFF2A1B6B098E078203CEFFD00252F0E7FE1F0878E6CDFE200000184048
2026-09-12T15:44:57.2565854+00:00,8924,158047900,Connected,-1,24,2055,669,-683,9.840169,3.2034419,-3.2704794,458,-4596,203,0.5595805,-5.6153536,0.24802367,1972,-6437,-554,118.32,-386.22,-33.239998,0,0,0,0,0,0,0,0,0,0,0,1,9C9E6B0907089D0255FDCA010CEECB005CB16B096D088C02A2FCDC011CEE91011CC46B090309D3022CFC07021FEF2A02B407DBE6D6FD200000184048
2026-09-12T15:44:57.2899769+00:00,8925,158062300,Connected,-1,24,2262,904,-954,10.831368,4.3287168,-4.5681367,577,-3990,658,0.7049737,-4.874948,0.8039388,1954,-6384,-665,117.24,-383.03998,-39.899998,0,0,0,0,0,0,0,0,0,0,0,1,DCD66B09D608880346FC41026AF092029CE96B09C7074204DFFC5D029AF0DC0275FC6B09B406540424FD52026DEF1E03A20710E767FD200000184048
2026-09-12T15:44:57.3065994+00:00,8926,158076725,Connected,-1,24,1478,949,-747,7.07726,4.5441947,-3.5769374,554,-4757,847,0.6768725,-5.8120623,1.0348574,1953,-6358,-721,117.18,-381.47998,-43.26,0,0,0,0,0,0,0,0,0,0,0,1,350F6C09C605B50315FD2A026BED4F03F5216C091C05E602CAFCEC0114EB6A03B5346C09A904610279FCA301F3E85E03A1072AE72FFD200000184048
2026-09-12T15:44:57.3232511+00:00,8927,158091150,Connected,-1,24,1156,540,-1058,5.535394,2.585738,-5.0661306,344,-6299,822,0.42029628,-7.6960645,1.0043126,1961,-6304,-832,117.659996,-378.24,-49.92,0,0,0,0,0,0,0,0,0,0,0,1,8E476C0984041C02DEFB580165E736034E5A6C0973041D025DFB0501E2E6FC020E6D6C0933044A0258FB9F004FE7BB02A90760E7C0FC200000184048
2026-09-12T15:44:57.3399334+00:00,8929,158119975,Connected,-1,24,1066,660,-979,5.104438,3.1603463,-4.687847,-338,-5284,410,-0.41296554,-6.4559464,0.50093454,1999,-6234,-1000,119.939995,-374.03998,-60,0,0,0,0,0,0,0,0,0,0,0,1,27B86C092A0494022DFCAEFE5CEB9A01E7CA6C090305EA02A4FBF0FD2EED3201A7DD6C0902056603C7FBF6FC15F0BD00CF07A6E718FC200000184048
2026-09-12T15:44:57.3565803+00:00,8930,158134375,Connected,-1,24,1242,854,-1088,5.947197,4.0892963,-5.209783,-1033,-3388,134,-1.2621106,-4.1394296,0.16372006,2017,-6213,-1052,121.02,-372.78,-63.12,0,0,0,0,0,0,0,0,0,0,0,1,67F06C09DA045603C0FBF7FBC4F2860040036D099C04D80230FB41FB2BF4CC0000166D0906052902D9F9ECFAC5F48501E107BBE7E4FB200000184048
2026-09-12T15:44:57.3732564+00:00,8931,158148800,Connected,-1,24,1521,501,-2029,7.2831616,2.3989902,-9.715671,-1284,-2710,639,-1.5687803,-3.311055,0.78072476,2057,-6171,-1150,123.42,-370.25998,-69,0,0,0,0,0,0,0,0,0,0,0,1,C0286D09F105F50113F8FCFA6AF57F02803B6D09FA0557025AF75AFB8AF67B03404E6D09E104D50282F7FBFB47F785040908E5E782FB200000184048
2026-09-12T15:44:57.3899143+00:00,8932,158163425,Connected,-1,24,1122,727,-2111,5.3725886,3.4811692,-10.108319,-851,-2147,1421,-1.0397446,-2.6231863,1.7361658,2079,-6153,-1195,124.74,-369.18,-71.7,0,0,0,0,0,0,0,0,0,0,0,1,E1616D096204D702C1F7ADFC9DF78D05D9736D094404B5021EF839FD6AF8520699866D09F503860292F8B1FD6EF9F0061F08F7E755FB200000184048
2026-09-12T15:44:57.4067315+00:00,8933,158177625,Connected,-1,24,1000,625,-1853,4.7884035,2.992752,-8.872911,-479,-1485,1908,-0.5852381,-1.8143604,2.3311782,2101,-6137,-1238,126.06,-368.22,-74.28,0,0,0,0,0,0,0,0,0,0,0,1,59996D09E8037102C3F821FE33FA740719AC6D091804860209F981FE27FBD907F2BE6D091204910275F9C6FE5AFC1B08350807E82AFB200000184048
2026-09-12T15:44:57.4232655+00:00,8935,158206475,Connected,-1,24,421,803,-2002,2.0159178,3.845088,-9.586384,-72,-240,1690,-0.08796899,-0.29322997,2.0648277,2160,-6107,-1351,129.59999,-366.41998,-81.06,137,313,0.43492064,0.9936508,1,0,0,0,0,0,0,1,0B0A6E09A50123032EF8B8FF10FF9A06CB1C6E091A01690387F8440001FF0E058B2F6E09490158031CF9D8006CFE6803700825E8B9FA122539184048
2026-09-12T15:44:57.4399246+00:00,8936,158220875,Connected,-1,24,484,770,-1612,2.3175871,3.6870706,-7.7189064,341,-650,496,0.4166309,-0.7941645,0.6060086,2196,-6096,-1417,131.76,-365.75998,-85.02,137,313,0.43492064,0.9936508,1,0,0,0,0,0,0,1,4B426E09E4010203B4F9550176FDF0010B556E09A502620228FAAA0148FCCA00E4676E093303E10198FAE2012FFB0300940830E877FA122539184048
2026-09-12T15:44:57.4566299+00:00,8937,158235300,Connected,-1,24,805,426,-1300,3.8546648,2.0398598,-6.2249246,519,-1549,-100,0.6341098,-1.892555,-0.12217915,2213,-6091,-1445,132.78,-365.46,-86.7,142,313,0.45079365,0.9936508,1,0,0,0,0,0,0,1,A47A6E092503AA01ECFA0702F3F99CFF648D6E09C8027C0109FB2B0223F896FF24A06E098C022701BDFA5E02C0F5F0FFA50835E85BFA123939184048
2026-09-12T15:44:57.4733215+00:00,8938,158249725,Connected,-1,24,664,232,-1516,3.1794999,1.1109096,-7.2592196,685,-3304,146,0.8369272,-4.036799,0.17838156,2251,-6087,-1492,135.06,-365.22,-89.52,160,315,0.50793654,1,1,0,0,0,0,0,0,1,FDB26E099802E80014FAAD0218F39200BDC56E09CD02D3006FF9180399F05A017DD86E091D032001E0F88A03CFEE2A02CB0839E82CFA12813B184048
2026-09-12T15:44:57.4899121+00:00,8939,158264125,Connected,-1,24,747,422,-1847,3.5769374,2.0207062,-8.844181,1005,-4675,749,1.2279005,-5.7118754,0.91512185,2251,-6087,-1492,135.06,-365.22,-89.52,180,313,0.5714286,0.9936508,1,0,0,0,0,0,0,1,3DEB6E09EB02A601C9F8ED03BDEDED0216FE6E09A4020D02B6F83704F1EC9C03D6106F092702310296F868047AEC1004CB0839E82CFA12D139184048
2026-09-12T15:44:57.5066415+00:00,8940,158278550,Connected,-1,24,358,504,-1914,1.7142484,2.4133554,-9.165004,1163,-5129,1098,1.4209435,-6.2665687,1.3415271,2251,-6087,-1492,135.06,-365.22,-89.52,205,308,0.6507937,0.9777778,1,0,0,0,0,0,0,1,96236F096601F80186F88B04F7EB4A0456366F09F200CD016AF8B80424EB49042F496F09B200C6017BF8E20456EA0E04CB0839E82CFA133534184048
2026-09-12T15:44:57.5232860+00:00,8941,158292975,Connected,-1,24,112,428,-1852,0.5363012,2.0494366,-8.868123,1256,-5691,924,1.5345701,-6.9532156,1.1289353,2251,-6087,-1492,135.06,-365.22,-89.52,0,0,0,0,0,0,0,0,0,0,0,1,EF5B6F097000AC01C4F8E804C5E99C03AF6E6F0978009B01D4F8A304D1E9ED026F816F094100910157F9E8039BEA0902CB0839E82CFA000000184048
2026-09-12T15:44:57.5399105+00:00,8943,158321800,Connected,-1,24,-109,295,-1727,-0.521936,1.412579,-8.269572,-77,-4919,-306,-0.094077945,-6.009992,-0.3738682,2346,-6094,-1574,140.76,-365.63998,-94.439995,0,0,0,0,0,0,0,0,0,0,0,1,88CC6F0993FF270141F9B3FFC9ECCEFE48DF6F09C0FF5101E2F80BFF5CED46FE08F26F0998FF6E01E6F89BFEFBEDE2FD2A0932E8DAF9200000184048
2026-09-12T15:44:57.5565800+00:00,8944,158336200,Connected,-1,24,-177,395,-1850,-0.8475474,1.8914193,-8.858546,-428,-4495,-618,-0.52292675,-5.491953,-0.75506717,2383,-6096,-1601,142.98,-365.75998,-96.06,0,0,0,0,0,0,0,0,0,0,0,1,C80470094FFF8B01C6F854FE71EE96FD8817700937FFBD0169F824FEB5EE52FD612A70092AFFFB01EBF70FFE07EF24FD4F0930E8BFF9200000184048
2026-09-12T15:44:57.5732649+00:00,8945,158350625,Connected,-1,24,-333,567,-2100,-1.5945383,2.7150247,-10.055647,-484,-4225,-755,-0.5913471,-5.162069,-0.92245257,2461,-6105,-1651,147.66,-366.3,-99.06,0,0,0,0,0,0,0,0,0,0,0,1,213D7009B3FE3702CCF71CFE7FEF0DFDE14F700939FE7602CFF72FFEDBEF04FDA1627009CAFDBA02D0F73AFE32F00BFD9D0927E88DF9200000184048
2026-09-12T15:44:57.5899692+00:00,8946,158365025,Connected,-1,24,-617,727,-2114,-2.954445,3.4811692,-10.1226845,-468,-3902,-721,-0.57179844,-4.7674303,-0.88091165,2503,-6109,-1677,150.18,-366.53998,-100.619995,0,0,0,0,0,0,0,0,0,0,0,1,6175700997FDD702BEF72CFEC2F02FFD2188700992FDD2027FF711FEC6F16BFDFA9A7009B1FDDC0259F7F9FD3CF3B9FDC70923E873F9200000184048
2026-09-12T15:44:57.6066027+00:00,8947,158379450,Connected,-1,24,-544,704,-2213,-2.6048915,3.371036,-10.596737,-520,-2758,-485,-0.6353316,-3.369701,-0.5925689,2596,-6113,-1722,155.76,-366.78,-103.32,0,0,0,0,0,0,0,0,0,0,0,1,BAAD7009E0FDC0025BF7F8FD3AF51BFE7AC0700937FE8C023FF7FAFDA8F786FE3AD37009E6FE430217F712FE6BFA01FF240A1FE846F9200000184048
2026-09-12T15:44:57.6232994+00:00,8948,158393850,Connected,-1,24,88,459,-2538,0.4213795,2.1978772,-12.152967,-384,-866,-37,-0.46916795,-1.0580714,-0.045206286,2644,-6113,-1742,158.64,-366.78,-104.52,0,0,0,0,0,0,0,0,0,0,0,1,FAE570095800CB0116F680FE9EFCDBFFBAF870093B00530116F5B0FF47FD6B01930B710924FFFE006EF6820138FC2803540A1FE832F9200000184048
2026-09-12T15:44:57.6399131+00:00,8949,158408275,Connected,-1,24,-301,78,-2312,-1.4413095,0.37349546,-11.070788,815,-1352,1125,0.9957601,-1.6518621,1.3745154,2745,-6113,-1778,164.7,-366.78,-106.68,0,0,0,0,0,0,0,0,0,0,0,1,531E7109D3FE4E00F8F62F03B8FA650413317109E1FD34007FF79004DAF91405D34371091DFD940009F87305A4F93B05B90A1FE80EF9200000184048
2026-09-12T15:44:57.6565932+00:00,8951,158437100,Connected,-1,24,-790,734,-1689,-3.7828386,3.514688,-8.087613,908,-1277,899,1.1093867,-1.5602278,1.0983906,2900,-6118,-1830,174,-367.08,-109.799995,0,0,0,0,0,0,0,0,0,0,0,1,EC8E7109EAFCDE0267F98C0303FB8303ACA1710917FDC30246F939022FFA57036CB4710923FD5302E4F8E7006EF94503540B1AE8DAF8200000184048
2026-09-12T15:44:57.6732894+00:00,8952,158451525,Connected,-1,24,-638,558,-1957,-3.0550013,2.6719291,-9.370906,-48,-1699,796,-0.058645993,-2.0758238,0.97254604,2950,-6121,-1842,177,-367.25998,-110.52,0,0,0,0,0,0,0,0,0,0,0,1,45C7710982FD2E025BF8D0FF5DF91C0305DA710960FD1D0238F8F1FE14FAE802C5EC710916FD160229F866FEF9FAB102860B17E8CEF8200000184048
2026-09-12T15:44:57.6899191+00:00,8953,158465925,Connected,-1,24,-797,582,-1973,-3.8163576,2.7868507,-9.44752,-458,-1099,628,-0.5595805,-1.3427489,0.76728505,3016,-6122,-1842,180.95999,-367.31998,-110.52,0,0,0,0,0,0,0,0,0,0,0,1,85FF7109E3FC46024BF836FEB5FB74025E127209ABFC8F02BBF84CFE11FC3C021E2572099BFCAC0216F989FE0BFC1502C80B16E8CEF8200000184048
2026-09-12T15:44:57.7065770+00:00,8954,158480350,Connected,-1,24,-867,703,-1719,-4.1515455,3.3662477,-8.231265,-304,-1057,528,-0.37142462,-1.2914336,0.6451059,3048,-6123,-1841,182.87999,-367.38,-110.46,0,0,0,0,0,0,0,0,0,0,0,1,DE3772099DFCBF0249F9D0FEDFFB10029E4A720985FCAF024DF90DFFA3FB31025E5D72094BFC940235F93AFF7CFB7702E80B15E8CFF8200000184048
2026-09-12T15:44:57.7232640+00:00,8955,158494775,Connected,-1,24,-1014,623,-1796,-4.855441,2.9831753,-8.599973,-179,-1128,713,-0.21870068,-1.3781809,0.8711373,3072,-6124,-1838,184.31999,-367.44,-110.28,0,0,0,0,0,0,0,0,0,0,0,1,377072090AFC6F02FCF84DFF98FBC902F7827209BDFB2C02DDF847FFEBFB1B03B7957209A5FBCE01BFF83AFFD5FB7403000C14E8D2F8200000184048
2026-09-12T15:44:57.7399218+00:00,8957,158523600,Connected,-1,24,-870,469,-1855,-4.1659107,2.2457612,-8.882488,-110,-2117,1199,-0.13439706,-2.5865326,1.464928,3135,-6127,-1825,188.09999,-367.62,-109.5,0,0,0,0,0,0,0,0,0,0,0,1,D0E072099AFCD501C1F892FFBBF7AF0490F37209ABFC0D02BDF8A8FF19F70105500673097CFC440217F9BFFFFAF63A053F0C11E8DFF8200000184048
2026-09-12T15:44:57.7565850+00:00,8958,158538000,Connected,-1,24,-968,608,-1642,-4.6351743,2.9113493,-7.8625584,-55,-2260,1360,-0.06719853,-2.7612488,1.6616365,3169,-6129,-1812,190.14,-367.74,-108.72,0,0,0,0,0,0,0,0,0,0,0,1,1019730938FC600296F9C9FF2CF75005E92B7309FEFB8502D1F9C4FFC1F73A05A93E7309C8FBE002FAF9BCFF92F8FD04610C0FE8ECF8200000184048
2026-09-12T15:44:57.7732508+00:00,8959,158552425,Connected,-1,24,-1123,864,-1480,-5.377377,4.1371803,-7.086837,-78,-1688,1198,-0.095299736,-2.0623841,1.4637063,3184,-6131,-1805,191.04,-367.86,-108.299995,0,0,0,0,0,0,0,0,0,0,0,1,695173099DFB600338FAB2FF68F9AE04296473097AFBA7036DFA9DFF1FFA66040277730975FB650329FA85FFB0FA2304700C0DE8F3F8200000184048
2026-09-12T15:44:57.8065898+00:00,8961,158581250,Connected,-1,24,-975,643,-1596,-4.6686935,3.0789435,-7.642292,274,-199,326,0.33477086,-0.24313651,0.39830402,3233,-6135,-1780,193.98,-368.1,-106.799995,0,0,0,0,0,0,0,0,0,0,0,1,02C2730931FC8302C4F9120139FF4601DBD47309B4FBC10238FAE301040042009BE7730975FB960271FA5C0272FFBCFFA10C09E80CF9200000184048
2026-09-12T15:44:57.8232417+00:00,8963,158610725,Connected,-1,24,-1218,494,-1456,-5.8322754,2.3654714,-6.9719152,539,-954,-228,0.6585456,-1.1655891,-0.27856845,3266,-6130,-1754,195.95999,-367.8,-105.24,0,0,0,0,0,0,0,0,0,0,0,1,253574093EFBEE0150FA1B0246FC1CFF744574092BFBD70107FA290286FB05FF3458740927FB1A020CFA360222FBBFFEC20C0EE826F9200000184048
2026-09-12T15:44:57.8565823+00:00,8964,158624500,Connected,-1,24,-1317,647,-1453,-6.3063273,3.098097,-6.95755,533,-1303,-430,0.65121484,-1.5919943,-0.52537036,3278,-6130,-1747,196.68,-367.8,-104.82,0,0,0,0,0,0,0,0,0,0,0,1,F46A7409DBFA870253FA1502E9FA52FEB47D7409DBFAB20239FAA80175FAD8FD8D907409C2FACB020EFA1601A9F965FDCE0C0EE82DF9200000184048
2026-09-12T15:44:57.8732508+00:00,8965,158638925,Connected,-1,24,-1404,760,-1605,-6.7229185,3.6391866,-7.6853876,129,-1937,-740,0.1576111,-2.36661,-0.9041257,3301,-6133,-1730,198.06,-367.97998,-103.799995,0,0,0,0,0,0,0,0,0,0,0,1,4DA3740984FAF802BBF981006FF81CFD0DB674091AFA54039FF9E1FF1BF713FDCDC874099EF98403D7F947FF6FF557FDE50C0BE83EF9200000184048
2026-09-12T15:44:57.8899099+00:00,8967,158667750,Connected,-1,24,-990,610,-1323,-4.7405195,2.920926,-6.3350577,-433,-3889,-192,-0.5290357,-4.7515473,-0.23458397,3349,-6144,-1700,200.94,-368.63998,-102,0,0,0,0,0,0,0,0,0,0,0,1,E613750922FC6202D5FA4FFECFF040FFA62675091CFC870226FBE0FD41F1F0FF7F3975098FFBA7029BFB5CFD00F2A500150D00E85CF9200000184048
2026-09-12T15:44:57.9065825+00:00,8968,158682175,Connected,-1,24,-1292,627,-1086,-6.1866174,3.0023289,-5.2002063,-793,-3444,321,-0.96888065,-4.20785,0.39219508,3365,-6147,-1689,201.9,-368.81998,-101.34,0,0,0,0,0,0,0,0,0,0,0,1,3F4C7509F4FA7302C2FBE7FC8CF24101FF5E750954FA2B02CCFBA4FCD8F2B401BF71750987F9FF01E2FBA0FCB8F2EE01250DFDE767F9200000184048
2026-09-12T15:44:57.9232507+00:00,8969,158696575,Connected,-1,24,-1765,548,-957,-8.451532,2.6240451,-4.582502,-824,-3529,495,-1.0067562,-4.3117023,0.6047868,3402,-6159,-1663,204.12,-369.53998,-99.78,0,0,0,0,0,0,0,0,0,0,0,1,7F8475091BF9240243FCC8FC37F2EF01589775095DF9EA0227FD02FD16F1DE0118AA750966F96903B3FD54FDEBEEE6014A0DF1E781F9200000184048
2026-09-12T15:44:57.9399198+00:00,8970,158711000,Connected,-1,24,-1688,880,-548,-8.082825,4.213795,-2.6240451,-576,-5156,513,-0.7037519,-6.2995567,0.626779,3423,-6164,-1649,205.37999,-369.84,-98.939995,0,0,0,0,0,0,0,0,0,0,0,1,D8BC750968F97003DCFDC0FDDCEB010298CF750910F9260389FD35FE6DE8130271E2750963F8AE02E8FCABFEFFE408025F0DECE78FF9200000184048
2026-09-12T15:44:57.9565727+00:00,8971,158725425,Connected,-1,24,-2097,597,-868,-10.041282,2.858677,-4.156334,-201,-7706,458,-0.24558009,-9.415125,0.5595805,3471,-6181,-1611,208.26,-370.86,-96.659996,0,0,0,0,0,0,0,0,0,0,0,1,31F57509CFF755029CFC37FFE6E1CA01F107760949F7FE017EFCD7FFEADE7001B11A7609A7F6BE01B1FC93002BDCFB008F0DDBE7B5F9200000184048
2026-09-12T15:44:57.9732467+00:00,8973,158754250,Connected,-1,24,-2039,297,119,-9.763555,1.4221559,0.56982,1144,-12640,-2,1.3977295,-15.443444,-0.002443583,3576,-6232,-1503,214.56,-373.91998,-90.18,0,0,0,0,0,0,0,0,0,0,0,1,CA65760909F8290177007804A0CEFEFFA378760903F9F000BD017E05A4CA56004A8B7609E7F90E0184033D069AC7E700F80DA8E721FA200000184048
2026-09-12T15:44:57.9899288+00:00,8974,158768675,Connected,-1,24,-1412,293,1146,-6.7612257,1.4030021,5.48751,1658,-14977,425,2.0257304,-18.29877,0.51926136,3614,-6260,-1446,216.84,-375.6,-86.759995,0,0,0,0,0,0,0,0,0,0,0,1,239E76097CFA25017A047A067FC5A901E3B076093DFA04019404650682C48302A3C3760945F9AC00BF03AE06E7C331031E0E8CE75AFA200000184048
2026-09-12T15:44:58.0065906+00:00,8975,158783075,Connected,-1,24,-2161,50,584,-10.34774,0.23942018,2.7964275,1880,-15447,854,2.296968,-18.873013,1.04341,3650,-6293,-1377,219,-377.58,-82.619995,0,0,0,0,0,0,0,0,0,0,0,1,63D676098FF7320048025807A9C356033CE97609A1F50D00B00154086CC48402FCFB76095DF444009E02570944C59600420E6BE79FFA200000184048
2026-09-12T15:44:58.0232419+00:00,8976,158797500,Connected,-1,24,-2853,274,1127,-13.661315,1.3120226,5.3965306,2440,-14526,-551,2.9811711,-17.747744,-0.6732071,3705,-6365,-1206,222.29999,-381.9,-72.36,0,0,0,0,0,0,0,0,0,0,0,1,BC0E7709DBF412016704880942C7D9FD7C21770974F70402B005820821CBCFFA3C3477094DFA91037D06820648D00BF8790E23E74AFB200000184048
2026-09-12T15:44:58.0399231+00:00,8977,158811925,Connected,-1,24,-1106,2045,1781,-5.2959743,9.792285,8.528147,1079,-10914,-2293,1.318313,-13.334632,-2.8015678,3724,-6404,-1108,223.44,-384.24,-66.479996,0,0,0,0,0,0,0,0,0,0,0,1,15477709AEFBFD07F50637045ED50BF7D559770951FDD3052705E6021DD93FF9956C770931FD5C05DF033F02A1DC8EFB8C0EFCE6ACFB200000184048
2026-09-12T15:44:58.0565832+00:00,8979,158840750,Connected,-1,24,-1093,582,1418,-5.233725,2.7868507,6.789956,1334,-6763,183,1.6298698,-8.262976,0.22358784,3725,-6536,-800,223.5,-392.16,-48,0,0,0,0,0,0,0,0,0,0,0,1,AEB77709BBFB46028A05360595E5B7006ECA770996FB29024B06F404B6E86B002EDD7709B5FB2A02B806460474ECC4FF8D0E78E6E0FC200000184048
2026-09-12T15:44:58.0899141+00:00,8980,158855175,Connected,-1,24,-992,592,1748,-4.7500963,2.834735,8.37013,850,-3962,-266,1.0385227,-4.840738,-0.32499653,3696,-6621,-592,221.76,-397.25998,-35.52,0,0,0,0,0,0,0,0,0,0,0,1,07F0770920FC5002D406520386F0F6FEC702780999FC7F0299065002CEF442FE8715780985FDC40259067501C7F8ECFD700E23E6B0FD200000184048
2026-09-12T15:44:58.1065820+00:00,8981,158869575,Connected,-1,24,-431,762,1674,-2.0638018,3.6487634,8.015787,256,-1115,-440,0.31277862,-1.3622975,-0.53758824,3676,-6662,-491,220.56,-399.72,-29.46,0,0,0,0,0,0,0,0,0,0,0,1,4728780951FEFA028A060001A5FB48FE073B78099AFE40033C07BC001FFD4EFFE04D7809F5FD76031E085C00D3FCC2005C0EFAE515FE200000184048
2026-09-12T15:44:58.1232903+00:00,8983,158899675,Connected,-1,24,-258,843,1302,-1.2354081,4.036624,6.2345014,-673,-1383,994,-0.8222657,-1.6897377,1.2144607,3583,-6777,-210,214.98,-406.62,-12.599999,0,0,0,0,0,0,0,0,0,0,0,1,DB9D7809FEFE4B0316055FFD99FAE203B9AB78090FFF50032D055CFD00FDD40379BE7809D9FE6803190690FDFCFEC603FF0D87E52EFF200000184048
2026-09-12T15:44:58.1399204+00:00,8984,158913350,Connected,-1,24,-350,904,1708,-1.6759412,4.3287168,8.178593,-555,-39,959,-0.67809427,-0.047649868,1.1716981,3498,-6834,-59,209.87999,-410.03998,-3.54,0,0,0,0,0,0,0,0,0,0,0,1,46D37809A2FE8803AC06D5FDD9FFBF03F9E37809B1FEAD0360071EFEFCFFCB03B9F67809A6FEC303F1074CFEBEFF0104AA0D4EE5C5FF200000184048
2026-09-12T15:44:58.1565732+00:00,8985,158927250,Connected,-1,24,-409,917,2137,-1.958457,4.390966,10.232818,-416,-222,1100,-0.50826526,-0.2712377,1.3439707,3453,-6856,-1,207.18,-411.36,-0.06,0,0,0,0,0,0,0,0,0,0,0,1,9209790967FE9503590860FE22FF4C04521C79096BFE5D03590862FE20FE8404122F790989FE6B03E80761FE63FDA4047D0D38E5FFFF200000184048
2026-09-12T15:44:58.1732769+00:00,8986,158941650,Connected,-1,24,-358,915,1906,-1.7142484,4.381389,9.126697,-435,-700,1213,-0.5314793,-0.85525405,1.4820331,3408,-6871,46,204.48,-412.25998,2.76,0,0,0,0,0,0,0,0,0,0,0,1,D24179099AFE930372074DFE44FDBD04AB547909BDFE8603E10649FE80FDD2046B6779092EFF7B03370669FE3AFEED04500D29E52E00200000184048
2026-09-12T15:44:58.1899113+00:00,8987,158956075,Connected,-1,24,-150,862,1454,-0.7182605,4.1276035,6.9623384,-348,-125,1322,-0.42518345,-0.15272394,1.6152084,3332,-6894,108,199.92,-413.63998,6.48,0,0,0,0,0,0,0,0,0,0,0,1,2B7A79096AFF5E03AE05A4FE83FF2A05EB8C7909EBFE0E03F90503FF04016D05AB9F79099DFE7902D60675FFCF016F05040D12E56C00200000184048
2026-09-12T15:44:58.2066126+00:00,8989,158984900,Connected,-1,24,-273,533,2048,-1.3072342,2.552219,9.80665,497,516,1247,0.60723037,0.6304444,1.523574,3260,-6901,147,195.59999,-414.06,8.82,0,0,0,0,0,0,0,0,0,0,0,1,C4EA7909EFFE15020008F1010402DF0484FD79093EFF7F022D0885025F01E3045D107A096BFFDE024908E102E700E004BC0C0BE59300200000184048
2026-09-12T15:44:58.2232415+00:00,8990,158999325,Connected,-1,24,-128,776,2076,-0.61291564,3.715801,9.940725,798,94,1261,0.9749896,0.1148484,1.5406791,3249,-6901,152,194.94,-414.06,9.12,0,0,0,0,0,0,0,0,0,0,0,1,1D237A0980FF08031C081E035E00ED04DD357A097AFF0403CD075B03D6FF13059D487A0939FFE5027707BE0356FF4A05B10C0BE59800200000184048
2026-09-12T15:44:58.2398946+00:00,8991,159013750,Connected,-1,24,-293,709,1842,-1.4030021,3.394978,8.820239,1108,-343,1415,1.353745,-0.41907448,1.728835,3231,-6898,162,193.86,-413.88,9.719999,0,0,0,0,0,0,0,0,0,0,0,1,765B7A09DBFEC50232075404A9FE8705366E7A09B6FEC9021A071105C5FDBA05F6807A09C5FED9022407DA05B6FCD6059F0C0EE5A200200000184048
2026-09-12T15:44:58.2565749+00:00,8992,159028150,Connected,-1,24,-250,763,1899,-1.1971009,3.6535518,9.093178,1656,-1104,1498,2.0232868,-1.3488578,1.8302437,3224,-6893,166,193.44,-413.58,9.96,0,0,0,0,0,0,0,0,0,0,0,1,B6937A0906FFFB026B077806B0FBDA0576A67A093FFF1B03E207BF06B9FACA054FB97A0956FF2D032508AE06ACF9AA05980C13E5A600200000184048
2026-09-12T15:44:58.2732635+00:00,8993,159042575,Connected,-1,24,-169,820,2114,-0.80924016,3.9264908,10.1226845,1630,-1868,1403,1.9915202,-2.2823064,1.7141734,3206,-6879,177,192.36,-412.74,10.62,0,0,0,0,0,0,0,0,0,0,0,1,0FCC7A0957FF340342085E06B4F87B05CFDE7A0953FF59036708E0051AF846058FF17A0965FF96035B083A05D6F71405860C21E5B100200000184048
2026-09-12T15:44:58.2899575+00:00,8995,159071400,Connected,-1,24,-15,1241,1918,-0.07182605,5.9424086,9.184157,453,-841,965,0.55347157,-1.0275266,1.1790287,3189,-6857,182,191.34,-411.41998,10.92,0,0,0,0,0,0,0,0,0,0,0,1,A83C7B09F1FFD9047E07C501B7FCC503684F7B092E00E0045907F00068FE600341627B097300A40418073800D5FF0C03750C37E5B600200000184048
2026-09-12T15:44:58.3065797+00:00,8996,159085825,Connected,-1,24,139,1086,1752,0.6655881,5.2002063,8.389283,-81,276,715,-0.09896511,0.33721444,0.87358093,3171,-6831,188,190.26,-409.86,11.28,0,0,0,0,0,0,0,0,0,0,0,1,01757B098B003E04D806AFFF1401CB02C1877B097900B303A2065FFFFD019202819A7B094800050370064BFF80024E02630C51E5BC00200000184048
2026-09-12T15:44:58.3232575+00:00,8997,159100250,Connected,-1,24,-12,637,1644,-0.05746084,3.0502129,7.872135,-133,687,486,-0.16249827,0.8393707,0.59379065,3163,-6819,192,189.78,-409.13998,11.5199995,0,0,0,0,0,0,0,0,0,0,0,1,5AAD7B09F4FF7D026C067BFFAF02E6011AC07B0959FF12029E06DBFF9A024101DAD27B09D3FE6801D7065E0042025B005B0C5DE5C000200000184048
2026-09-12T15:44:58.3400574+00:00,8998,159114650,Connected,-1,24,-300,55,1794,-1.436521,0.2633622,8.590396,290,414,-131,0.35431954,0.5058217,-0.16005468,3149,-6793,194,188.94,-407.58,11.639999,0,0,0,0,0,0,0,0,0,0,0,1,9AE57B09D4FE3700020722019E017DFF5AF87B09C3FEFAFF34074902620017FF330B7C090BFF63000F07A503D1FE00FF4D0C77E5C200200000184048
2026-09-12T15:44:58.3566580+00:00,8999,159129075,Connected,-1,24,-57,310,1753,-0.272939,1.484405,8.394072,1282,-664,-215,1.5663368,-0.8112695,-0.26268518,3144,-6780,197,188.64,-406.8,11.82,0,0,0,0,0,0,0,0,0,0,0,1,F31D7C09C7FF3601D906020568FD29FFB3307C09BE002002D1063F0676FCA6FF73437C099101D3021C074A07FCFB8C00480C84E5C500200000184048
2026-09-12T15:44:58.3733210+00:00,9000,159143500,Connected,-1,24,498,833,1948,2.384625,3.98874,9.32781,2096,-1111,478,2.560875,-1.3574103,0.5840163,3126,-6745,200,187.56,-404.69998,12,0,0,0,0,0,0,0,0,0,0,0,1,4C567C09F20141039C073008A9FBDE010C697C09E201A3031808EF081FFB8003CC7B7C0931012104970877094FFA4205360CA7E5C800200000184048
2026-09-12T15:44:58.3899869+00:00,9001,159157900,Connected,-1,24,51,1212,2251,0.24420857,5.803545,10.778696,2473,-1654,1770,3.0214903,-2.020843,2.162571,3115,-6726,202,186.9,-403.56,12.12,0,0,0,0,0,0,0,0,0,0,0,1,8C8E7C093300BC04CB08A9098AF9EA064CA17C0952FF75051F0972092CF93C0825B47C090B005906C008B00876F9F7082B0CBAE5CA00200000184048
2026-09-12T15:44:58.4067142+00:00,9002,159172325,Connected,-1,24,73,1814,2144,0.34955344,8.686164,10.266336,1925,-1392,2382,2.3519487,-1.7007338,2.9103074,3090,-6685,202,185.4,-401.1,12.12,0,0,0,0,0,0,0,0,0,0,0,1,E5C67C09490016076008850790FA4E09A5D97C0928008D07AF07130665FCF80865EC7C094400E107F9068E04E4FEDC07120CE3E5CA00200000184048
2026-09-12T15:44:58.4233403+00:00,9003,159186725,Connected,-1,24,125,2100,1730,0.59855044,10.055647,8.283937,781,352,1668,0.95421916,0.4300706,2.0379481,3077,-6667,203,184.62,-400.02,12.179999,0,0,0,0,0,0,0,0,0,0,0,1,25FF7C097D003408C2060D0360018406FE117D092C0061082F07AA01DE024D05BE247D09DFFF0608D707790085023204050CF5E5CB00200000184048
2026-09-12T15:44:58.4399931+00:00,9004,159201150,Connected,-1,24,67,1991,2232,0.320823,9.533711,10.6877165,-156,85,835,-0.19059947,0.10385228,1.0201958,3057,-6635,200,183.42,-398.1,12,0,0,0,0,0,0,0,0,0,0,0,1,7E377D094300C707B80864FF55004303574A7D090102F806920879FEF8FC8102175D7D091F036605F00709FEC3FA0002F10B15E6C800200000184048
2026-09-12T15:44:58.4566680+00:00,9006,159230000,Connected,-1,24,594,883,1972,2.8443117,4.2281604,9.442732,-207,-2321,92,-0.25291085,-2.835778,0.112404816,3040,-6611,197,182.4,-396.66,11.82,0,0,0,0,0,0,0,0,0,0,0,1,30A87D0952027303B40731FFEFF65C00F0BA7D09DE017903B107E3FE8DF5B9FFB0CD7D09EA010F04F0070EFE3FF404FFE00B2DE6C500200000184048
2026-09-12T15:44:58.4734372+00:00,9007,159244400,Connected,-1,24,355,1194,2032,1.6998832,5.717354,9.730036,-817,-3384,-379,-0.99820364,-4.1345425,-0.46305898,3016,-6590,196,180.95999,-395.4,11.759999,0,0,0,0,0,0,0,0,0,0,0,1,70E07D096301AA04F007CFFCC8F285FE30F37D096500A00408075FFBE5F022FE09067E097A00FE041B06FCF959EFA9FDC80B42E6C400200000184048
2026-09-12T15:44:58.4900156+00:00,9008,159258825,Connected,-1,24,270,1385,1474,1.292869,6.631939,7.0581064,-1861,-4493,-681,-2.273754,-5.489509,-0.83204,3000,-6579,195,180,-394.74,11.7,0,0,0,0,0,0,0,0,0,0,0,1,C9187E090E016905C205BBF873EE57FD892B7E0950019905560599F70BEE45FD493E7E09A8010206A804B4F651EE55FDB80B4DE6C300200000184048
2026-09-12T15:44:58.5067078+00:00,9009,159273250,Connected,-1,24,667,1749,981,3.193865,8.374918,4.697424,-2441,-4179,-619,-2.982393,-5.1058664,-0.75628895,2955,-6566,193,177.3,-393.96,11.58,0,0,0,0,0,0,0,0,0,0,0,1,22517E099B02D506D50377F6ADEF95FDE2637E09C4032F07CE02ADF780F226FEA2767E09FC03B805A802B7FAC4F602FF8B0B5AE6C100200000184048
2026-09-12T15:44:58.5233439+00:00,9010,159287650,Connected,-1,24,875,903,827,4.189853,4.3239284,3.9600096,-429,-1481,21,-0.5241485,-1.8094732,0.025657622,2928,-6563,189,175.68,-393.78,11.34,0,0,0,0,0,0,0,0,0,0,0,1,62897E096B0387033B0353FE37FA15003B9C7E09CC02D6018A046C0196FCBD00FBAE7E0998020F02060742030FFE6E00700B5DE6BD00200000184048
2026-09-12T15:44:58.5566656+00:00,9013,159330900,Connected,-1,24,738,1424,1830,3.5338416,6.8186865,8.762778,693,-903,-1012,0.8467015,-1.1032777,-1.2364529,2824,-6563,172,169.44,-393.78,10.32,0,0,0,0,0,0,0,0,0,0,0,1,54327F09E20290052607B50279FC0CFC14457F09FE03AC059306600250FB44FCED577F091604D605D8051E02B9FACDFC080B5DE6AC00200000184048
2026-09-12T15:44:58.5733392+00:00,9014,159345325,Connected,-1,24,912,1402,1552,4.367024,6.7133417,7.431602,499,-1325,-684,0.609674,-1.6188737,-0.8357054,2806,-6565,167,168.36,-393.9,10.0199995,0,0,0,0,0,0,0,0,0,0,0,1,AD6A7F0990037A051006F301D3FA54FD6D7D7F099102AF047005B701E6FABBFD2D907F0992012004A904A20104FBD1FDF60A5BE6A700200000184048
2026-09-12T15:44:58.6066661+00:00,9017,159388575,Connected,-1,24,683,1391,1454,3.2704794,6.6606693,6.9623384,487,1654,-594,0.5950125,2.020843,-0.7257441,2743,-6566,148,164.58,-393.96,8.88,0,0,0,0,0,0,0,0,0,0,0,1,9F138009AB026F05AE05E7017606AEFD5F268009740286059005C60115077CFD1F3980096F02B00560059F01C2076CFDB70A5AE69400200000184048
2026-09-12T15:44:58.6400010+00:00,9018,159402975,Connected,-1,24,623,1452,1387,2.9831753,6.9527617,6.6415157,400,2156,-649,0.4887166,2.6341825,-0.7929427,2730,-6565,140,163.8,-393.9,8.4,0,0,0,0,0,0,0,0,0,0,0,1,DF4B80096F02AC056B0590016C0877FDB85E800979029D059905A201D408A1FD787180097E02A8050E06B901EF08F3FDAA0A5BE68C00200000184048
2026-09-12T15:44:58.6566707+00:00,9019,159417400,Connected,-1,24,584,1436,1671,2.7964275,6.8761473,8.001422,434,2254,-405,0.5302575,2.753918,-0.49482554,2730,-6562,138,163.8,-393.72,8.28,0,0,0,0,0,0,0,0,0,0,0,1,3884800948029C058706B201CE086BFEF8968009E8016705AF0686017308E6FEB8A98009B7014305AC064D01F5074AFFAA0A5EE68A00200000184048
2026-09-12T15:44:58.6734021+00:00,9021,159446225,Connected,-1,24,435,1322,1700,2.0829554,6.3302693,8.1402855,311,1487,127,0.37997717,1.8168039,0.15516752,2755,-6540,132,165.3,-392.4,7.9199996,0,0,0,0,0,0,0,0,0,0,0,1,D1F48009B3012A05A4063701CF057F00910781095D01FF047D063B015005B0006A1A81093C015304B9063401D1049F00C30A74E68400200000184048
2026-09-12T15:44:58.6899899+00:00,9022,159460650,Connected,-1,24,276,1090,1647,1.3215994,5.21936,7.8865004,303,1094,57,0.3702028,1.3366399,0.06964211,2780,-6526,131,166.8,-391.56,7.8599997,0,0,0,0,0,0,0,0,0,0,0,1,2A2D8109140142046F062F0146043900EA3F8109FC006304600611013E04B0FFAA528109F800A7044006D200900418FFDC0A82E68300200000184048
2026-09-12T15:44:58.7066550+00:00,9023,159475050,Connected,-1,24,248,1320,1488,1.1875241,6.3206925,7.1251445,139,1298,-361,0.16982901,1.5858854,-0.44106674,2793,-6520,130,167.58,-391.19998,7.7999997,0,0,0,0,0,0,0,0,0,0,0,1,6A658109F8002805D0058B00120597FE437881097700880559048500D60531FE038B8109D300C105BF05D5009606D4FDE90A88E68200200000184048
2026-09-12T15:44:58.7233123+00:00,9024,159489475,Connected,-1,24,357,1532,1532,1.70946,7.335834,7.335834,225,1776,-563,0.2749031,2.1699016,-0.6878686,2821,-6511,132,169.26,-390.66,7.9199996,0,0,0,0,0,0,0,0,0,0,0,1,C39D81096501FC05FC05E100F006CDFD83B081091301D205F505DF005A0700FE5CC38109BC0060053506EE007F071BFE050B91E68400200000184048
2026-09-12T15:44:58.7399707+00:00,9025,159503975,Connected,-1,24,107,1285,1564,0.51235914,6.1530986,7.489063,276,1846,-503,0.33721444,2.2554271,-0.61456114,2839,-6506,135,170.34,-390.36,8.099999,0,0,0,0,0,0,0,0,0,0,0,1,67D681096B0005051C061401360709FEDCE881095200D604E5064301C606DAFDB5FB81096600CE0483074B011206ACFD170B96E68700200000184048
2026-09-12T15:44:58.7566753+00:00,9027,159532725,Connected,-1,24,320,1436,1837,1.532289,6.8761473,8.796297,285,1092,-566,0.34821057,1.3341963,-0.691534,2901,-6495,139,174.06,-389.69998,8.34,0,0,0,0,0,0,0,0,0,0,0,1,B546820940019C052D071D014404CAFD7559820948019F053307F900DB032EFE356C820917014E05E206E600960393FE550BA1E68B00200000184048
2026-09-12T15:44:58.7733148+00:00,9028,159547150,Connected,-1,24,219,1271,1794,1.0486604,6.0860605,8.590396,225,818,-297,0.2749031,0.9994254,-0.36287206,2920,-6491,140,175.2,-389.46,8.4,0,0,0,0,0,0,0,0,0,0,0,1,0E7F8209DB00F7040207E1003203D7FECE918209FE00B604C006AC00480201FF8EA482096301A0044A065C002D012EFF680BA5E68C00200000184048
2026-09-12T15:44:58.7900278+00:00,9029,159561550,Connected,-1,24,452,1211,1400,2.1643584,5.7987566,6.703765,40,107,-164,0.04887166,0.13073169,-0.2003738,2955,-6484,143,177.3,-389.03998,8.58,0,0,0,0,0,0,0,0,0,0,0,1,4EB78209C401BB04780528006B005CFF0ECA8209A901FC042D053F006D007FFFCEDC82095601310513058400A7008DFF8B0BACE68F00200000184048
2026-09-12T15:44:58.8066475+00:00,9030,159575975,Connected,-1,24,206,1359,1270,0.9864111,6.50744,6.081272,217,210,-125,0.26512876,0.2565762,-0.15272394,2970,-6481,143,178.2,-388.86,8.58,0,0,0,0,0,0,0,0,0,0,0,1,A7EF8209CE004F05F604D900D20083FF67028309C2FFCC0515052401D90052FF271583092CFF8105240532016400CAFE9A0BAFE68F00200000184048
2026-09-12T15:44:58.8233100+00:00,9031,159590375,Connected,-1,24,-296,1255,1378,-1.4173675,6.009446,6.5984197,330,82,-521,0.40319118,0.1001869,-0.63655335,2999,-6475,142,179.94,-388.5,8.5199995,0,0,0,0,0,0,0,0,0,0,0,1,E7278309D8FEE70462054A015200F7FDC03A830985FEA804D3054C01090115FD804D8309C7FEC0044A060701B60123FCB70BB5E68E00200000184048
2026-09-12T15:44:58.8400145+00:00,9033,159619225,Connected,-1,24,-60,1323,1841,-0.2873042,6.3350577,8.815451,-550,1099,-1691,-0.6719853,1.3427489,-2.0660493,3042,-6471,142,182.51999,-388.25998,8.5199995,0,0,0,0,0,0,0,0,0,0,0,1,99988309C4FF2B053107DAFD4B0465F959AB8309DAFF0F05E4060BFD6B04F7F819BE8309F0FF10057C0678FC43049BF8E20BB9E68E00200000184048
2026-09-12T15:44:58.8733441+00:00,9034,159633625,Connected,-1,24,10,1295,1579,0.047884032,6.2009826,7.560889,-989,1020,-1961,-1.2083517,1.2462273,-2.3959332,3057,-6471,141,183.42,-388.25998,8.46,0,0,0,0,0,0,0,0,0,0,0,1,D9D083090A000F052B0623FCFC0357F8B2E3830904001905F80510FC93033BF872F68309B8FF770538064EFC2C0342F8F10BB9E68D00200000184048
2026-09-12T15:44:58.8899804+00:00,9036,159662475,Connected,-1,24,-591,1818,2433,-2.8299465,8.7053175,11.650186,-662,612,-1444,-0.80882597,0.7477364,-1.764267,3099,-6483,139,185.94,-388.97998,8.34,0,0,0,0,0,0,0,0,0,0,0,1,8B418409B1FD1A0781096AFD64025CFA4B548409C8FDD2067C0932FD7E0165FB0B678409E2FD6B062909CCFCD4004CFC1B0CADE68B00200000184048
2026-09-12T15:44:58.9066516+00:00,9037,159676925,Connected,-1,24,-507,1534,2234,-2.4277205,7.345411,10.697293,-941,147,-784,-1.1497058,0.17960335,-0.95788455,3111,-6489,139,186.65999,-389.34,8.34,0,0,0,0,0,0,0,0,0,0,0,1,FD79840905FEFE05BA0853FC9300F0FC8B8C840908FEBB053A08D8FBB10052FD649F8409F5FDBF05C70770FBFB007DFD270CA7E68B00200000184048
2026-09-12T15:44:58.9233292+00:00,9038,159691300,Connected,-1,24,-550,1458,1837,-2.633622,6.981492,8.796297,-1238,294,-647,-1.5125779,0.3592067,-0.7904991,3133,-6509,142,187.98,-390.53998,8.5199995,0,0,0,0,0,0,0,0,0,0,0,1,24B28409DAFDB2052D072AFB260179FDE4C48409D3FD74055D0614FB3C0145FDA4D78409DEFD2E05770539FB6201E3FC3D0C93E68E00200000184048
2026-09-12T15:44:58.9399899+00:00,9039,159705725,Connected,-1,24,-543,1250,1216,-2.6001031,5.985504,5.8226986,-1125,418,-928,-1.3745154,0.51070887,-1.1338226,3145,-6519,144,188.7,-391.13998,8.639999,0,0,0,0,0,0,0,0,0,0,0,1,7DEA8409E1FDE204C0049BFBA20160FC3DFD8409DDFD9B04610426FCD201D5FBFD0F850908FE73043404B8FCE00157FB490C89E69000200000184048
2026-09-12T15:44:58.9566515+00:00,9040,159720125,Connected,-1,24,-435,1069,1066,-2.0829554,5.118803,5.104438,-716,473,-1296,-0.8748027,0.5779074,-1.5834417,3168,-6546,145,190.08,-392.75998,8.7,0,0,0,0,0,0,0,0,0,0,0,1,BD2285094DFE2D042A0434FDD901F0FA963585097BFED9031A0499FDC301AEFA5648850979FEE3030D0404FE940184FA600C6EE69100200000184048
2026-09-12T15:44:58.9733227+00:00,9041,159734550,Connected,-1,24,-381,1103,1174,-1.8243817,5.281609,5.6215854,-385,146,-1449,-0.47038972,0.17838156,-1.7703758,3179,-6558,145,190.73999,-393.47998,8.7,0,0,0,0,0,0,0,0,0,0,0,1,165B850983FE4F0496047FFE920057FAD66D8509D2FE2C042604E8FEB9FE11FA9680850990FEEE032E0488FF57FDC2F96B0C62E69100200000184048
2026-09-12T15:44:58.9899720+00:00,9043,159763375,Connected,-1,24,-131,956,1302,-0.62728083,4.5777135,6.2345014,806,-1791,-1797,0.9847639,-2.1882286,-2.1955593,3209,-6605,149,192.54,-396.3,8.94,0,0,0,0,0,0,0,0,0,0,0,1,AFCB85097DFFBC031605260301F9FBF888DE8509F0FFB103A505E4037BF82FF948F185093A0093036506610453F897F9890C33E69500200000184048
2026-09-12T15:44:59.0066583+00:00,9044,159777800,Connected,-1,24,154,888,1872,0.7374141,4.2521024,8.963891,1163,-1959,-1477,1.4209435,-2.3934896,-1.804586,3220,-6632,154,193.2,-397.91998,9.24,0,0,0,0,0,0,0,0,0,0,0,1,080486099A00780350078B0459F83BFAC8168609C30070034F084D04BCF810FB88298609CB00B00336098A03B4F9EDFB940C18E69A00200000184048
2026-09-12T15:44:59.0233219+00:00,9045,159792225,Connected,-1,24,127,1054,2558,0.60812724,5.046977,12.248735,574,-1334,-832,0.7013083,-1.6298698,-1.0165305,3223,-6646,159,193.37999,-398.75998,9.54,0,0,0,0,0,0,0,0,0,0,0,1,613C86097F001E04FE093E02CAFAC0FC214F860912006104380A9A0072FB7DFDE1618609CAFF6D040B0AE8FEC7FB17FE970C0AE69F00200000184048
2026-09-12T15:44:59.0399742+00:00,9046,159806625,Connected,-1,24,-122,1091,2441,-0.58418524,5.2241483,11.688493,-680,-1025,-359,-0.83081824,-1.2523363,-0.43862316,3224,-6656,163,193.44,-399.36,9.78,0,0,0,0,0,0,0,0,0,0,0,1,A174860986FF4304890958FDFFFB99FE7A87860940FF2204DA080CFC37FC10FF3A9A8609D6FEFD0347080AFB87FC7BFF980C00E6A300200000184048
2026-09-12T15:44:59.0566388+00:00,9047,159825875,Connected,-1,24,-560,970,1770,-2.681506,4.644751,8.475474,-1603,-677,-10,-1.9585317,-0.82715285,-0.012217915,3220,-6680,174,193.2,-400.8,10.44,0,0,0,0,0,0,0,0,0,0,0,1,D3BF8609D0FDCA03EA06BDF95BFDF6FF7AD286093CFDA9035B0697F9C7FD090053E58609E1FC9103FB05D4F9FDFDF8FF940CE8E5AE00200000184048
2026-09-12T15:44:59.0733090+00:00,9049,159854700,Connected,-1,24,-877,1334,1836,-4.19943,6.38773,8.791509,-998,-887,-564,-1.219348,-1.083729,-0.68909043,3213,-6722,191,192.78,-403.31998,11.46,0,0,0,0,0,0,0,0,0,0,0,1,6C30870993FC36052C071AFC89FCCCFD2C4387096DFD7B057A07BAFCC6FB33FDEC55870940FE8F057D075CFD64FBB6FC8D0CBEE5BF00200000184048
2026-09-12T15:44:59.1066470+00:00,9050,159869100,Connected,-1,24,-291,1387,1815,-1.3934253,6.6415157,8.690952,-485,-1067,-953,-0.5925689,-1.3036516,-1.1643673,3200,-6748,202,192,-404.88,12.12,0,0,0,0,0,0,0,0,0,0,0,1,AC688709DDFE6B0517071BFED5FB47FC857B87091FFF24051D07F6FE05FDDEFB458E87098FFF9D04BB06C3FF21FE8AFB800CA4E5CA00200000184048
2026-09-12T15:44:59.1233182+00:00,9051,159883525,Connected,-1,24,-102,1098,1721,-0.48841715,5.257667,8.240842,151,-153,-1228,0.18449052,-0.1869341,-1.5003599,3193,-6762,208,191.58,-405.72,12.48,0,0,0,0,0,0,0,0,0,0,0,1,05A187099AFF4A04B906970067FF34FBC5B3870959FF2504040744012300F4FA85C6870939FFED03DB06A5010700C8FA790C96E5D000200000184048
2026-09-12T15:44:59.1399731+00:00,9053,159912350,Connected,-1,24,-114,851,1922,-0.545878,4.074931,9.203311,643,-303,-1486,0.7856119,-0.3702028,-1.8155822,3173,-6795,228,190.37999,-407.69998,13.679999,0,0,0,0,0,0,0,0,0,0,0,1,9E1188098EFF530382078302D1FE32FA77248809B0FF7F0352084B02F6FE61FA37378809FEFFC703D008D801E7FECCFA650C75E5E400200000184048
2026-09-12T15:44:59.1733224+00:00,9055,159941200,Connected,-1,24,45,1438,2309,0.21547815,6.885724,11.056423,-70,-547,-976,-0.0855254,-0.66831994,-1.1924685,3160,-6831,246,189.59999,-409.86,14.759999,0,0,0,0,0,0,0,0,0,0,0,1,508288092D009E050509BAFFDDFD30FC10958809F5FFB50520092BFFB6FC7CFCD0A78809FFFF7A058408B3FE19FBE5FC580C51E5F600200000184048
2026-09-12T15:44:59.1900617+00:00,9056,159955600,Connected,-1,24,-7,1297,2029,-0.033518825,6.2105594,9.715671,-368,-1581,-708,-0.44961926,-1.9316523,-0.8650284,3152,-6859,254,189.12,-411.53998,15.24,0,0,0,0,0,0,0,0,0,0,0,1,90BA8809F9FF1105ED0790FED3F93CFD50CD8809DBFF33040107BEFE12F95CFD29E08809B8FFC803420636FF42F908FD500C35E5FE00200000184048
2026-09-12T15:44:59.2066931+00:00,9057,159970025,Connected,-1,24,-146,890,1445,-0.6991069,4.261679,6.919243,-40,-1652,-955,-0.04887166,-2.0183995,-1.1668109,3146,-6870,258,188.76,-412.19998,15.48,0,0,0,0,0,0,0,0,0,0,0,1,E9F288096EFF7A03A505D8FF8CF945FCC20589093AFF54030005960083F95FFB69188909FBFE5803D70467017FF96EFA4A0C2AE50201200000184048
2026-09-12T15:44:59.2233264+00:00,9059,159998850,Connected,-1,24,-483,988,1276,-2.3127987,4.7309427,6.1100025,1364,-1977,-2319,1.6665236,-2.4154818,-2.8333344,3125,-6885,266,187.5,-413.09998,15.96,0,0,0,0,0,0,0,0,0,0,0,1,826389091DFEDC03FC04540547F8F1F642768909C7FD0804A8051D065AF8F8F51B89890989FD1C044406830649F811F5350C1BE50A01200000184048
2026-09-12T15:44:59.2399788+00:00,9060,160013275,Connected,-1,24,-687,1076,1816,-3.289633,5.1523223,8.695741,1684,-1969,-3007,2.0574968,-2.4057074,-3.673927,3118,-6885,266,187.08,-413.09998,15.96,0,0,0,0,0,0,0,0,0,0,0,1,DB9B890951FD3404180794064FF841F49BAE89093CFD75049E07700648F886F35BC189094CFDF304BE0721067FF8BBF22E0C1BE50A01200000184048
2026-09-12T15:44:59.2567830+00:00,9061,160027700,Connected,-1,24,-650,1402,2009,-3.1124623,6.7133417,9.619903,1431,-1760,-3617,1.7483836,-2.150353,-4.41922,3112,-6882,266,186.72,-412.91998,15.96,0,0,0,0,0,0,0,0,0,0,0,1,34D4890976FD7A05D907970520F9DFF1F4E6890968FDE405EA07D20416FAF3F0B4F98909F4FCDD053B08E6032BFB07F0280C1EE50A01200000184048
2026-09-12T15:44:59.2733083+00:00,9062,160042100,Connected,-1,24,-938,1502,2251,-4.4915223,7.192182,10.778696,737,-981,-4330,0.9004603,-1.1985774,-5.290357,3112,-6882,266,186.72,-412.91998,15.96,0,0,0,0,0,0,0,0,0,0,0,1,740C8A0956FCDE05CB08E1022BFC16EF341F8A090FFC14062A08EA01A3FCF0EDF4318A09DAFB50064907200108FD72EC280C1EE50A01200000184048
2026-09-12T15:44:59.2899732+00:00,9063,160056525,Connected,-1,24,-1128,1628,1748,-5.401319,7.795521,8.37013,156,-661,-5432,0.19059947,-0.8076042,-6.636771,3112,-6882,266,186.72,-412.91998,15.96,0,0,0,0,0,0,0,0,0,0,0,1,CD448A0998FB5C06D4069C006BFDC8EA8D578A0975FB58062E066B009DFD15E94D6A8A09B6FBF605BF056C00C3FD76E7280C1EE50A01200000184048
2026-09-12T15:44:59.3066526+00:00,9064,160070925,Connected,-1,24,-1123,1597,1451,-5.377377,7.6470804,6.9479733,147,-512,-6664,0.17960335,-0.62555724,-8.142018,3108,-6879,266,186.48,-412.74,15.96,0,0,0,0,0,0,0,0,0,0,0,1,0D7D8A099DFB3D06AB05930000FEF8E5E68F8A0962FBA906EE05C60081FE7CE4A6A28A0932FB0C072006F100BAFE0CE3240C21E50A01200000184048
2026-09-12T15:44:59.3233035+00:00,9066,160100100,Connected,-1,24,-1025,2021,1992,-4.9081135,9.677363,9.5385,73,-555,-8784,0.08919078,-0.67809427,-10.732217,3101,-6879,259,186.06,-412.74,15.54,0,0,0,0,0,0,0,0,0,0,0,1,04EF8A09FFFBE507C8074900D5FDB0DD7F008B09C1FC1708FC07AFFF02FD2ADD58138B0969FDE207FC0705FF2CFC1FDD1D0C21E50301200000184048
2026-09-12T15:44:59.3566274+00:00,9068,160128600,Connected,-1,24,-904,1445,1925,-4.3287168,6.919243,9.217676,-684,-1038,-8111,-0.8357054,-1.2682196,-9.909951,3106,-6899,247,186.36,-413.94,14.82,0,0,0,0,0,0,0,0,0,0,0,1,585E8B0978FCA505850754FDF2FB51E018718B09D1FB4A05980715FD1BFC39E1F1838B093DFBE6048307D9FC20FCFDE1220C0DE5F700200000184048
2026-09-12T15:44:59.3899843+00:00,9070,160157450,Connected,-1,24,-1790,906,1759,-8.571242,4.3382936,8.422802,-1048,-818,-7520,-1.2804375,-0.9994254,-9.187872,3113,-6935,222,186.78,-416.09998,13.32,0,0,0,0,0,0,0,0,0,0,0,1,0ACF8B0902F98A03DF06E8FBCEFCA0E2CAE18B098EF8B4030607F9FBA1FC57E28AF48B09F8F7F3035C072DFC39FCE8E1290CE9E4DE00200000184048
2026-09-12T15:44:59.4066819+00:00,9071,160171850,Connected,-1,24,-2089,1099,1798,-10.0029745,5.2624555,8.6095495,-887,-1237,-7842,-1.083729,-1.5113561,-9.581289,3116,-6953,213,186.95999,-417.18,12.78,0,0,0,0,0,0,0,0,0,0,0,1,4A078C09D7F74B04060789FC2BFB5EE10A1A8C0930F8F404D306FFFC4BFAA7E0E32C8C09E4F8D405DB066BFDE1F9D5DF2C0CD7E4D500200000184048
2026-09-12T15:44:59.4399722+00:00,9073,160200700,Connected,-1,24,-1010,1785,1868,-4.8362875,8.5473,8.944737,-644,-2084,-8743,-0.7868337,-2.5462134,-10.682123,3125,-7026,181,187.5,-421.56,10.86,0,0,0,0,0,0,0,0,0,0,0,1,FC778C090EFCF9064C077CFDDCF7D9DDBC8A8C0908FDB206A9065DFD95F6F0DD7C9D8C09C4FD8906CF054DFD75F54BDE350C8EE4B500200000184048
2026-09-12T15:44:59.4568394+00:00,9074,160215100,Connected,-1,24,-415,1582,1263,-1.9871874,7.575254,6.0477533,-687,-2857,-8492,-0.8393707,-3.4906583,-10.375453,3123,-7090,161,187.37999,-425.4,9.66,0,0,0,0,0,0,0,0,0,0,0,1,3CB08C0961FE2E06EF0451FDD7F4D4DEFCC28C09ECFEC105CE047DFDB1F467DFD5D58C0993FF1E05B804D6FD8EF40DE0330C4EE4A100200000184048
2026-09-12T15:44:59.4733831+00:00,9076,160243950,Connected,-1,24,334,772,1091,1.5993267,3.6966474,5.2241483,3,-3021,-7243,0.0036653746,-3.6910322,-8.849436,3081,-7186,127,184.86,-431.16,7.62,0,0,0,0,0,0,0,0,0,0,0,1,EE208D094E0104034304030033F4B5E3AE338D094501A5028904690089F4C1E46E468D096F012C02C104DE00BCF4BFE5090CEEE37F00200000184048
2026-09-12T15:44:59.5066477+00:00,9078,160272775,Connected,-1,24,302,378,1301,1.4460979,1.8100165,6.229713,997,-2586,-6140,1.218126,-3.1595528,-7.5017996,3031,-7238,106,181.86,-434.28,6.3599997,0,0,0,0,0,0,0,0,0,0,0,1,87918D092E017A011505E503E6F504E847A48D093601B0016005BD04C1F588E807B78D094A016D013B05B60555F524E9D70BBAE36A00200000184048
2026-09-12T15:44:59.5233013+00:00,9079,160287200,Connected,-1,24,396,294,1342,1.8962077,1.4077905,6.4260373,1714,-2739,-5688,2.0941505,-3.3464868,-6.94955,2969,-7271,89,178.14,-436.25998,5.3399997,0,0,0,0,0,0,0,0,0,0,0,1,E0C98D098C0126013E05B2064DF5C8E9A0DC8D09EA0118018A059507A0F57EEA60EF8D0948023D01D2055108EFF558EB990B99E35900200000184048
2026-09-12T15:44:59.5399808+00:00,9081,160316025,Connected,-1,24,1017,160,1763,4.8698063,0.7661445,8.441956,2531,-1954,-4056,3.0923543,-2.3873806,-4.9555864,2863,-7282,74,171.78,-436.91998,4.44,0,0,0,0,0,0,0,0,0,0,0,1,793A8E09F903A000E306E3095EF828F0394D8E0902042E005E07F6090DF940F1F95F8E0903040B00D707D309A0F93BF22F0B8EE34A00200000184048
2026-09-12T15:44:59.5566336+00:00,9082,160330425,Connected,-1,24,1065,97,2087,5.0996494,0.46447513,9.993398,2400,-1530,-3283,2.9322996,-1.869341,-4.0111413,2827,-7273,69,169.62,-436.38,4.14,0,0,0,0,0,0,0,0,0,0,0,1,B9728E09290461002708600906FA2DF392858E099B0413015B088508CFFA2EF452988E09C9046A01C50872070BFC52F50B0B97E34500200000184048
2026-09-12T15:44:59.5733154+00:00,9083,160344850,Connected,-1,24,1115,235,2321,5.33907,1.1252748,11.113884,1654,-768,-2412,2.020843,-0.9383359,-2.9469612,2757,-7240,62,165.42,-434.4,3.72,0,0,0,0,0,0,0,0,0,0,0,1,12AB8E095B04EB001109760600FD94F6D2BD8E097E032400FF08B40560FDB3F792D08E09BB02A9FFEA082E0579FD6DF8C50AB8E33E00200000184048
2026-09-12T15:44:59.5899750+00:00,9084,160359275,Connected,-1,24,617,-97,2276,2.954445,-0.46447513,10.898406,1239,-620,-1848,1.5137997,-0.7575107,-2.2578707,2725,-7218,60,163.5,-433.08,3.6,0,0,0,0,0,0,0,0,0,0,0,1,6BE38E0969029FFFE408D70494FDC8F82BF68E095602CEFF17099204A6FD03F9EB088F093B022F006E094E0480FD44F9A50ACEE33C00200000184048
2026-09-12T15:44:59.6233015+00:00,9086,160388150,Connected,-1,24,403,109,2727,1.9297266,0.521936,13.057976,515,-732,-1717,0.62922263,-0.89435136,-2.097816,2644,-7132,55,158.64,-427.91998,3.3,0,0,0,0,0,0,0,0,0,0,0,1,36548F0993016D00A70A030224FD4BF9C4668F09CC015C00950A17013CFD44F984798F0902024300F409480047FD5AF9540A24E43700200000184048
2026-09-12T15:44:59.6399646+00:00,9087,160402700,Connected,-1,24,583,52,2319,2.791639,0.24899697,11.104307,-76,-631,-1655,-0.092856154,-0.77095044,-2.022065,2605,-7071,59,156.3,-424.25998,3.54,0,0,0,0,0,0,0,0,0,0,0,1,0C8D8F09470234000F09B4FF89FD89F9049F8F0999022C0062086FFF0AFED4F9DDB18F09E3020400000879FF92FE3AFA2D0A61E43B00200000184048
2026-09-12T15:44:59.6566352+00:00,9088,160416925,Connected,-1,24,794,-28,2029,3.8019924,-0.1340753,9.715671,-63,-245,-1351,-0.076972865,-0.2993389,-1.6506402,2592,-7038,61,155.51999,-422.28,3.6599998,0,0,0,0,0,0,0,0,0,0,0,1,9DC48F091A03E4FFED07C1FF0BFFB9FA5DD78F094203E5FF05081F0060FF48FB1DEA8F093803E4FF33086F008DFFE8FB200A82E43D00200000184048
2026-09-12T15:44:59.6733020+00:00,9089,160431325,Connected,-1,24,730,-55,2147,3.4955344,-0.2633622,10.280702,158,-85,-900,0.19304305,-0.10385228,-1.0996124,2581,-7008,61,154.86,-420.47998,3.6599998,0,0,0,0,0,0,0,0,0,0,0,1,DDFC8F09DA02C9FF63089E00ABFF7CFCB60F90097E02B4FFAA08A700B0FFDFFC762290097C02D2FFC4088D00A1FF16FD150AA0E43D00200000184048
2026-09-12T15:44:59.6899712+00:00,9090,160445750,Connected,-1,24,677,14,2239,3.241749,0.06703765,10.721235,92,-99,-695,0.112404816,-0.12095736,-0.8491451,2567,-6954,62,154.01999,-417.24,3.72,0,0,0,0,0,0,0,0,0,0,0,1,36359009A5020E00BF085C009DFF49FDF6479009B802300093082300B2FF92FDB65A9009B70230005A08E6FFD8FFE9FD070AD6E43E00200000184048
2026-09-12T15:44:59.7066470+00:00,9092,160474575,Connected,-1,24,828,-11,2011,3.964798,-0.05267244,9.629479,-26,86,-219,-0.03176658,0.10507407,-0.26757234,2561,-6891,62,153.66,-413.46,3.72,0,0,0,0,0,0,0,0,0,0,0,1,CFA590093C03F5FFDB07E6FF560025FFA8B890092D03ECFFFE070800A40097FF68CB9009F602D2FF2F082400FD000300010A15E53E00200000184048
2026-09-12T15:44:59.7242898+00:00,9093,160489000,Connected,-1,24,690,-80,2164,3.3039982,-0.38307226,10.362105,67,346,96,0.08186003,0.42273986,0.11729199,2561,-6878,62,153.66,-412.68,3.72,0,0,0,0,0,0,0,0,0,0,0,1,28DE9009B202B0FF740843005A016000E8F090098002A3FFD50869008701BE00A803910977028AFFEF089A0085011D01010A22E53E00200000184048
2026-09-12T15:44:59.7408923+00:00,9094,160503425,Connected,-1,24,674,-110,2273,3.2273839,-0.5267244,10.884041,194,410,369,0.23702756,0.50093454,0.45084107,2565,-6859,61,153.9,-411.53998,3.6599998,0,0,0,0,0,0,0,0,0,0,0,1,81169109A20292FFE108C2009A017101412991090003AFFFE008DA00EC01CB01013C91096003EAFFC608E2004D025202050A35E53D00200000184048
2026-09-12T15:44:59.7574000+00:00,9095,160517825,Connected,-1,24,915,34,2201,4.381389,0.16280572,10.539276,219,711,787,0.26757234,0.86869377,0.9615499,2565,-6852,60,153.9,-411.12,3.6,0,0,0,0,0,0,0,0,0,0,0,1,C14E9109930322009908DB00C70213039A6191099D0355006508C9006603F8035A7491096A037B004C08B1000E04DF04050A3CE53C00200000184048
2026-09-12T15:44:59.7740770+00:00,9097,160546675,Connected,-1,24,976,178,1904,4.673482,0.8523358,9.11712,37,1548,1934,0.045206286,1.8913332,2.3629448,2575,-6843,62,154.5,-410.58,3.72,0,0,0,0,0,0,0,0,0,0,0,1,73BF9109D003B200700725000C068E0733D291097804DC0012071B00BC06A608F3E491091B05140181062300BE07200A0F0A45E53E00200000184048
2026-09-12T15:44:59.7907891+00:00,9098,160561075,Connected,-1,24,1394,332,1536,6.6750345,1.5897499,7.3549876,53,2355,3043,0.06475495,2.8773189,3.7179115,2588,-6842,64,155.28,-410.52,3.84,0,0,0,0,0,0,0,0,0,0,0,1,B3F7910972054C01000635003309E30B8C0A92099205AD0191055A00070BD30D4C1D92096B052A023A058600100DDC0F1C0A46E54000200000184048
2026-09-12T15:44:59.8074208+00:00,9099,160575500,Connected,-1,24,1343,711,1247,6.4308257,3.4045548,5.971139,183,3907,4608,0.22358784,4.7735395,5.6300154,2595,-6844,67,155.7,-410.63998,4.02,0,0,0,0,0,0,0,0,0,0,0,1,0C3092093F05C702DF04B700430F0012CC4292090C0586039704EA00A1114914A5559209BB0457048B042E011A14C316230A44E54300200000184048
2026-09-12T15:44:59.8240668+00:00,9100,160589925,Connected,-1,24,1082,1335,1136,5.1810527,6.3925185,5.439626,390,5779,6505,0.4764987,7.060733,7.9477534,2607,-6848,70,156.42,-410.88,4.2,0,0,0,0,0,0,0,0,0,0,0,1,656892093A0437057004860193166919257B92097E0341068904D9011D192B1CE58D92096A0231077A041202661BEE1E2F0A40E54600200000184048
2026-09-12T15:44:59.8408030+00:00,9101,160604325,Connected,-1,24,285,2040,1174,1.364695,9.768343,5.6215854,556,7486,8589,0.67931604,9.146331,10.493967,2637,-6858,77,158.22,-411.47998,4.62,0,0,0,0,0,0,0,0,0,0,0,1,A5A092091D01F80796042C023E1D8D217EB39209ACFFAC08FE043802481EE8233EC6920910FE6F0967054A028D1ECD254D0A36E54D00200000184048
2026-09-12T15:44:59.8574210+00:00,9103,160633175,Connected,-1,24,-1281,2302,1253,-6.133945,11.022904,5.9998693,307,7233,10754,0.37508997,8.837218,13.139146,2709,-6869,85,162.54,-412.13998,5.1,0,0,0,0,0,0,0,0,0,0,0,1,57119309FFFAFE08E5043301411C022A17249309A5F9E1080D05E700C41B472AD736930975F885083C057500F11A1C2A950A2BE55500200000184048
2026-09-12T15:44:59.8907515+00:00,9104,160647575,Connected,-1,24,-2156,1962,1341,-10.323798,9.394848,6.421249,-8,6582,10666,-0.009774332,8.041832,13.031628,2739,-6869,87,164.34,-412.13998,5.22,0,0,0,0,0,0,0,0,0,0,0,1,9749930994F7AA073D05F8FFB619AA29705C93091CF7C80636058CFF79180129306F9309A3F63806830531FF74173428B30A2BE55700200000184048
2026-09-12T15:44:59.9074059+00:00,9105,160662000,Connected,-1,24,-2556,1542,1611,-12.239159,7.383718,7.714118,-323,5805,10044,-0.39463866,7.0924997,12.271674,2803,-6866,94,168.18,-411.96,5.64,0,0,0,0,0,0,0,0,0,0,0,1,F081930904F606064B06BDFEAD163C27B0949309E6F638059007EDFDDF152B2689A7930970F79805C9079BFCE814BE25F30A2EE55E00200000184048
2026-09-12T15:44:59.9240722+00:00,9107,160690850,Connected,-1,24,-1341,1838,1771,-6.421249,8.801085,8.480263,-2370,4724,8658,-2.8956459,5.771743,10.578271,2907,-6853,104,174.42,-411.18,6.24,0,0,0,0,0,0,0,0,0,0,0,1,A2F29309C3FA2E07EB06BEF67412D221620594093CFB0C08AA06DAF562110621221894098BFB6B08C8056BF522109C205B0B3BE56800200000184048
2026-09-12T15:44:59.9407641+00:00,9108,160705250,Connected,-1,24,-1114,2163,1278,-5.3342814,10.357317,6.1195793,-2728,3878,8300,-3.3330472,4.738107,10.140869,2944,-6847,108,176.64,-410.81998,6.48,0,0,0,0,0,0,0,0,0,0,0,1,E22A9409A6FB7308FE0458F5260F6C20D43D94096DFBB6088E047BF5630E3E207B50940955FBFF080D05A4F5EC0DD81F800B41E56C00200000184048
2026-09-12T15:44:59.9573900+00:00,9109,160719675,Connected,-1,24,-894,2276,1389,-4.280833,10.898406,6.6510925,-2625,3327,8084,-3.2072027,4.0649004,9.876963,2979,-6841,113,178.73999,-410.46,6.7799997,0,0,0,0,0,0,0,0,0,0,0,1,3B63940982FCE4086D05BFF5FF0C941FFB7594092EFDEE080705F9F5870BDC1FBB8894095DFD0009E7044CF67F0A5A20A30B47E57100200000184048
2026-09-12T15:44:59.9740685+00:00,9110,160734075,Connected,-1,24,-696,2308,1282,-3.3327289,11.051635,6.1387334,-2389,2523,8420,-2.91886,3.0825799,10.287484,3042,-6825,122,182.51999,-409.5,7.3199997,0,0,0,0,0,0,0,0,0,0,0,1,7B9B940948FD04090205ABF6DB09E42054AE940941FDE8084A050EF75609832114C1940940FDD9088D0560F7B0084622E20B57E57A00200000184048
2026-09-12T15:44:59.9907284+00:00,9111,160748500,Connected,-1,24,-714,2212,1431,-3.41892,10.5919485,6.8522053,-2155,2008,9003,-2.6329606,2.4533572,10.999789,3069,-6815,127,184.14,-408.9,7.62,0,0,0,0,0,0,0,0,0,0,0,1,D4D3940936FDA408970595F7D8072B2394E69409DFFC540881059FF7FC0611246DF9940972FCDB0791057EF72B06C624FD0B61E57F00200000184048
2026-09-12T15:45:00.0074378+00:00,9113,160777350,Connected,-1,24,-921,1583,1440,-4.4101195,7.5800424,6.895301,-2372,844,9491,-2.8980894,1.0311921,11.596023,3116,-6779,145,186.95999,-406.74,8.7,0,0,0,0,0,0,0,0,0,0,0,1,8644950967FC2F06A005BCF64C0313254657950990FC6C06A705C7F61003AA24066A9509CFFCB906A005EEF6F20230242C0C85E59100200000184048
2026-09-12T15:45:00.0240773+00:00,9114,160791750,Connected,-1,24,-776,1779,1453,-3.715801,8.51857,6.95755,-2257,724,9138,-2.7575834,0.88457704,11.164731,3121,-6765,165,187.26,-405.9,9.9,0,0,0,0,0,0,0,0,0,0,0,1,C67C9509F8FCF306AD052FF7D402B223868F950948FD4307AE0590F76A023E2346A2950980FDA707A20526F8E001C122310C93E5A500200000184048
2026-09-12T15:45:00.0407324+00:00,9115,160806175,Connected,-1,24,-607,2003,1500,-2.906561,9.591172,7.1826053,-1833,397,8723,-2.239544,0.4850512,10.657687,3116,-6761,176,186.95999,-405.66,10.559999,0,0,0,0,0,0,0,0,0,0,0,1,1FB59509A1FDD307DC05D7F88D011322DFC7950987FD8D0712067FF904013A219FDA950941FDEE06FB050EFA2F003B202C0C97E5B000200000184048
2026-09-12T15:45:00.0574008+00:00,9116,160820575,Connected,-1,24,-728,1547,1481,-3.4859576,7.40766,7.091625,-1403,-151,7947,-1.7141734,-0.18449052,9.709577,3090,-6764,200,185.4,-405.84,12,0,0,0,0,0,0,0,0,0,0,0,1,5FED950928FD0B06C90585FA69FF0B1F38009609FAFD2605C205E8FAE0FEB91DF8129609C0FE8104E70545FB7EFE8D1C120C94E5C800200000184048
2026-09-12T15:45:00.0741837+00:00,9117,160835000,Connected,-1,24,-396,1022,1583,-1.8962077,4.8937483,7.5800424,-1096,-559,7083,-1.3390834,-0.68298143,8.653949,3074,-6770,210,184.44,-406.19998,12.599999,0,0,0,0,0,0,0,0,0,0,0,1,B825960974FEFE032F06B8FBD1FDAB1B78389609CEFE6203850645FCEBFCCD1A514B96090EFFBC025206D6FCD2FB101A020C8EE5D200200000184048
2026-09-12T15:45:00.0907407+00:00,9119,160863850,Connected,-1,24,-175,365,1878,-0.8379706,1.7477672,8.992621,-1156,-712,5396,-1.412391,-0.86991554,6.592787,2999,-6800,243,179.94,-408,14.58,0,0,0,0,0,0,0,0,0,0,0,1,6A96960951FF6D0156077CFB38FD14152AA99609F6FF5B0158074EFB7AFD0614EABB9609A0006101DC06E6FA8DFD3C13B70B70E5F300200000184048
2026-09-12T15:45:00.1074085+00:00,9120,160878250,Connected,-1,24,241,389,1599,1.1540052,1.8626889,7.656657,-1413,-417,4725,-1.7263914,-0.50948703,5.772965,2971,-6817,252,178.26,-409.02,15.12,0,0,0,0,0,0,0,0,0,0,0,1,AACE9609F10085013F067BFA5FFE75126AE196093B01B001170634FA04006C1143F4960965010D02D0051FFAA0012B109B0B5FE5FC00200000184048
2026-09-12T15:45:00.1240691+00:00,9121,160892675,Connected,-1,24,456,695,1375,2.183512,3.3279405,6.5840545,-1449,764,3817,-1.7703758,0.9334487,4.663578,2914,-6855,268,174.84,-411.3,16.08,0,0,0,0,0,0,0,0,0,0,0,1,03079709C801B7025F0557FAFC02E90EC319970932024B032005CEFA1C04CF0D832C97096B02B303F7046EFBE104DD0C620B39E50C01200000184048
2026-09-12T15:45:00.1574035+00:00,9123,160921500,Connected,-1,24,-77,663,2231,-0.36870706,3.1747115,10.682928,-598,1745,2081,-0.7306313,2.1320262,2.5425482,2846,-6930,282,170.76,-415.8,16.92,0,0,0,0,0,0,0,0,0,0,0,1,9C779709B3FF9702B708AAFDD10621085C8A97093700BF01C40839FEFB042307359D970931011001B907F4FEBB0272061E0BEEE41A01200000184048
2026-09-12T15:45:00.1740715+00:00,9124,160935925,Connected,-1,24,560,197,1732,2.681506,0.94331545,8.293514,-119,390,1488,-0.1453932,0.4764987,1.8180257,2830,-6958,285,169.8,-417.47998,17.1,0,0,0,0,0,0,0,0,0,0,0,1,F5AF97093002C500C40689FF8601D005B5C29709D602D000BA06E6FF7B01230575D597091103CD0046071500D80189040E0BD2E41D01200000184048
2026-09-12T15:45:00.1907732+00:00,9125,160950325,Connected,-1,24,744,218,2054,3.5625722,1.043872,9.835381,33,501,1039,0.04031912,0.6121175,1.2694414,2803,-7008,288,168.18,-420.47998,17.279999,0,0,0,0,0,0,0,0,0,0,0,1,35E89709E802DA0006082100F5010F040EFB9709A8020301CC08F9FFE8019C03CE0D9809B7024601350991FFD5013103F30AA0E42001200000184048
2026-09-12T15:45:00.2074141+00:00,9126,160964750,Connected,-1,24,760,432,2374,3.6391866,2.0685902,11.36767,-254,455,746,-0.31033504,0.5559151,0.91145647,2794,-7033,288,167.64,-421.97998,17.279999,0,0,0,0,0,0,0,0,0,0,0,1,8E209809F802B001460902FFC701EA024E33980911034C021B096BFECB01C9020E469809E8021303F208EFFDE201B702EA0A87E42001200000184048
2026-09-12T15:45:00.2240999+00:00,9127,160979175,Connected,-1,24,818,928,2149,3.916914,4.4436383,10.290278,-616,526,696,-0.75262356,0.64266235,0.8503669,2786,-7076,287,167.16,-424.56,17.22,0,0,0,0,0,0,0,0,0,0,0,1,E75898093203A003650898FD0E02B802A76B98096303E003080877FD4302DA02677E98099803D403A30777FD8B020903E20A5CE41F01200000184048
2026-09-12T15:45:00.2407259+00:00,9129,161008000,Connected,-1,24,537,756,1950,2.5713725,3.620033,9.337387,-292,710,869,-0.35676312,0.86747193,1.0617368,2796,-7132,282,167.76,-427.91998,16.92,0,0,0,0,0,0,0,0,0,0,0,1,80C998091902F4029E07DCFEC602650340DC9809890153028D0749FF25021F0300EF98090C01AD014F07AEFF7F01A802EC0A24E41A01200000184048
2026-09-12T15:45:00.2573886+00:00,9130,161022400,Connected,-1,24,175,244,1837,0.8379706,1.1683705,8.796297,-1,308,508,-0.0012217915,0.37631178,0.6206701,2804,-7149,278,168.23999,-428.94,16.68,0,0,0,0,0,0,0,0,0,0,0,1,C0019909AF00F4002D07FFFF3401FC019914990959004C00270744002D013001592799094100FDFF710782003A016800F40A13E41601200000184048
2026-09-12T15:45:00.2740625+00:00,9131,161036825,Connected,-1,24,85,-33,2003,0.40701428,-0.15801731,9.591172,170,301,-59,0.20770456,0.36775923,-0.0720857,2814,-7163,276,168.84,-429.78,16.56,0,0,0,0,0,0,0,0,0,0,0,1,193A99095500DFFFD307AA002D01C5FFD94C990987000400EE07BB00FA0043FFB25F9909A6008E000508BE00CD00BFFEFE0A05E41401200000184048
2026-09-12T15:45:00.2907493+00:00,9132,161051250,Connected,-1,24,264,228,2064,1.2641385,1.091756,9.883265,176,177,-462,0.2150353,0.2162571,-0.56446767,2834,-7181,277,170.04,-430.86,16.619999,0,0,0,0,0,0,0,0,0,0,0,1,727299090801E4001008B000B10032FE3285990939012801F907AB007300BFFDF2979909C1014D010308B0003E0056FD120BF3E31501200000184048
2026-09-12T15:45:00.3074132+00:00,9133,161065675,Connected,-1,24,702,382,2084,3.3614593,1.8291701,9.9790325,175,40,-741,0.21381351,0.04887166,-0.90534747,2844,-7187,276,170.64,-431.22,16.56,0,0,0,0,0,0,0,0,0,0,0,1,CBAA9909BE027E012408AF0028001BFD8BBD9909F903DC017108AD002D006CFD4BD09909C004790211098E00830052FE1C0BEDE31401200000184048
2026-09-12T15:45:00.3240726+00:00,9135,161094500,Connected,-1,24,630,616,1954,3.016694,2.9496565,9.356541,-156,152,406,-0.19059947,0.18571231,0.49604735,2868,-7197,277,172.08,-431.81998,16.619999,0,0,0,0,0,0,0,0,0,0,0,1,641B9A0976026802A20764FF98009601242E9A095E01C501F106A4FF80008301FD409A0902004B01990611009F00F600340BE3E31501200000184048
2026-09-12T15:45:00.3407291+00:00,9136,161108925,Connected,-1,24,-386,274,1576,-1.8483237,1.3120226,7.5465236,143,228,-17,0.17471619,0.27856845,-0.020770455,2883,-7201,275,172.98,-432.06,16.5,0,0,0,0,0,0,0,0,0,0,0,1,BD539A097EFE120128068F00E400EFFF7D669A091DFDE30060051401670169FE3D799A09A4FB91000505A801200256FC430BDFE31301200000184048
2026-09-12T15:45:00.3573895+00:00,9137,161123350,Connected,-1,24,-1469,58,1302,-7.0341644,0.2777274,6.2345014,610,678,-1624,0.7452928,0.8283746,-1.9841894,2889,-7202,275,173.34,-432.12,16.5,0,0,0,0,0,0,0,0,0,0,0,1,168C9A0943FA3A0016056202A602A8F9D69E9A0931F922000B054E03FD0267F696B19A0969F89100E90457048703AFF2490BDEE31301200000184048
2026-09-12T15:45:00.3740635+00:00,9138,161137750,Connected,-1,24,-2122,346,1304,-10.160992,1.6567876,6.244078,1394,1123,-4435,1.7031773,1.3720719,-5.4186454,2907,-7200,276,174.42,-432,16.56,0,0,0,0,0,0,0,0,0,0,0,1,56C49A09B6F75A01180572056304ADEE2FD79A09E4F64F028D05970631057CEAEFE99A0950F64203C505B607B10519E65B0BE0E31401200000184048
2026-09-12T15:45:00.3907255+00:00,9139,161152425,Connected,-1,24,-2554,1090,1524,-12.229582,5.21936,7.297527,2243,1542,-7795,2.7404783,1.8840024,-9.523865,2918,-7195,277,175.08,-431.69998,16.619999,0,0,0,0,0,0,0,0,0,0,0,1,A9FD9A0906F64204F405C30806068DE1A8129B0936F69C057A06A7099206EBDC48229B09F1F615070A07450A380776D8660BE5E31501200000184048
2026-09-12T15:45:00.4074238+00:00,9140,161166600,Connected,-1,24,-2014,2198,1966,-9.643845,10.524911,9.414001,2726,2022,-11134,3.3306036,2.4704623,-13.603427,2929,-7191,279,175.73999,-431.46,16.74,0,0,0,0,0,0,0,0,0,0,0,1,08359B0922F89608AE07A60AE60782D4C8479B09A1F9FE094608CC0A9B0848D1885A9B09E3FA440BBD08B80A3009D4CE710BE9E31701200000184048
2026-09-12T15:45:00.4241001+00:00,9142,161195425,Connected,-1,24,-405,3825,1963,-1.9393034,18.315643,9.399636,3026,1655,-13572,3.6971412,2.022065,-16.582153,2984,-7171,284,179.04,-430.25998,17.039999,0,0,0,0,0,0,0,0,0,0,0,1,A1A59B096BFEF10EAB07D20B7706FCCA61B89B09E0FE27109907B20C7805E0CA3ACB9B092FFF6E108107810D1C043ECBA80BFDE31C01200000184048
2026-09-12T15:45:00.4574399+00:00,9143,161209850,Connected,-1,24,-182,4176,1899,-0.8714894,19.996372,9.093178,3601,662,-13326,4.399671,0.80882597,-16.281593,3031,-7158,279,181.86,-429.47998,16.74,0,0,0,0,0,0,0,0,0,0,0,1,FADD9B094AFF50106B07110E9602F2CBBAF09B09C6FF1F1073075B0ED700C1CC7A039C096200E20F3C076D0E21FFA5CDD70B0AE41701200000184048
2026-09-12T15:45:00.4740899+00:00,9144,161224250,Connected,-1,24,195,3926,1847,0.93373865,18.799273,8.844181,3680,-530,-12634,4.4961925,-0.6475495,-15.436113,3055,-7153,275,183.3,-429.18,16.5,0,0,0,0,0,0,0,0,0,0,0,1,3A169C09C300560F3707600EEEFDA6CE13299C098800050E6807370E5AFDC8CFD33B9C09AAFF700C8F07F60D0AFDF1D0EF0B0FE41301200000184048
2026-09-12T15:45:00.4907309+00:00,9146,161253100,Connected,-1,24,-1033,1986,2690,-4.9464207,9.509769,12.880805,2876,-1824,-11654,3.5138724,-2.2285476,-14.238758,3125,-7136,258,187.5,-428.16,15.48,0,0,0,0,0,0,0,0,0,0,0,1,EC869C09F7FBC207820A3C0BE0F87AD2AC999C090EFB2507EE09FD09B4F6E2D16CAC9C0931FAD2060C099B083FF501D1350C20E40201200000184048
2026-09-12T15:45:00.5074309+00:00,9147,161267525,Connected,-1,24,-1675,1713,2128,-8.020576,8.202535,10.189722,1845,-2978,-12251,2.2542052,-3.638495,-14.968167,3163,-7135,243,189.78,-428.09998,14.58,0,0,0,0,0,0,0,0,0,0,0,1,45BF9C0975F9B106500835075EF425D005D29C093FF9BD06AE07D805AFF38DCFC5E49C0998F912074307840425F339CF5B0C21E4F300200000184048
2026-09-12T15:45:00.5240607+00:00,9148,161281950,Connected,-1,24,-1498,1914,1839,-7.1730285,9.165004,8.805874,829,-3415,-12510,1.0128652,-4.172418,-15.284612,3177,-7136,233,190.62,-428.16,13.98,0,0,0,0,0,0,0,0,0,0,0,1,9EF79C0926FA7A072F073D03A9F222CF5E0A9D09A3FAB50701070F0213F247CF1E1D9D09AAFA86077C0601017EF1A8CF690C20E4E900200000184048
2026-09-12T15:45:00.5407223+00:00,9149,161296350,Connected,-1,24,-1353,1848,1596,-6.4787097,8.848969,7.642292,37,-3813,-12267,0.045206286,-4.658691,-14.987717,3188,-7151,211,191.28,-429.06,12.66,0,0,0,0,0,0,0,0,0,0,0,1,DE2F9D09B7FA38073C0625001BF115D0B7429D0901FB2D0758066AFF99F07BD077559D0999FB6B076206C2FE07F0DED0740C11E4D300200000184048
2026-09-12T15:45:00.5573964+00:00,9151,161325200,Connected,-1,24,-388,1933,1231,-1.8579005,9.255983,5.8945246,-706,-3676,-11284,-0.86258477,-4.4913054,-13.7866955,3176,-7176,184,190.56,-430.56,11.04,0,0,0,0,0,0,0,0,0,0,0,1,90A09D097CFE8D07CF043EFDA4F1ECD350B39D096CFF5B07D00437FD59F304D510C69D097800B90607056FFD06F568D6680CF8E3B800200000184048
2026-09-12T15:45:00.5740548+00:00,9152,161339600,Connected,-1,24,379,1378,1254,1.8148049,6.5984197,6.0046577,-553,-2426,-10204,-0.6756507,-2.9640663,-12.46716,3138,-7205,155,188.28,-432.3,9.3,0,0,0,0,0,0,0,0,0,0,0,1,D0D89D097B016205E604D7FD86F624D8A9EB9D094C02D503CD045AFE1FF82CDA69FE9D09B802DD026805F0FED8F958DC420CDBE39B00200000184048
2026-09-12T15:45:00.5908635+00:00,9153,161354025,Connected,-1,24,772,559,1532,3.6966474,2.6767175,7.335834,-88,-1191,-8539,-0.10751765,-1.4551537,-10.432878,3109,-7221,141,186.54,-433.25998,8.46,0,0,0,0,0,0,0,0,0,0,0,1,29119E0904032F02FC05A8FF59FBA5DEE9239E09F302690170066B00D3FC0CE1C2369E093A02B200B307140109FE6AE3250CCBE38D00200000184048
2026-09-12T15:45:00.6073907+00:00,9154,161368450,Connected,-1,24,321,-15,2341,1.5370775,-0.07182605,11.209652,431,-520,-6741,0.52659214,-0.6353316,-8.236096,3049,-7250,115,182.94,-435,6.8999996,0,0,0,0,0,0,0,0,0,0,0,1,82499E094101F1FF2509AF01F8FDABE5425C9E099300D3FE1E094902A6FCA7E7026F9E092F0015FE3F08CD0208FB38E9E90BAEE37300200000184048
2026-09-12T15:45:00.6240654+00:00,9155,161382875,Connected,-1,24,-23,-562,2039,-0.110133275,-2.6910827,9.763555,818,-1544,-5560,0.9994254,-1.8864461,-6.793161,3014,-7262,106,180.84,-435.72,6.3599997,0,0,0,0,0,0,0,0,0,0,0,1,DB819E09E9FFCEFDF7073203F8F948EA9B949E09D8FFBDFD38087F0362F9FCEA5BA79E09E6FFC2FDAB08B703CBF88EEBC60BA2E36A00200000184048
2026-09-12T15:45:00.6407360+00:00,9157,161411700,Connected,-1,24,509,-210,2122,2.4372973,-1.0055647,10.160992,859,-2389,-4556,1.049519,-2.91886,-5.566482,2899,-7286,77,173.94,-437.16,4.62,0,0,0,0,0,0,0,0,0,0,0,1,74F29E09FD012EFF4A085B03ABF634EE34059F097A0187FF4008E90210F70EEFF4179F092701A8FF310878022CF7C6EF530B8AE34D00200000184048
2026-09-12T15:45:00.6740542+00:00,9158,161426125,Connected,-1,24,412,-33,2051,1.9728222,-0.15801731,9.821015,543,-2293,-4018,0.6634328,-2.8015678,-4.909158,2820,-7285,64,169.2,-437.09998,3.84,0,0,0,0,0,0,0,0,0,0,0,1,CD2A9F099C01DFFF03081F020BF74EF0683F9F09300225008407DB0144F7E2F04D509F09CA029B003707A10126F89EF1040B8BE34000200000184048
2026-09-12T15:45:00.6907278+00:00,9159,161440525,Connected,-1,24,911,164,1772,4.3622355,0.78529817,8.485051,353,-1677,-3439,0.43129238,-2.0489442,-4.2017407,2784,-7282,58,167.04,-436.91998,3.48,0,0,0,0,0,0,0,0,0,0,0,1,0D639F098F03A400EC06610173F991F2E6759F0969049000B806100142FBB5F3D8889F091A058C00E206C0004EFD0AF5E00A8EE33A00200000184048
2026-09-12T15:45:00.7073823+00:00,9161,161469375,Connected,-1,24,1334,-35,1650,6.38773,-0.16759412,7.9008656,319,607,-1238,0.3897515,0.74162745,-1.5125779,2696,-7253,48,161.76,-435.18,2.8799999,0,0,0,0,0,0,0,0,0,0,0,1,BFD39F093605DDFF72063F015F022AFB7FE69F09CA049CFFF1068301D10277FC3FF99F098B035EFEAB06D401DA029EFD880AABE33000200000184048
2026-09-12T15:45:00.7240538+00:00,9162,161483800,Connected,-1,24,522,-603,1719,2.4995465,-2.8874073,8.231265,573,773,-398,0.70008653,0.94444484,-0.48627302,2678,-7240,47,160.68,-434.4,2.82,0,0,0,0,0,0,0,0,0,0,0,1,180CA0090A02A5FDB7063D02050372FED81EA00989003AFD0D07BD02FF02DFFE9831A009C0FF26FD9C074A035C02E5FE760AB8E32F00200000184048
2026-09-12T15:45:00.7407142+00:00,9163,161498200,Connected,-1,24,-81,-724,2031,-0.3878607,-3.466804,9.725247,997,285,-354,1.218126,0.34821057,-0.4325142,2651,-7211,46,159.06,-432.66,2.76,0,0,0,0,0,0,0,0,0,0,0,1,5844A009AFFF2CFDEF07E5031D019EFE3157A0092400E7FD32086E04EDFF35FEF169A009830003FFB508A50465FFE5FD5B0AD5E32E00200000184048
2026-09-12T15:45:00.7573855+00:00,9164,161512625,Connected,-1,24,202,-15,2328,0.9672575,-0.07182605,11.147403,1119,-164,-574,1.3671846,-0.2003738,-0.7013083,2641,-7193,47,158.45999,-431.58,2.82,0,0,0,0,0,0,0,0,0,0,0,1,B17CA009CA00F1FF18095F045CFFC2FD718FA00906016E004E09B103A8FFBEFD4AA2A00940015E003C09CE021F00D1FD510AE7E32F00200000184048
2026-09-12T15:45:00.7740543+00:00,9165,161527050,Connected,-1,24,372,-5,2304,1.7812861,-0.023942016,11.032481,511,165,-521,0.62433547,0.20159559,-0.63655335,2619,-7159,50,157.14,-429.53998,3,0,0,0,0,0,0,0,0,0,0,0,1,0AB5A0097401FBFF0009FF01A500F7FDCAC7A009AD0180FFA508740122013AFE8ADAA009FC011AFF3C082D01880195FE3B0A09E43200200000184048
2026-09-12T15:45:00.7907255+00:00,9167,161555875,Connected,-1,24,838,-414,1927,4.012682,-1.982399,9.227253,380,723,174,0.46428075,0.88335526,0.21259172,2610,-7120,52,156.59999,-427.19998,3.12,0,0,0,0,0,0,0,0,0,0,0,1,A325A109460362FE87077C01D302AE006338A109A90364FE7A079801370376013C4BA109050457FE6807AA01B0035C02320A30E43400200000184048
2026-09-12T15:45:00.8074007+00:00,9168,161570300,Connected,-1,24,1096,-413,1858,5.2480903,-1.9776106,8.896853,446,1082,863,0.544919,1.3219784,1.054406,2611,-7110,52,156.66,-426.59998,3.12,0,0,0,0,0,0,0,0,0,0,0,1,FC5DA109480463FE4207BE013A045F03BC70A109520480FE2F07D201DC0477047C83A1094404A6FE4107E1017B059105330A3AE43400200000184048
2026-09-12T15:45:00.8240594+00:00,9169,161584725,Connected,-1,24,1165,-297,1853,5.57849,-1.4221559,8.872911,485,1556,1701,0.5925689,1.9011075,2.0782673,2623,-7097,56,157.37999,-425.81998,3.36,0,0,0,0,0,0,0,0,0,0,0,1,5596A1098D04D7FE3D07E5011406A50615A9A109100503FF1A07D201E306C307D5BBA109940543FFED06A30112080D093F0A47E43800200000184048
2026-09-12T15:45:00.8407222+00:00,9170,161599325,Connected,-1,24,1535,-74,1735,7.350199,-0.35434186,8.307879,359,2446,2714,0.43862316,2.988502,3.315942,2635,-7092,59,158.09999,-425.52,3.54,0,0,0,0,0,0,0,0,0,0,0,1,5DCFA109FF05B6FFC70667018E099A0A6EE1A1090D065B00B8062C01220B790C2EF4A109BF0510019D06FA009F0CA10E4B0A4CE43B00200000184048
2026-09-12T15:45:00.8573952+00:00,9171,161613550,Connected,-1,24,1279,413,1678,6.1243677,1.9776106,8.034941,216,3563,4347,0.26390696,4.353243,5.3111277,2649,-7089,61,158.94,-425.34,3.6599998,0,0,0,0,0,0,0,0,0,0,0,1,EE06A209FF049D018E06D800EB0DFB10AE19A209EF03D9017306C800E60E59136E2CA2097002CC016606C900B30F7E15590A4FE43D00200000184048
2026-09-12T15:45:00.8740614+00:00,9173,161642375,Connected,-1,24,-575,330,1917,-2.753332,1.5801731,9.179369,241,4133,6600,0.29445174,5.049664,8.063824,2704,-7078,61,162.23999,-424.68,3.6599998,0,0,0,0,0,0,0,0,0,0,0,1,8777A209C1FD4A017D07F1002510C819608AA2094BFD4501AB07E600FA0F371A209DA209A5FDE6000308BC00DF0FAF1A900A5AE43D00200000184048
2026-09-12T15:45:00.8907178+00:00,9174,161656800,Connected,-1,24,-429,264,2103,-2.054225,1.2641385,10.070012,110,4055,7120,0.13439706,4.9543643,8.699156,2748,-7068,61,164.87999,-424.08,3.6599998,0,0,0,0,0,0,0,0,0,0,0,1,E0AFA20953FE080137086E00D70FD01BA0C2A2093EFE960137082700FD0F971D79D5A20948FE1802CA072100FB0F921FBC0A64E43D00200000184048
2026-09-12T15:45:00.9073881+00:00,9175,161671225,Connected,-1,24,-497,698,1825,-2.3798366,3.3423057,8.738836,79,4128,8655,0.09652153,5.0435553,10.574605,2774,-7063,61,166.44,-423.78,3.6599998,0,0,0,0,0,0,0,0,0,0,0,1,39E8A2090FFEBA0221074F002010CF21F9FAA20944FD6F03BD065400C4100424B90DA309FAFB11045F06F9FF9611CF25D60A69E43D00200000184048
2026-09-12T15:45:00.9240536+00:00,9176,161685650,Connected,-1,24,-1322,1136,1596,-6.3302693,5.439626,7.642292,-149,4674,9965,-0.18204693,5.7106533,12.175152,2803,-7059,61,168.18,-423.53998,3.6599998,0,0,0,0,0,0,0,0,0,0,0,1,9220A309D6FA70043C066BFF4212ED265233A30915FA9E048006DCFE241276271246A309BFF911058B065BFEF810B227F30A6DE43D00200000184048
2026-09-12T15:45:00.9407235+00:00,9177,161700050,Connected,-1,24,-1591,1450,1638,-7.61835,6.943185,7.843405,-519,4008,10161,-0.6341098,4.89694,12.414623,2803,-7059,61,168.18,-423.53998,3.6599998,0,0,0,0,0,0,0,0,0,0,0,1,D258A309C9F9AA056606F9FDA80FB127AB6BA309E2F932063D069EFDDF0E76276B7EA309D3F98F060F0640FD740EFC26F30A6DE43D00200000184048
2026-09-12T15:45:00.9573808+00:00,9178,161714475,Connected,-1,24,-1670,1669,1503,-7.9966335,7.991845,7.1969705,-786,3667,9762,-0.9603281,4.4803095,11.927129,2803,-7059,61,168.18,-423.53998,3.6599998,0,0,0,0,0,0,0,0,0,0,0,1,2B91A3097AF98506DF05EEFC530E2226EBA3A30916F94406EC05C5FC150EE124C4B6A309B8F8FF05EB05BCFC680D6323F30A6DE43D00200000184048
2026-09-12T15:45:00.9740609+00:00,9179,161728900,Connected,-1,24,-1956,1467,1507,-9.3661175,7.0245876,7.216124,-815,3204,8608,-0.9957601,3.91462,10.517181,2835,-7049,63,170.09999,-422.94,3.78,0,0,0,0,0,0,0,0,0,0,0,1,84C9A3095CF8BB05E305D1FC840CA02144DCA30908F88F050B0601FD350BCE1F04EFA309CAF74A0557064CFD6B09081E130B77E43F00200000184048
2026-09-12T15:45:00.9907048+00:00,9181,161757725,Connected,-1,24,-1670,881,1314,-7.9966335,4.2185836,6.291962,-64,1378,5925,-0.078194655,1.6836287,7.2391148,2929,-7018,74,175.73999,-421.08,4.44,0,0,0,0,0,0,0,0,0,0,0,1,1D3AA4097AF971032205C0FF62052517DD4CA409D7F92C03A0055B00A105D3159D5FA4092DFACB02E106BF00C305DD14710B96E44A00200000184048
2026-09-12T15:45:01.0240502+00:00,9182,161772150,Connected,-1,24,-1372,299,2603,-6.5696893,1.4317327,12.464214,95,1285,5185,0.11607019,1.5700021,6.334989,2960,-7005,79,177.59999,-420.3,4.74,0,0,0,0,0,0,0,0,0,0,0,1,7672A409A4FA2B012B0A5F00050541143685A4097DFB92FFB60A5CFE0203BA13F697A40951FCE5FF2908B6FC3802C812900BA3E44F00200000184048
2026-09-12T15:45:01.0407229+00:00,9184,161800975,Connected,-1,24,-179,954,1765,-0.8571242,4.5681367,8.451532,-1168,650,4285,-1.4270525,0.7941645,5.2353764,3036,-6956,95,182.15999,-417.36,5.7,0,0,0,0,0,0,0,0,0,0,0,1,0FE3A4094DFFBA03E50670FB8A02BD10CFF5A40971FF6E041C063BFB1C039510A808A5093EFFBF04880527FBA4034310DC0BD4E45F00200000184048
2026-09-12T15:45:01.0573889+00:00,9185,161815400,Connected,-1,24,-168,1299,1300,-0.80445176,6.220136,6.2249246,-1212,1014,4040,-1.4808112,1.2388966,4.9360375,3077,-6922,109,184.62,-415.31998,6.54,0,0,0,0,0,0,0,0,0,0,0,1,681BA50958FF1305140544FBF603C80F282EA509A5FF7B05E404A1FB0704790FE840A5090E00E305D40424FC0D04930F050CF6E46D00200000184048
2026-09-12T15:45:01.0740429+00:00,9186,161829825,Connected,-1,24,73,1548,1286,0.34955344,7.4124484,6.157887,-815,1021,4106,-0.9957601,1.2474492,5.016676,3091,-6906,116,185.45999,-414.36,6.96,0,0,0,0,0,0,0,0,0,0,0,1,C153A50949000C060605D1FCFD030A108166A5097400F00558059EFDDE03AC104179A509A000B9058E0563FE19043211130C06E57400200000184048
2026-09-12T15:45:01.0907228+00:00,9187,161844225,Connected,-1,24,111,1438,1499,0.5315128,6.885724,7.177817,-276,1293,4477,-0.33721444,1.5797764,5.4699607,3110,-6877,131,186.59999,-412.62,7.8599997,0,0,0,0,0,0,0,0,0,0,0,1,018CA5096F009E05DB05ECFE0D057D11C19EA5094600BA051D0623FF59069E119AB1A509E5FFED0578060CFF9007BB11260C23E58300200000184048
2026-09-12T15:45:01.1073814+00:00,9189,161873075,Connected,-1,24,-828,1164,2050,-3.964798,5.5737014,9.816227,-1146,1890,4660,-1.4001731,2.309186,5.693548,3127,-6839,159,187.62,-410.34,9.54,0,0,0,0,0,0,0,0,0,0,0,1,B3FCA509C4FC8C04020886FB62073412730FA609B8FCE703960760FA4A061F123322A609A2FC940379074FF91205F011370C49E59F00200000184048
2026-09-12T15:45:01.1240635+00:00,9190,161887500,Connected,-1,24,-885,884,1862,-4.237737,4.232949,8.916007,-1975,937,4512,-2.4130383,1.1448187,5.5127234,3126,-6832,166,187.56,-409.91998,9.96,0,0,0,0,0,0,0,0,0,0,0,1,0C35A6098BFC7403460749F8A903A011CC47A6099BFC4C03DD0671F7520235118C5AA609D8FC0A039706E5F64001B710360C50E5A600200000184048
2026-09-12T15:45:01.1407178+00:00,9191,161901900,Connected,-1,24,-713,722,1629,-3.4141316,3.4572272,7.800309,-2411,132,4139,-2.9457393,0.16127647,5.056995,3122,-6825,181,187.31999,-409.5,10.86,0,0,0,0,0,0,0,0,0,0,0,1,4C6DA60937FDD2025D0695F684002B102580A60997FDB302530662F64400880FE592A609DAFDEE02BD0641F66E00C20E320C57E5B500200000184048
2026-09-12T15:45:01.1573915+00:00,9192,161916325,Connected,-1,24,-554,901,1893,-2.6527755,4.3143516,9.064447,-2533,189,3546,-3.0947978,0.23091859,4.332473,3113,-6828,188,186.78,-409.68,11.28,0,0,0,0,0,0,0,0,0,0,0,1,A5A5A609D6FD850365071BF6BD00DA0D65B8A6099FFD3204E107E8F5DE00DA0C3ECBA6095FFDCE04F907A6F5B400C70B290C54E5BC00200000184048
2026-09-12T15:45:01.1740591+00:00,9193,161930750,Connected,-1,24,-702,1299,2026,-3.3614593,6.220136,9.701305,-2725,74,2709,-3.3293817,0.09041257,3.309833,3105,-6834,193,186.3,-410.03998,11.58,0,0,0,0,0,0,0,0,0,0,0,1,FEDDA60942FD1305EA075BF54A00950ABEF0A60989FD0C05A90712F5BFFF41097E03A7092EFE2F055707E9F449FFF707210C4EE5C100200000184048
2026-09-12T15:45:01.1907198+00:00,9195,161959575,Connected,-1,24,663,1271,1576,3.1747115,6.0860605,7.5465236,-2605,-202,2424,-3.182767,-0.24680188,2.9616225,3082,-6875,204,184.92,-412.5,12.24,0,0,0,0,0,0,0,0,0,0,0,1,974EA7099702F7042806D3F536FF78095761A709B902AD043A0661F61200200B3074A7096402A6045F06ECF6CB00BD0C0A0C25E5CC00200000184048
2026-09-12T15:45:01.2240519+00:00,9197,161988425,Connected,-1,24,-466,1081,2132,-2.231396,5.1762643,10.208876,-2130,-577,4487,-2.6024158,-0.7049737,5.482178,3053,-6936,203,183.18,-416.16,12.179999,0,0,0,0,0,0,0,0,0,0,0,1,49BFA7092EFE39045408AEF7BFFD871109D2A709FAFD8F03E90785F7C6FCEA11C9E4A7091DFEDC027C0761F762FCD011ED0BE8E4CB00200000184048
2026-09-12T15:45:01.2573769+00:00,9199,162017250,Connected,-1,24,-295,543,1525,-1.412579,2.6001031,7.302315,-2116,-339,3601,-2.5853107,-0.4141873,4.399671,3020,-7015,196,181.2,-420.9,11.759999,0,0,0,0,0,0,0,0,0,0,0,1,E22FA809D9FE1F02F505BCF7ADFE110EBB42A809F1FE6B02D80521F8FFFF8B0C7B55A8092FFF1D03C605B1F885001A0BCC0B99E4C400200000184048
2026-09-12T15:45:01.2740435+00:00,9200,162031675,Connected,-1,24,-211,1017,1391,-1.0103531,4.8698063,6.6606693,-1692,102,2548,-2.0672712,0.12462273,3.1131246,2994,-7078,183,179.64,-424.68,10.98,0,0,0,0,0,0,0,0,0,0,0,1,3B68A8092DFFF9036F0564F96600F409FB7AA80969FF8004FD043DFA2A001B09BB8DA809D2FFF204730453FBDCFFB508B20B5AE4B700200000184048
2026-09-12T15:45:01.2907044+00:00,9201,162047375,Connected,-1,24,74,1358,1049,0.35434186,6.5026517,5.023035,-889,-16,2250,-1.0861726,-0.019548664,2.7490308,2981,-7110,177,178.86,-426.59998,10.62,0,0,0,0,0,0,0,0,0,0,0,1,8FA5A8094A004E05190487FCF0FFCA0854B3A8096D008F054904B0FD75003D0914C6A8095300A305E204BDFEF200DC09A50B3AE4B100200000184048
2026-09-12T15:45:01.3074001+00:00,9202,162060500,Connected,-1,24,26,1442,1444,0.12449849,6.9048777,6.9144545,-89,212,2694,-0.10873944,0.2590198,3.2915063,2968,-7139,171,178.08,-428.34,10.26,0,0,0,0,0,0,0,0,0,0,0,1,D4D8A8091A00A205A405A7FFD400860AADEBA809DAFF71053706670004002A0B6DFEA809BBFF2C056E06FA00D4FEB00B980B1DE4AB00200000184048
2026-09-12T15:45:01.3240397+00:00,9203,162074925,Connected,-1,24,-122,1229,1696,-0.58418524,5.884948,8.121132,360,-592,3084,0.43984494,-0.7233006,3.768005,2948,-7192,153,176.87999,-431.52,9.179999,0,0,0,0,0,0,0,0,0,0,0,1,2D11A90986FFCD04A0066801B0FD0C0CED23A9092BFF6C04E506C70188FC4A0CC636A909E8FEF403EA06270228FB680C840BE8E39900200000184048
2026-09-12T15:45:01.3407259+00:00,9205,162103775,Connected,-1,24,-406,465,1611,-1.9440918,2.2266076,7.714118,997,-2476,2936,1.218126,-3.0251558,3.58718,2920,-7253,127,175.2,-435.18,7.62,0,0,0,0,0,0,0,0,0,0,0,1,DF81A9096AFED1014B06E50354F6780B9F94A909DCFE32018E068D04D0F5050B5FA7A909CFFF9800CD063A0587F5C50A680BABE37F00200000184048
2026-09-12T15:45:01.3574061+00:00,9206,162118175,Connected,-1,24,138,77,1825,0.6607997,0.36870706,8.738836,1537,-2529,2755,1.8778936,-3.0899107,3.3660355,2908,-7269,119,174.48,-436.13998,7.14,0,0,0,0,0,0,0,0,0,0,0,1,1FBAA9098A004D00210701061FF6C30ADFCCA909D20055006D07C506B4F7CA0AB8DFA9097A00C500D707620751FA7B0A5C0B9BE37700200000184048
2026-09-12T15:45:01.3740588+00:00,9207,162132600,Connected,-1,24,-85,371,2297,-0.40701428,1.7764976,10.998962,1941,-654,2476,2.3714974,-0.79905164,3.0251558,2883,-7289,109,172.98,-437.34,6.54,0,0,0,0,0,0,0,0,0,0,0,1,78F2A909ABFF7301F908950772FDAC093805AA09F8FE0902040A2407CEFF7C08F817AA099AFE7A02A10A180627010507430B87E36D00200000184048
2026-09-12T15:45:01.3910362+00:00,9208,162147000,Connected,-1,24,-367,684,2827,-1.757344,3.2752678,13.536817,1194,481,1382,1.458819,0.5876817,1.6885158,2871,-7295,104,172.26,-437.69998,6.24,0,0,0,0,0,0,0,0,0,0,0,1,B82AAA0991FEAC020B0BAA04E1016605913DAA09AEFEC602490B0C035602C3035150AA09F5FEBA024D0B5501A0024702370B81E36800200000184048
2026-09-12T15:45:01.4077220+00:00,9209,162161425,Connected,-1,24,-135,667,2829,-0.6464345,3.193865,13.546393,-76,728,263,-0.092856154,0.8894642,0.32133117,2852,-7301,98,171.12,-438.06,5.8799996,0,0,0,0,0,0,0,0,0,0,0,1,1163AA0979FF9B020D0BB4FFD8020701D175AA09290060029B0A59FE0D031100AA88AA09F8003202E50960FD1C036AFF240B7BE36200200000184048
2026-09-12T15:45:01.4243307+00:00,9211,162190250,Connected,-1,24,606,538,1870,2.9017725,2.5761611,8.954314,-932,636,-73,-1.1387097,0.7770594,-0.08919078,2831,-7300,95,169.86,-438,5.7,0,0,0,0,0,0,0,0,0,0,0,1,AAD3AA095E021A024E075CFC7C02B7FF83E6AA092D02180201079BFC9F022C0043F9AA09DC013702D5060FFDB202B7000F0B7CE35F00200000184048
2026-09-12T15:45:01.4409993+00:00,9212,162204675,Connected,-1,24,344,609,1746,1.6472107,2.9161377,8.360553,-609,701,315,-0.744071,0.85647583,0.38486433,2826,-7300,93,169.56,-438,5.58,0,0,0,0,0,0,0,0,0,0,0,1,030CAB0958016102D2069FFDBD023B01DC1EAB099C008C02E60623FECB0285019C31AB09DBFF9D0215078CFEDB0266010A0B7CE35D00200000184048
2026-09-12T15:45:01.4577013+00:00,9213,162219100,Connected,-1,24,-186,681,1868,-0.89064306,3.2609026,8.944737,-280,726,223,-0.3421016,0.88702065,0.2724595,2820,-7298,91,169.2,-437.88,5.46,0,0,0,0,0,0,0,0,0,0,0,1,5C44AB0946FFA9024C07E8FED602DF001C57AB09FAFE9E02B70744FFAF020F00DC69AB091CFF7E022608A1FF2A0219FF040B7EE35B00200000184048
2026-09-12T15:45:01.4743153+00:00,9214,162233525,Connected,-1,24,-53,642,2162,-0.25378537,3.074155,10.352529,-9,371,-482,-0.010996124,0.45328465,-0.5889035,2814,-7294,88,168.84,-437.63998,5.2799997,0,0,0,0,0,0,0,0,0,0,0,1,B57CAB09CBFF82027208F7FF73011EFE758FAB09BF00CA02AA083E00E6003DFD35A2AB09660DF4108A2D8EFEE3000EFDFE0A82E35800200000184048
2026-09-12T15:45:01.4910538+00:00,9215,162247925,Connected,-1,24,870,569,2417,4.1659107,2.7246015,11.573571,-3203,1220,-206,-3.9133983,1.4905856,-0.25168905,2813,-7294,87,168.78,-437.63998,5.22,0,0,0,0,0,0,0,0,0,0,0,1,F5B4AB096603390271097DF3C40432FFCEC7AB099A009BFD25009BF265093DFE8EDAAB090D010EFE93FFEAF678082AFDFD0A82E35700200000184048
2026-09-12T15:45:01.5076406+00:00,9216,162262350,Connected,-1,24,299,-85,-1426,1.4317327,-0.40701428,-6.8282633,-737,1892,-942,-0.9004603,2.3116295,-1.1509275,2819,-7297,84,169.14,-437.81998,5.04,0,0,0,0,0,0,0,0,0,0,0,1,4EEDAB092B01ABFF6EFA1FFD640752FC0E00AC09600A490D7D22F803280810FCE712AC09D0024A039F0660FDA4088CFE030B7FE35400200000184048
2026-09-12T15:45:01.5243121+00:00,9217,162276775,Connected,-1,24,460,828,-724,2.2026656,3.964798,-3.466804,-15,2573,-405,-0.018326873,3.1436696,-0.49482554,2827,-7300,81,169.62,-438,4.8599997,0,0,0,0,0,0,0,0,0,0,0,1,A725AC09CC013C032CFDF1FF0D0A6BFE6738AC097A010405D10C3901A10A7FFE274BAC09EF001D037F0B7AFF010764FF0B0B7CE35100200000184048
2026-09-12T15:45:01.5409675+00:00,9218,162291200,Connected,-1,24,392,814,1968,1.8770541,3.8977604,9.423578,44,1179,86,0.053758826,1.4404922,0.10507407,2851,-7309,75,171.06,-438.53998,4.5,0,0,0,0,0,0,0,0,0,0,0,1,005EAC0988012E03B0072C009B045600C070AC095B014F0322072900E3030E018083AC09B4003F0396082200EC02A801230B73E34B00200000184048
2026-09-12T15:45:01.5576834+00:00,9219,162305600,Connected,-1,24,169,780,2244,0.80924016,3.7349546,10.745177,34,508,543,0.04154091,0.6206701,0.6634328,2866,-7315,70,171.95999,-438.9,4.2,0,0,0,0,0,0,0,0,0,0,0,1,4096AC09A9000C03C4082200FC011F0200A9AC09D600EA0289071400E1019402D9BBAC09000138038407330065022C03320B6DE34600200000184048
2026-09-12T15:45:01.5743032+00:00,9221,162334450,Connected,-1,24,516,697,1876,2.4708161,3.3375173,8.983045,24,1465,1608,0.029322997,1.7899245,1.9646407,2911,-7336,58,174.66,-440.16,3.48,0,0,0,0,0,0,0,0,0,0,0,1,F206AD090402B90254071800B9054806B219AD097302AB0255073000F60645078B2CAD099102310348072900B5086C085F0B58E33A00200000184048
2026-09-12T15:45:01.5910073+00:00,9222,162348975,Connected,-1,24,537,1079,1938,2.5713725,5.1666875,9.279925,-12,2641,2489,-0.014661498,3.2267513,3.041039,2949,-7349,49,176.94,-440.94,2.9399998,0,0,0,0,0,0,0,0,0,0,0,1,AF3FAD09190237049207F4FF510AB9090B52AD096701E8048C08ADFF9B0A3E0BCB64AD0994004E05F20882FF2409170D850B4BE33100200000184048
2026-09-12T15:45:01.6076384+00:00,9223,162363275,Connected,-1,24,-16,1358,2288,-0.076614454,6.5026517,10.955867,-143,1600,3858,-0.17471619,1.9548664,4.7136717,2969,-7353,44,178.14,-441.18,2.6399999,0,0,0,0,0,0,0,0,0,0,0,1,8B77AD09F0FF4E05F00871FF4006120F4B8AAD098BFF2F05C10874FFE2020E11249DAD090EFF1305920855FF7EFFE112990B47E32C00200000184048
2026-09-12T15:45:01.6243031+00:00,9224,162377700,Connected,-1,24,-405,1287,2207,-1.9393034,6.1626754,10.5680065,-228,-921,5208,-0.27856845,-1.12527,6.36309,2992,-7358,40,179.51999,-441.47998,2.3999999,0,0,0,0,0,0,0,0,0,0,0,1,E4AFAD096BFE07059F081CFF67FC5814A4C2AD09D0FDD9047208E6FECEF96F1564D5AD092EFD2004DF07D0FE0AF73816B00B42E32800200000184048
2026-09-12T15:45:01.6409693+00:00,9225,162392100,Connected,-1,24,-811,878,2224,-3.8833952,4.2042184,10.649409,-48,-3007,5793,-0.058645993,-3.673927,7.077838,3033,-7369,36,181.98,-442.13998,2.1599998,0,0,0,0,0,0,0,0,0,0,0,1,24E8AD09D5FC6E03B008D0FF41F4A116FDFAAD0940FDC6032D0A0C0149F37516BD0DAE0973FC0C03CD060D018EF4FB15D90B37E32400200000184048
2026-09-12T15:45:01.6576376+00:00,9227,162420950,Connected,-1,24,-166,-284,1830,-0.79487497,-1.3599066,8.762778,608,-1576,4749,0.74284923,-1.9255434,5.8022876,3075,-7374,33,184.5,-442.44,1.9799999,0,0,0,0,0,0,0,0,0,0,0,1,D658AE095AFFE4FE26076002D8F98D12966BAE09C7FF17FE33087F02A6FB4C11567EAE0904009EFDE8085402BEFC7E10030C32E32100200000184048
2026-09-12T15:45:01.6743024+00:00,9228,162435375,Connected,-1,24,78,-615,2461,0.37349546,-2.944868,11.784261,627,-786,4132,0.7660633,-0.9603281,5.0484424,3087,-7372,37,185.22,-442.31998,2.22,0,0,0,0,0,0,0,0,0,0,0,1,2F91AE094E0099FD9D097302EEFC2410EFA3AE097F00D3FDB109A7029AFC0F10AFB6AE094F00F4FD7C09D5022AFCF00F0F0C34E32500200000184048
2026-09-12T15:45:01.6909738+00:00,9229,162449775,Connected,-1,24,20,-433,2465,0.095768064,-2.0733786,11.803414,776,-1174,3991,0.9481102,-1.4343832,4.8761697,3104,-7363,45,186.23999,-441.78,2.7,0,0,0,0,0,0,0,0,0,0,0,1,6FC9AE0914004FFEA10908036AFB970F48DCAE09180003FFBF0921030DFA120F08EFAE094F00C6FF40092703C6F8860E200C3DE32D00200000184048
2026-09-12T15:45:01.7076269+00:00,9230,162464200,Connected,-1,24,135,85,2218,0.6464345,0.40701428,10.620679,830,-2088,3590,1.014087,-2.5511007,4.3862314,3112,-7357,49,186.72,-441.41998,2.9399998,0,0,0,0,0,0,0,0,0,0,0,1,C801AF0987005500AA083E03D8F7060E8814AF09B400F4002108630393F7770D6127AF09A7005501C5075F030EF89A0C280C43E33100200000184048
2026-09-12T15:45:01.7243024+00:00,9231,162478625,Connected,-1,24,169,342,1902,0.80924016,1.6376339,9.107543,786,-1782,2909,0.9603281,-2.1772325,3.5541914,3117,-7337,62,187.01999,-440.22,3.72,0,0,0,0,0,0,0,0,0,0,0,1,213AAF09A90056016E0712030AF95D0BE14CAF09C10056019507C30208FAFC09A15FAF09F500730105088002ECFA84082D0C57E33E00200000184048
2026-09-12T15:45:01.7409727+00:00,9233,162507450,Connected,-1,24,387,373,1842,1.8531121,1.7860745,8.820239,235,-237,694,0.287121,-0.28956458,0.8479233,3113,-7316,78,186.78,-438.96,4.68,0,0,0,0,0,0,0,0,0,0,0,1,BAAAAF09830175013207EB0013FFB60293BDAF09680117012907990006015E0153D0AF094001F10006074D00F7020900290C6CE34E00200000184048
2026-09-12T15:45:01.7576337+00:00,9234,162521875,Connected,-1,24,821,353,1816,3.9312792,1.6903064,8.695741,20,1194,-285,0.02443583,1.458819,-0.34821057,3100,-7292,98,186,-437.52,5.8799996,0,0,0,0,0,0,0,0,0,0,0,1,13E3AF093503610118071400AA04E3FED3F5AF091D03EC018A0719005F05A5FEAC08B009000398015F070A00E6058CFE1C0C84E36200200000184048
2026-09-12T15:45:01.7742974+00:00,9235,162536300,Connected,-1,24,717,359,1842,3.4332852,1.7190368,8.820239,15,1644,-406,0.018326873,2.0086253,-0.49604735,3093,-7280,106,185.58,-436.8,6.3599997,0,0,0,0,0,0,0,0,0,0,0,1,6C1BB009CD02670132070F006C066AFE2C2EB009CC02AF0166071800F10644FEEC40B009B402B30196071400750727FE150C90E36A00200000184048
2026-09-12T15:45:01.8076340+00:00,9237,162565125,Connected,-1,24,558,440,1973,2.6719291,2.1068976,9.44752,19,2386,-590,0.023214038,2.9151945,-0.72085696,3087,-7251,128,185.22,-435.06,7.68,0,0,0,0,0,0,0,0,0,0,0,1,058CB0092E02B801B50713005209B2FDDE9EB0090402A601B4071400BD0997FD9EB1B009D801AE01BC071600250A7EFD0F0CADE38000200000184048
2026-09-12T15:45:01.8242946+00:00,9238,162579550,Connected,-1,24,433,444,1999,2.0733786,2.1260512,9.572019,20,2691,-664,0.02443583,3.2878408,-0.8112695,3098,-7232,136,185.87999,-433.91998,8.16,0,0,0,0,0,0,0,0,0,0,0,1,5EC4B009B101BC01CF071400830A68FD1ED7B0098801BD01EA071500DA0A51FDF7E9B0095601BE01E60715002A0B3DFD1A0CC0E38800200000184048
2026-09-12T15:45:01.8409691+00:00,9239,162593975,Connected,-1,24,294,448,2030,1.4077905,2.1452048,9.720459,21,2930,-724,0.025657622,3.579849,-0.88457704,3107,-7225,136,186.42,-433.5,8.16,0,0,0,0,0,0,0,0,0,0,0,1,B7FCB0092601C001EE071500720B2CFD770FB109FA00CA0106081600AC0B1DFD3722B109C400D3011B081300DD0B11FD230CC7E38800200000184048
2026-09-12T15:45:01.8577933+00:00,9240,162608400,Connected,-1,24,146,460,2076,0.6991069,2.2026656,9.940725,18,3080,-761,0.021992248,3.7631178,-0.92978334,3136,-7216,131,188.15999,-432.96,7.8599997,0,0,0,0,0,0,0,0,0,0,0,1,1035B1099200CC011C081200080C07FDD047B1095D00CB0113081300230C00FD905AB1092B00D10123081300370CFBFC400CD0E38300200000184048
2026-09-12T15:45:01.8743160+00:00,9241,162622825,Connected,-1,24,-7,473,2101,-0.033518825,2.2649148,10.060435,22,3135,-776,0.026879413,3.8303163,-0.9481102,3151,-7213,128,189.06,-432.78,7.68,0,0,0,0,0,0,0,0,0,0,0,1,696DB109F9FFD901350816003F0CF8FC2980B109C6FFD601320819003B0CFBFCE992B10995FFD1012E081B00290CFFFC4F0CD3E38000200000184048
2026-09-12T15:45:01.8911189+00:00,9243,162651675,Connected,-1,24,-292,476,2091,-1.3982137,2.27928,10.012551,37,2936,-723,0.045206286,3.58718,-0.88335526,3224,-7208,101,193.44,-432.47998,6.06,0,0,0,0,0,0,0,0,0,0,0,1,1BDEB109DCFEDC012B082500780B2DFDC2F0B109A7FEDB0132082600300B40FD8203B2097EFEDD012C082400E50A53FD980CD8E36500200000184048
2026-09-12T15:45:01.9077214+00:00,9244,162666075,Connected,-1,24,-426,472,2097,-2.0398598,2.2601264,10.041282,37,2703,-663,0.045206286,3.3025024,-0.81004775,3253,-7209,90,195.18,-432.53998,5.4,0,0,0,0,0,0,0,0,0,0,0,1,5B16B20956FED801310825008F0A69FD1B29B2092EFEDC012A082400350A7FFDDB3BB20907FED70123082100D30997FDB50CD7E35A00200000184048
2026-09-12T15:45:01.9246911+00:00,9245,162680475,Connected,-1,24,-534,474,2071,-2.5570073,2.2697031,9.916783,31,2415,-590,0.037875537,2.9506264,-0.72085696,3317,-7212,62,199.01999,-432.72,3.72,0,0,0,0,0,0,0,0,0,0,0,1,9B4EB209EAFDDA0117081F006F09B2FD7461B209CAFDD30110081A00FF08CCFD3474B209AEFDD3010B0819009008E7FDF50CD4E33E00200000184048
2026-09-12T15:45:01.9411760+00:00,9246,162694900,Connected,-1,24,-625,470,2048,-2.992752,2.2505496,9.80665,23,2075,-508,0.028101204,2.5352173,-0.6206701,3350,-7214,46,201,-432.84,2.76,0,0,0,0,0,0,0,0,0,0,0,1,F486B2098FFDD601000817001B0804FEB499B20974FDD001F8071400A40721FE8DACB20965FDCC01F507110029073FFE160DD2E32E00200000184048
2026-09-12T15:45:01.9579360+00:00,9247,162709325,Connected,-1,24,-699,457,2035,-3.347094,2.1883004,9.744401,17,1709,-418,0.020770455,2.0880415,-0.51070887,3415,-7213,13,204.9,-432.78,0.78,0,0,0,0,0,0,0,0,0,0,0,1,4DBFB20945FDC901F3071100AD065EFE0DD2B20936FDCC01EF070E0030067CFECDE4B2092BFDC201DE070C00B1059CFE570DD3E30D00200000184048
2026-09-12T15:45:01.9745556+00:00,9249,162738150,Connected,-1,24,-782,452,1997,-3.7445314,2.1643584,9.562442,7,931,-229,0.00855254,1.1374879,-0.27979025,3501,-7212,-38,210.06,-432.72,-2.28,0,0,0,0,0,0,0,0,0,0,0,1,E62FB309F2FCC401CD070700A3031BFFBF42B309ECFCBE01C907070022033EFF7F55B309E4FCC201C2070600A0025FFFAD0DD4E3DAFF200000184048
2026-09-12T15:45:01.9912017+00:00,9250,162752575,Connected,-1,24,-807,447,1988,-3.8642416,2.1404164,9.519346,5,542,-129,0.0061089573,0.662211,-0.1576111,3525,-7211,-53,211.5,-432.66,-3.1799998,0,0,0,0,0,0,0,0,0,0,0,1,3F68B309D9FCBF01C40705001E027FFFFF7AB309DCFCC201C20704009E01A0FFBF8DB309D9FCBE01C10703001E01C1FFC50DD5E3CBFF200000184048
2026-09-12T15:45:02.0078561+00:00,9251,162767000,Connected,-1,24,-814,446,1986,-3.8977604,2.135628,9.509769,3,157,-30,0.0036653746,0.19182126,-0.036653746,3567,-7208,-82,214.01999,-432.47998,-4.92,0,0,0,0,0,0,0,0,0,0,0,1,98A0B309D2FCBE01C20703009D00E2FF58B3B309CEFCC001C20701001F00010018C6B309DCFCC001BD070100A3FF2000EF0DD8E3AEFF200000184048
2026-09-12T15:45:02.0411865+00:00,9253,162795825,Connected,-1,24,-95,619,1812,-0.45489833,2.9640217,8.676587,-165,415,46,-0.20159559,0.5070435,0.056202408,3614,-7207,-120,216.84,-432.41998,-7.2,0,0,0,0,0,0,0,0,0,0,0,1,3111B409A1FF6B0214075BFF9F012E002324B409EBFDD4019E0A9BFF0F044200B136B40949FFF4005B058DFF720510001E0ED9E388FF200000184048
2026-09-12T15:45:02.0578383+00:00,9255,162824650,Connected,-1,24,-588,391,1770,-2.815581,1.8722657,8.475474,-242,3172,-176,-0.29567355,3.8755226,-0.2150353,3644,-7200,-142,218.64,-432,-8.5199995,0,0,0,0,0,0,0,0,0,0,0,1,CA81B409B4FD8701EA060EFF640C50FFA394B409C5FCD701BE07F2FE740D58FF63A7B4090DFCDA015807BFFE960D79FF3C0EE0E372FF200000184048
2026-09-12T15:45:02.0911705+00:00,9256,162839075,Connected,-1,24,-1060,444,1821,-5.0757074,2.1260512,8.719683,-362,3458,-102,-0.44228852,4.224955,-0.12462273,3670,-7192,-171,220.2,-431.52,-10.26,0,0,0,0,0,0,0,0,0,0,0,1,23BAB409DCFBBC011D0796FE820D9AFFE3CCB40977FBC901130770FE270DDBFFBCDFB409F6FACB0121073FFE820C3400560EE8E355FF200000184048
2026-09-12T15:45:02.1078607+00:00,9257,162853500,Connected,-1,24,-1353,420,1764,-6.4787097,2.0111294,8.446744,-491,2947,159,-0.59989965,3.6006196,0.19426484,3683,-7187,-186,220.98,-431.22,-11.16,0,0,0,0,0,0,0,0,0,0,0,1,7CF2B409B7FAA401E40615FE830B9F003C05B5099CFA8D01AF06EDFD4D0A1001FC17B5098BFA9201B806C4FD13098401630EEDE346FF200000184048
2026-09-12T15:45:02.1245059+00:00,9259,162882325,Connected,-1,24,-1260,374,1702,-6.033388,1.7908629,8.149862,-762,1629,766,-0.9310051,1.9902984,0.9358923,3717,-7167,-230,223.01999,-430.02,-13.799999,0,0,0,0,0,0,0,0,0,0,0,1,1563B50914FB7601A60606FD5D06FE02D575B5091FFB8601A506D6FC3E064103AE88B5091AFB8101A806ADFC2E067B03850E01E41AFF200000184048
2026-09-12T15:45:02.1411804+00:00,9260,162896750,Connected,-1,24,-1257,380,1695,-6.019023,1.8195933,8.1163435,-889,1557,935,-1.0861726,1.9023293,1.142375,3742,-7145,-259,224.51999,-428.69998,-15.54,0,0,0,0,0,0,0,0,0,0,0,1,6E9BB50917FB7C019F0687FC1506A7032EAEB509F3FA800194066FFCE105C803EEC0B509B5FA82018D0663FC8205E7039E0E17E4FDFE200000184048
2026-09-12T15:45:02.1578385+00:00,9261,162911175,Connected,-1,24,-1378,384,1643,-6.5984197,1.8387469,7.867347,-935,1265,1036,-1.142375,1.5455662,1.265776,3755,-7134,-276,225.29999,-428.03998,-16.56,0,0,0,0,0,0,0,0,0,0,0,1,C7D3B5099EFA80016B0659FCF1040C0487E6B5098CFA7B0140063FFC5704400447F9B50980FA83012D0611FCD7038E04AB0E22E4ECFE200000184048
2026-09-12T15:45:02.1745049+00:00,9262,162925575,Connected,-1,24,-1412,404,1574,-6.7612257,1.934515,7.536947,-1078,899,1281,-1.3170912,1.0983906,1.5651149,3776,-7105,-307,226.56,-426.3,-18.42,0,0,0,0,0,0,0,0,0,0,0,1,070CB6097CFA94012606CAFB83030105E01EB60984FAA1011D0664FB7A038F05A031B60946FCD8016606E5FAC4032A06C00E3FE4CDFE200000184048
2026-09-12T15:45:02.1911689+00:00,9263,162940075,Connected,-1,24,-882,382,1727,-4.223372,1.8291701,8.269572,-1469,1317,1726,-1.7948117,1.6090994,2.108812,3788,-7088,-324,227.28,-425.28,-19.439999,0,0,0,0,0,0,0,0,0,0,0,1,AB44B6098EFC7E01BF0643FA2505BE062057B6096BFB7F01C7069DF94307D8065E6EB60983FB7301220630F9D508C006CC0E50E4BCFE200000184048
2026-09-12T15:45:02.2078508+00:00,9265,162968850,Connected,-1,24,-1318,312,1566,-6.3111157,1.4939818,7.4986396,-1873,2876,1446,-2.2884154,3.5138724,1.7667105,3819,-7028,-372,229.14,-421.68,-22.32,0,0,0,0,0,0,0,0,0,0,0,1,12B5B609DAFA38011E06AFF83C0BA605D2C7B609B2FA06011106F5F83D0B100592DAB6092BFA02012D0676F9EA0A6004EB0E8CE48CFE200000184048
2026-09-12T15:45:02.2244968+00:00,9266,162983275,Connected,-1,24,-1536,250,1528,-7.3549876,1.1971009,7.3166804,-1535,2638,929,-1.8754499,3.2230859,1.1350443,3828,-7006,-386,229.68,-420.36,-23.16,0,0,0,0,0,0,0,0,0,0,0,1,6BEDB60900FAFA00F80501FA4E0AA1032B00B709C7F9E100CF0597FA7B090503EB12B70975F9DA00B90538FB51089402F40EA2E47EFE200000184048
2026-09-12T15:45:02.2411529+00:00,9267,162997675,Connected,-1,24,-1728,227,1461,-8.274361,1.0869676,6.9958572,-1054,1734,585,-1.2877682,2.1185865,0.714748,3841,-6961,-413,230.45999,-417.66,-24.779999,0,0,0,0,0,0,0,0,0,0,0,1,AB25B70940F9E300B505E2FBC60649028438B70930F9EB00AC0590FC0C050F02444BB70935F9E0009E0542FD4D03D401010FCFE463FE200000184048
2026-09-12T15:45:02.2578207+00:00,9268,163012100,Connected,-1,24,-1730,222,1428,-8.283937,1.0630256,6.83784,-518,387,409,-0.632888,0.4728333,0.4997127,3846,-6940,-421,230.76,-416.4,-25.26,0,0,0,0,0,0,0,0,0,0,0,1,045EB7093EF9DE009405FAFD83019901C470B7092BF9DE009E05B8FEB6FF5F019D83B70932F9DE00A0057AFFE0FD2101060FE4E45BFE200000184048
2026-09-12T15:45:02.2744917+00:00,9269,163026525,Connected,-1,24,-1490,304,1421,-7.1347213,1.4556746,6.8043213,31,-926,237,0.037875537,-1.1313789,0.28956458,3854,-6900,-437,231.23999,-414,-26.22,0,0,0,0,0,0,0,0,0,0,0,1,5D96B7092EFA30018D051F0062FCED001DA9B709FAF95201A40515005FFCF100F6BBB7090CFA2B01AB050A0064FCF6000E0F0CE54BFE200000184048
2026-09-12T15:45:02.2911570+00:00,9271,163055375,Connected,-1,24,-1496,316,1476,-7.1634517,1.5131354,7.067683,15,-973,262,0.018326873,-1.1888031,0.32010937,3857,-6850,-445,231.42,-411,-26.699999,0,0,0,0,0,0,0,0,0,0,0,1,0F07B80928FA3C01C4050F0033FC0601CF19B80936FA4601CB050F0025FC0A018F2CB80944FA4701CC050F0017FC0F01110F3EE543FE200000184048
2026-09-12T15:45:02.3244943+00:00,9272,163069775,Connected,-1,24,-1469,333,1494,-7.0341644,1.5945383,7.153875,16,-1018,275,0.019548664,-1.2437837,0.33599266,3855,-6837,-443,231.29999,-410.22,-26.58,0,0,0,0,0,0,0,0,0,0,0,1,4F3FB80943FA4D01D605100006FC13010F52B8094AFA4E01E6050F00F1FB1801E864B80959FA4C01EA050E00DAFB1E010F0F4BE545FE200000184048
2026-09-12T15:45:02.3411613+00:00,9274,163098625,Connected,-1,24,-1417,344,1551,-6.7851677,1.6472107,7.4268136,15,-1166,311,0.018326873,-1.4246088,0.37997717,3851,-6807,-439,231.06,-408.41998,-26.34,0,0,0,0,0,0,0,0,0,0,0,1,01B0B80977FA58010F060F0072FB3701C1C2B80986FA5B011A06100054FB400181D5B8098EFA5F012506100031FB49010B0F69E549FE200000184048
2026-09-12T15:45:02.3578469+00:00,9275,163113075,Connected,-1,24,-1386,355,1584,-6.6367273,1.6998832,7.5848308,14,-1268,337,0.01710508,-1.5492316,0.41174373,3850,-6801,-434,231,-408.06,-26.039999,0,0,0,0,0,0,0,0,0,0,0,1,73E8B80996FA630130060E000CFB51011AFBB809A4FA61013C060E00E5FA5B01DA0DB909ABFA640141060F00BEFA65010A0F6FE54EFE200000184048
2026-09-12T15:45:02.3744979+00:00,9276,163127450,Connected,-1,24,-1354,360,1618,-6.483498,1.7238252,7.747637,17,-1390,368,0.020770455,-1.6982902,0.44961926,3844,-6795,-419,230.64,-407.69998,-25.14,0,0,0,0,0,0,0,0,0,0,0,1,9A20B909B6FA68015206110092FA70015A33B909C4FA6E015A06100066FA7D013346B909D2FA700163060F0036FA8801040F75E55DFE200000184048
2026-09-12T15:45:02.3911578+00:00,9277,163141875,Connected,-1,24,-1312,368,1649,-6.2823853,1.7621324,7.896077,14,-1530,403,0.01710508,-1.869341,0.49238196,3838,-6795,-410,230.28,-407.69998,-24.6,0,0,0,0,0,0,0,0,0,0,0,1,F358B909E0FA700171060E0006FA9301B36BB909EDFA73017B060E00D5F99F01737EB909FEFA7401900610009FF9AC01FE0E75E566FE200000184048
2026-09-12T15:45:02.4078530+00:00,9278,163156300,Connected,-1,24,-1269,382,1692,-6.0764837,1.8291701,8.101978,18,-1684,442,0.021992248,-2.0574968,0.54003185,3824,-6796,-380,229.44,-407.75998,-22.8,0,0,0,0,0,0,0,0,0,0,0,1,4C91B9090BFB7E019C0612006CF9BA010CA4B9091EFB8101A4060E0035F9C601CCB6B90934FB7C01AA060E00FBF8D401F00E74E584FE200000184048
2026-09-12T15:45:02.4245098+00:00,9279,163170700,Connected,-1,24,-1151,823,1535,-5.511452,3.940856,7.350199,-18,-1821,519,-0.021992248,-2.2248824,0.6341098,3815,-6798,-367,228.9,-407.88,-22.02,0,0,0,0,0,0,0,0,0,0,0,1,8CC9B90981FB3703FF05EEFFE3F8070265DCB909A4FC03053F04C5FEA1FA340325EFB909D4F900026C0854FD9EFD2E05E70E72E591FE200000184048
2026-09-12T15:45:02.4411687+00:00,9281,163199550,Connected,-1,24,-992,127,1922,-4.7500963,0.60812724,9.203311,-549,-1271,1203,-0.67076355,-1.552897,1.4698151,3783,-6801,-318,226.98,-408.06,-19.08,0,0,0,0,0,0,0,0,0,0,0,1,3E3ABA0920FC7F008207DBFD09FBB304FE4CBA09ADFC8C0033074EFE23FDE903BE5FBA093FFD840121078EFE02FF5A03C70E6FE5C2FE200000184048
2026-09-12T15:45:02.4748231+00:00,9283,163228375,Connected,-1,24,-1159,433,1800,-5.5497594,2.0733786,8.619126,-381,-45,752,-0.46550256,-0.054980617,0.9187872,3750,-6800,-273,225,-408,-16.38,0,0,0,0,0,0,0,0,0,0,0,1,D7AABA0979FBB101080783FED3FFF00297BDBA09A1FB9401FF0685FE79FF010370D0BA09A2FB9C01FE0689FE3AFF1E03A60E70E5EFFE200000184048
2026-09-12T15:45:02.4913562+00:00,9284,163242800,Connected,-1,24,-1100,416,1804,-5.267244,1.9919758,8.63828,-385,-225,829,-0.47038972,-0.2749031,1.0128652,3726,-6798,-241,223.56,-407.88,-14.46,0,0,0,0,0,0,0,0,0,0,0,1,30E3BA09B4FBA0010C077FFE1FFF3D0309F6BA09B6FB9A01090778FEFBFE6203B008BB09BBFB9701120774FEC6FE7C038E0E72E50FFF200000184048
2026-09-12T15:45:02.5080318+00:00,9285,163257200,Connected,-1,24,-1173,457,1898,-5.616797,2.1883004,9.088389,-374,-448,914,-0.45695,-0.54736257,1.1167175,3714,-6797,-224,222.84,-407.81998,-13.44,0,0,0,0,0,0,0,0,0,0,0,1,701BBB096BFBC9016A078AFE40FE9203492EBB092EFB8C014307B2FE33FD9B030941BB095AFB60013407EAFEF0FB8003820E73E520FF200000184048
2026-09-12T15:45:02.5252432+00:00,9287,163286050,Connected,-1,24,-1150,540,1985,-5.506664,2.585738,9.504981,-15,-2846,868,-0.018326873,-3.4772186,1.060515,3702,-6795,-211,222.12,-407.69998,-12.66,0,0,0,0,0,0,0,0,0,0,0,1,228CBB0982FB1C02C107F1FFE2F46403E29EBB0920FDBE02FB07F4FFEDF2ED03A2B1BB09C5FE3C033C08A9FF92F11505760E75E52DFF200000184048
2026-09-12T15:45:02.5413614+00:00,9288,163300475,Connected,-1,24,63,895,2164,0.30166942,4.285621,10.362105,-223,-3825,1717,-0.2724595,-4.6733522,2.097816,3702,-6795,-211,222.12,-407.69998,-12.66,0,0,0,0,0,0,0,0,0,0,0,1,7BC4BB093F007F03740821FF0FF1B5063BD7BB097501980372087EFE4EF19808FBE9BB094B029D037A08E1FD34F2920A760E75E52DFF200000184048
2026-09-12T15:45:02.5580209+00:00,9289,163314875,Connected,-1,24,686,936,2200,3.2848446,4.4819455,10.534488,-679,-3215,3202,-0.8295964,-3.9280596,3.9121764,3680,-6795,-188,220.79999,-407.69998,-11.28,0,0,0,0,0,0,0,0,0,0,0,1,BBFCBB09AE02A803980859FD71F3820C940FBC09C802C703C008FBFC7DF4630E5422BC09D3020504C008BDFC26F54A10600E75E544FF200000184048
2026-09-12T15:45:02.5746934+00:00,9290,163329300,Connected,-1,24,754,1090,2212,3.6104562,5.21936,10.5919485,-881,-2676,4671,-1.0763983,-3.269514,5.706988,3654,-6792,-164,219.23999,-407.52,-9.84,0,0,0,0,0,0,0,0,0,0,0,1,1435BC09F2024204A4088FFC8CF53F12D447BC091003C404E6087FFCABF55E14AD5ABC099103840543098DFC7DF50517460E78E55CFF200000184048
2026-09-12T15:45:02.6080340+00:00,9292,163358150,Connected,-1,24,1517,2311,1589,7.264008,11.066,7.608773,-597,-3152,10210,-0.7294095,-3.8510869,12.474491,3557,-6775,-90,213.42,-406.5,-5.4,0,0,0,0,0,0,0,0,0,0,0,1,C6A5BC09ED0507093506ABFDB0F3E22786B8BC096105D509CE05B4FE3CF5162C46CBBC09BB04630A5405310040F7C62FE50D89E5A6FF200000184048
2026-09-12T15:45:02.6247280+00:00,9294,163387100,Connected,-1,24,-51,2355,1714,-0.24420857,11.27669,8.207323,1710,-1492,14553,2.0892634,-1.8229129,17.780731,3411,-6745,-13,204.65999,-404.69998,-0.78,0,0,0,0,0,0,0,0,0,0,0,1,DC16BD09CDFF3309B206AE062CFAD9381F29BD0943FF4D086204D308C9F97639F83BBD098DFE6408B305B50A6EF9BE39530DA7E5F3FF200000184048
2026-09-12T15:45:02.6580456+00:00,9295,163401400,Connected,-1,24,-621,2158,2558,-2.9735985,10.333375,12.248735,3016,-1451,14748,3.6849232,-1.7728194,18.01898,3285,-6727,28,197.09999,-403.62,1.68,0,0,0,0,0,0,0,0,0,0,0,1,B84EBD0993FD6E08FE09C80B55FA9C397861BD095EFC91064B093F0C12FA88383874BD09ACFCA905DE07090EBFF87836D50CB9E51C00200000184048
2026-09-12T15:45:02.6747020+00:00,9297,163430225,Connected,-1,24,-152,1140,1935,-0.7278373,5.45878,9.26556,4234,-1275,11248,5.173065,-1.5577842,13.742711,3140,-6713,62,188.4,-402.78,3.72,0,0,0,0,0,0,0,0,0,0,0,1,51BFBD0968FF74048F078A1005FBF02B2AD2BD09A6FF2E048406C01090FC1D29EAE4BD09380090046A079F10E6FDA926440CC7E53E00200000184048
2026-09-12T15:45:02.6913530+00:00,9298,163444650,Connected,-1,24,128,1236,2095,0.61291564,5.9184666,10.031705,4142,-228,9321,5.0606604,-0.27856845,11.388318,2986,-6704,86,179.15999,-402.24,5.16,0,0,0,0,0,0,0,0,0,0,0,1,AAF7BD098000D4042F082E101CFF69246A0ABE09B300BB04D507E90FFBFF2D222A1DBE09BB006C044E077A0F7D001C20AA0BD0E55600200000184048
2026-09-12T15:45:02.7080164+00:00,9299,163459075,Connected,-1,24,283,1076,1889,1.3551182,5.1523223,9.045294,3801,224,7747,4.6440296,0.27368128,9.465219,2908,-6701,95,174.48,-402.06,5.7,0,0,0,0,0,0,0,0,0,0,0,1,0330BE091B0134046107D90EE000431EC342BE095E01EB039107370E2101771C8355BE099E01BB03A607C20D6A01AB1A5C0BD3E55F00200000184048
2026-09-12T15:45:02.7246967+00:00,9300,163473475,Connected,-1,24,453,904,1895,2.1691468,4.3287168,9.074024,3401,479,6397,4.155313,0.5852381,7.8158,2760,-6694,103,165.59999,-401.63998,6.18,0,0,0,0,0,0,0,0,0,0,0,1,4368BE09C50188036707490DDF01FD181C7BBE099E0125038606BE0CB0029217DC8DBE09C5011D039B064B0C70034B16C80ADAE56700200000184048
2026-09-12T15:45:02.7413483+00:00,9301,163487900,Connected,-1,24,525,806,1847,2.5139117,3.8594532,8.844181,3029,1092,5381,3.7008064,1.3341963,6.57446,2694,-6691,98,161.64,-401.46,5.8799996,0,0,0,0,0,0,0,0,0,0,0,1,9CA0BE090D0226033707D50B440405155CB3BE09400219036D07570B2305A81335C6BE0945020D032E07C80A44065B12860ADDE56200200000184048
2026-09-12T15:45:02.7580094+00:00,9303,163516750,Connected,-1,24,488,715,1906,2.336741,3.4237084,9.126697,2080,2747,3470,2.5413263,3.3562613,4.2396164,2525,-6692,78,151.5,-401.52,4.68,0,0,0,0,0,0,0,0,0,0,0,1,4E11BF09E801CB0272072008BB0A8E0D0E24BF09CC01B4022E077407B90B510CCE36BF0994018402C206BC06BE0C330BDD09DCE54E00200000184048
2026-09-12T15:45:02.7747501+00:00,9304,163531150,Connected,-1,24,415,673,1856,1.9871874,3.2225955,8.887277,1565,3505,2584,1.9121037,4.282379,3.1571093,2450,-6702,59,147,-402.12,3.54,0,0,0,0,0,0,0,0,0,0,0,1,8E49BF099F01A10240071D06B10D180A675CBF098801AF0296076F05AB0EF508276FBF09510195026807D304970FC3079209D2E53B00200000184048
2026-09-12T15:45:02.7913745+00:00,9305,163545575,Connected,-1,24,278,652,1854,1.3311762,3.122039,8.8777,1083,4211,1691,1.3232002,5.1449637,2.0660493,2425,-6708,48,145.5,-402.47998,2.8799999,0,0,0,0,0,0,0,0,0,0,0,1,E781BF0916018C023E073B0473109B06A794BF09E9008C0240079D034D117F0580A7BF09D100AD02CC070903FF1164047909CCE53000200000184048
2026-09-12T15:45:02.8080863+00:00,9306,163560000,Connected,-1,24,179,687,2020,0.8571242,3.289633,9.672575,633,4744,841,0.773394,5.796179,1.0275266,2409,-6713,41,144.54,-402.78,2.46,0,0,0,0,0,0,0,0,0,0,0,1,40BABF09B300AF02E40779028812490300CDBF098700B602F6070402BE123D02C0DFBF096100B502E8079001BC1246016909C7E52900200000184048
2026-09-12T15:45:02.8246825+00:00,9307,163574400,Connected,-1,24,63,701,2060,0.30166942,3.3566709,9.864111,296,4746,98,0.3616503,5.7986226,0.11973557,2404,-6726,38,144.23999,-403.56,2.28,0,0,0,0,0,0,0,0,0,0,0,1,80F2BF093F00BD020C0828018A1262005905C0091E00DD026608D40016128CFF1918C009FCFFE6026F088C006411C7FE6409BAE52600200000184048
2026-09-12T15:45:02.8413569+00:00,9309,163603250,Connected,-1,24,104,826,2096,0.49799395,3.9552212,10.036493,22,3440,-846,0.026879413,4.202963,-1.0336356,2447,-6740,53,146.81999,-404.4,3.1799998,0,0,0,0,0,0,0,0,0,0,0,1,3263C00968003A0330081600700DB2FCF275C0090400AB010B08F4FF460DB3FCB288C009E0FF9201FA070700460DB3FC8F09ACE53500200000184048
2026-09-12T15:45:02.8580206+00:00,9310,163617650,Connected,-1,24,-84,594,2165,-0.40222588,2.8443117,10.366894,46,3382,-839,0.056202408,4.1320987,-1.0250831,2469,-6744,61,148.14,-404.63998,3.6599998,0,0,0,0,0,0,0,0,0,0,0,1,729BC009ACFF520275082E00360DB9FC4BAEC00978FF420232081E00060DC6FC0BC1C0093FFFED010A081600C30CD7FCA509A8E53D00200000184048
2026-09-12T15:45:02.9080238+00:00,9313,163660925,Connected,-1,24,-487,540,2067,-2.3319526,2.585738,9.89763,28,2610,-644,0.03421016,3.1888757,-0.7868337,2629,-6765,121,157.73999,-405.9,7.2599998,0,0,0,0,0,0,0,0,0,0,0,1,7D44C10919FE1C0213081C00320A7CFD3D57C109F0FD150214081600B6099CFDFD69C109C9FD1402130814003009BCFD450A93E57900200000184048
2026-09-12T15:45:02.9247673+00:00,9314,163675475,Connected,-1,24,-593,533,2056,-2.8395233,2.552219,9.844957,19,2216,-546,0.023214038,2.70749,-0.66709816,2667,-6768,134,160.01999,-406.08,8.04,0,0,0,0,0,0,0,0,0,0,0,1,537DC109AFFD150208081300A808DEFD968FC1098EFD130200080F001C0800FE56A2C1097FFD0B02F7070B008F0724FE6B0A90E58600200000184048
2026-09-12T15:45:02.9413540+00:00,9315,163689800,Connected,-1,24,-670,521,2038,-3.2082303,2.4947581,9.758766,11,1788,-439,0.0134397065,2.1845632,-0.53636646,2746,-6775,154,164.76,-406.5,9.24,0,0,0,0,0,0,0,0,0,0,0,1,48B5C10962FD0902F6070B00FC0649FEEFC7C1094BFD0B02E9070B00660670FEAFDAC10937FD0902E0070B00CB0596FEBA0A89E59A00200000184048
2026-09-12T15:45:02.9580123+00:00,9316,163704175,Connected,-1,24,-731,524,2021,-3.5003228,2.5091233,9.677363,8,1331,-323,0.009774332,1.6262045,-0.39463866,2783,-6779,164,166.98,-406.74,9.84,0,0,0,0,0,0,0,0,0,0,0,1,6FEDC10925FD0C02E50708003305BDFE2F00C20919FD0502DE0707009804E4FE0813C2090DFD0602D6070700FA030CFFDF0A85E5A400200000184048
2026-09-12T15:45:02.9747293+00:00,9317,163718600,Connected,-1,24,-759,515,1998,-3.6343982,2.4660277,9.56723,6,857,-206,0.007330749,1.0470753,-0.25168905,2818,-6782,170,169.08,-406.91998,10.2,0,0,0,0,0,0,0,0,0,0,0,1,C825C20909FD0302CE070600590332FF8838C209FBFC0302CD070400BD0259FF484BC209F3FC0402CD070300210281FF020B82E5AA00200000184048
2026-09-12T15:45:02.9913726+00:00,9319,163747425,Connected,-1,24,-778,512,1987,-3.7253778,2.4516625,9.514558,2,-76,28,0.002443583,-0.092856154,0.03421016,2911,-6790,184,174.66,-407.4,11.04,0,0,0,0,0,0,0,0,0,0,0,1,6196C209F6FC0002C3070200B4FF1C0021A9C209FDFC0402C70700001FFF4200FABBC209FFFCFF01C80700008EFE66005F0B7AE5B800200000184048
2026-09-12T15:45:03.0080554+00:00,9320,163761850,Connected,-1,24,-753,513,1998,-3.6056678,2.456451,9.56723,-1,-511,137,-0.0012217915,-0.62433547,0.16738543,2956,-6791,188,177.36,-407.46,11.28,0,0,0,0,0,0,0,0,0,0,0,1,BACEC2090FFD0102CE07FFFF01FE89007AE1C2091AFD0102D20700007CFDAB003AF4C20927FD0202D007FEFFF9FCCC008C0B79E5BC00200000184048
2026-09-12T15:45:03.0246896+00:00,9321,163776275,Connected,-1,24,-713,517,2001,-3.4141316,2.4756045,9.581595,-4,-901,235,-0.004887166,-1.1008341,0.287121,2975,-6793,190,178.5,-407.58,11.4,0,0,0,0,0,0,0,0,0,0,0,1,1307C30937FD0502D107FCFF7BFCEB00D319C30945FD0102D507FBFF04FC0801932CC30958FD0202D407FCFF92FB26019F0B77E5BE00200000184048
2026-09-12T15:45:03.0413500+00:00,9322,163790675,Connected,-1,24,-665,518,2017,-3.1842883,2.480393,9.65821,-4,-1245,321,-0.004887166,-1.5211304,0.39219508,3002,-6796,192,180.12,-407.75998,11.5199995,0,0,0,0,0,0,0,0,0,0,0,1,533FC30967FD0602E107FCFF23FB41012C52C3097DFD1002E407FAFFB7FA5B01EC64C30991FD0802EA07FAFF51FA7601BA0B74E5C000200000184048
2026-09-12T15:45:03.0580272+00:00,9323,163805100,Connected,-1,24,-591,518,2029,-2.8299465,2.480393,9.715671,-5,-1554,399,-0.0061089573,-1.898664,0.4874948,3010,-6797,190,180.59999,-407.81998,11.4,0,0,0,0,0,0,0,0,0,0,0,1,AC77C309B1FD0602ED07FBFFEEF98F016C8AC309C3FD0C02F507FBFF91F9A701459DC309DAFD1002F607F6FF39F9BC01C20B73E5BE00200000184048
2026-09-12T15:45:03.0746814+00:00,9325,163833950,Connected,-1,24,-281,520,2028,-1.3455414,2.4899697,9.710882,-26,-1918,492,-0.03176658,-2.3433962,0.6011214,3012,-6797,185,180.72,-407.81998,11.099999,0,0,0,0,0,0,0,0,0,0,0,1,5EE8C309E7FE0802EC07E6FF82F8EC011EFBC3093AFF0302E907ECFFE8F8D601F70DC40998FF1402CA07F1FF7EF9B701C40B73E5B900200000184048
2026-09-12T15:45:03.1080128+00:00,9327,163862775,Connected,-1,24,140,625,2011,0.6703765,2.992752,9.629479,-23,-903,381,-0.028101204,-1.1032777,0.46550256,2984,-6796,184,179.04,-407.75998,11.04,0,0,0,0,0,0,0,0,0,0,0,1,F758C4098C007102DB07E9FF79FC7D01D06BC409DF007502A007E0FF39FD8001907EC40925016D025B07E5FF7CFE5A01A80B74E5B800200000184048
2026-09-12T15:45:03.1247807+00:00,9328,163877200,Connected,-1,24,243,584,1881,1.163582,2.7964275,9.006987,-22,32,267,-0.026879413,0.039097328,0.32621834,2974,-6794,183,178.44,-407.63998,10.98,0,0,0,0,0,0,0,0,0,0,0,1,5091C409F30048025907EAFF20000B0110A4C409B8001C024F07E8FFD301A600E9B6C409760009027807EBFF880333009E0B76E5B700200000184048
2026-09-12T15:45:03.1413570+00:00,9329,163891625,Connected,-1,24,-155,867,2110,-0.7422025,4.1515455,10.103531,-27,1303,-40,-0.03298837,1.5919943,-0.04887166,2950,-6793,182,177,-407.58,10.92,0,0,0,0,0,0,0,0,0,0,0,1,A9C9C40965FF63033E08E5FF1705D8FF69DCC409A1FD6507BC0789FF5F04760129EFC409F0FE91056707F0FE6802D105860B77E5B600200000184048
2026-09-12T15:45:03.1580188+00:00,9330,163906025,Connected,-1,24,-169,1207,2173,-0.80924016,5.779603,10.405201,-275,495,2248,-0.33599266,0.6047868,2.7465873,2939,-6792,182,176.34,-407.52,10.92,0,0,0,0,0,0,0,0,0,0,0,1,E901C50957FFB7047D08EDFEEF01C808C214C5097E00A703FE0664FE6202BC0A8227C50933010E03830842FE9E027B0C7B0B78E5B600200000184048
2026-09-12T15:45:03.1747182+00:00,9331,163920450,Connected,-1,24,399,721,2459,1.910573,3.4524388,11.774684,-486,500,3592,-0.59379065,0.61089575,4.388675,2918,-6790,182,175.08,-407.4,10.92,0,0,0,0,0,0,0,0,0,0,0,1,423AC5098F01D1029B091AFEF401080E024DC509090294020309FCFDD900870FDB5FC5093C02C602000803FE7C000511660B7AE5B600200000184048
2026-09-12T15:45:03.1913533+00:00,9332,163934875,Connected,-1,24,597,810,1744,2.858677,3.8786068,8.350976,-564,409,4723,-0.68909043,0.4997127,5.770521,2906,-6788,181,174.36,-407.28,10.86,0,0,0,0,0,0,0,0,0,0,0,1,9B72C50955022A03D006CCFD990173125B85C50979029B035E069AFDDD03E6131B98C509E7023F04E20667FDC10668155A0B7CE5B500200000184048
2026-09-12T15:45:03.2080716+00:00,9333,163949300,Connected,-1,24,835,1321,1944,3.9983168,6.325481,9.308656,-751,2374,5950,-0.9175654,2.900533,7.2696595,2884,-6784,180,173.04,-407.03998,10.8,0,0,0,0,0,0,0,0,0,0,0,1,F4AAC50943032905980711FD46093E17B4BDC509A5033C067708A8FC6C0AA71974D0C5093A040E07AB0811FCF809A41C440B80E5B400200000184048
2026-09-12T15:45:03.2246722+00:00,9335,163978125,Connected,-1,24,909,2219,1917,4.3526587,10.625467,9.179369,-1513,2525,9989,-1.8485706,3.0850234,12.204475,2850,-6790,179,171,-407.4,10.74,0,0,0,0,0,0,0,0,0,0,0,1,8D1BC6098D03AB087D0717FADD0905274D2EC60921022B081B0870F9D10A63280D41C60965018107AF06D8F80C0B6E29220B7AE5B300200000184048
2026-09-12T15:45:03.2413424+00:00,9336,163992550,Connected,-1,24,200,1866,1227,0.9576807,8.935161,5.875371,-1782,3021,10844,-2.1772325,3.6910322,13.249107,2838,-6795,178,170.28,-407.69998,10.679999,0,0,0,0,0,0,0,0,0,0,0,1,E653C609C8004A07CB040AF9CD0B5C2AA666C609E1FF8E07C6045AF95B0D2F2B6679C60960FEF207CC0613F9FF0E0D2C160B75E5B200200000184048
2026-09-12T15:45:03.2580738+00:00,9337,164006950,Connected,-1,24,-710,2040,2179,-3.3997664,9.768343,10.433931,-2005,3923,11503,-2.449692,4.793088,14.054268,2826,-6807,178,169.56,-408.41998,10.679999,0,0,0,0,0,0,0,0,0,0,0,1,268CC6093AFDF80783082BF8530FEF2CFF9EC609F1FC8208330660F71A0DCC2DBFB1C609AAFDFE083A05BBF7BE0AC72E0A0B69E5B200200000184048
2026-09-12T15:45:03.2748523+00:00,9338,164021375,Connected,-1,24,-657,2411,1708,-3.145981,11.544841,8.178593,-2068,2513,12210,-2.5266647,3.070362,14.918074,2805,-6844,170,168.3,-410.63998,10.2,0,0,0,0,0,0,0,0,0,0,0,1,7FC4C6096FFD6B09AC06ECF7D109B22F58D7C609CAFB240A460895F7B608743018EAC609AFFA6E0ADE07AEF78A071531F50A44E5AA00200000184048
2026-09-12T15:45:03.2914104+00:00,9339,164035800,Connected,-1,24,-1297,2759,1387,-6.2105594,13.211205,6.6415157,-1924,1413,12724,-2.3507268,1.7263914,15.546075,2796,-6871,168,167.76,-412.25998,10.08,0,0,0,0,0,0,0,0,0,0,0,1,D8FCC609EFFAC70A6B057CF88505B431980FC7099EFA1A0B0205ECF8C7039B327122C7093EFAE90A0F0518F96F02A033EC0A29E5A800200000184048
2026-09-12T15:45:03.3080860+00:00,9341,164064650,Connected,-1,24,-1662,2201,1451,-7.9583263,10.539276,6.9479733,-693,-1174,13529,-0.8467015,-1.4343832,16.529617,2774,-6971,144,166.44,-418.25998,8.639999,0,0,0,0,0,0,0,0,0,0,0,1,8A6DC70982F99908AB054BFD6AFBD9344A80C709BEF99C07AE050CFFAEFA3D340A93C7090DFA83075208FA00FFF92333D60AC5E49000200000184048
2026-09-12T15:45:03.3247441+00:00,9342,164079075,Connected,-1,24,-1341,1645,1860,-6.421249,7.8769236,8.90643,451,-1494,12696,0.55102795,-1.8253565,15.511865,2762,-7052,122,165.72,-423.12,7.3199997,0,0,0,0,0,0,0,0,0,0,0,1,E3A5C709C3FA6D064407C3012AFA9831A3B8C709A5FB9C05D906C6024BFAD82F63CBC70952FC27052208D0032FFADA2DCA0A74E47A00200000184048
2026-09-12T15:45:03.3414153+00:00,9343,164093475,Connected,-1,24,-763,1079,2035,-3.6535518,5.1666875,9.744401,1160,-1489,11159,1.4172782,-1.8192475,13.633971,2760,-7094,112,165.59999,-425.63998,6.72,0,0,0,0,0,0,0,0,0,0,0,1,23DEC70905FD3704F30788042FFA972BFCF0C7099EFD9B03FB075805E7F92129BC03C809DCFD32038A08CC0558F99726C80A4AE47000200000184048
2026-09-12T15:45:03.3580820+00:00,9344,164107900,Connected,-1,24,-569,701,2202,-2.7246015,3.3566709,10.5440645,1548,-1796,9204,1.8913332,-2.1943376,11.245369,2760,-7178,91,165.59999,-430.68,5.46,0,0,0,0,0,0,0,0,0,0,0,1,7C16C809C7FDBD029A080C06FCF8F4233C29C809BFFD82029B085F06B2F84D21153CC809A2FD2D0239088206BEF8D21EC80AF6E35B00200000184048
2026-09-12T15:45:03.3749127+00:00,9345,164122325,Connected,-1,24,-632,441,2130,-3.0262709,2.111686,10.199299,1680,-1895,7311,2.0526097,-2.315295,8.932518,2761,-7219,82,165.66,-433.13998,4.92,0,0,0,0,0,0,0,0,0,0,0,1,D54EC80988FDB9015208900699F88F1C9561C809B9FD3A01CD0892065AF86F1A5574C80922FEAF00FB087C0669F85518C90ACDE35200200000184048
2026-09-12T15:45:03.3914068+00:00,9347,164151150,Connected,-1,24,201,388,1915,0.9624691,1.8579005,9.169792,1423,-854,4254,1.7386093,-1.04341,5.197501,2778,-7322,57,166.68,-439.31998,3.4199998,0,0,0,0,0,0,0,0,0,0,0,1,6EBFC809C90084017B078F05AAFC9E1047D2C8091F01B7016E07590515FE100F07E5C80920019C013D07080580FFA50DDA0A66E33900200000184048
2026-09-12T15:45:03.4080930+00:00,9348,164165575,Connected,-1,24,320,424,1916,1.532289,2.030283,9.174581,1217,230,3135,1.4869202,0.28101203,3.8303163,2787,-7346,51,167.22,-440.75998,3.06,0,0,0,0,0,0,0,0,0,0,0,1,C7F7C8094001A8017C07C104E6003F0C870AC90945019F0181075E045202DC0A601DC909380191015107F703CC037A09E30A4EE33300200000184048
2026-09-12T15:45:03.4414275+00:00,9349,164180000,Connected,-1,24,303,403,1880,1.4508862,1.9297266,9.002198,916,1341,2074,1.119161,1.6384224,2.5339956,2809,-7378,47,168.54,-442.68,2.82,0,0,0,0,0,0,0,0,0,0,0,1,2030C9092F019301580794033D051A08E042C9091C01810158072203B406C206A055C909140188018107B90224086A05F90A2EE32F00200000184048
2026-09-12T15:45:03.4580788+00:00,9351,164208825,Connected,-1,24,92,373,1943,0.4405331,1.7860745,9.303867,282,3470,30,0.34454522,4.2396164,0.036653746,2853,-7392,47,171.18,-443.52,2.82,0,0,0,0,0,0,0,0,0,0,0,1,B9A0C9095C00750197071A018E0D1E0092B3C9099B00AD01B907C100D50EC8FE52C6C909AB01D60154088000480FEAFD250B20E32F00200000184048
2026-09-12T15:45:03.4747672+00:00,9352,164223250,Connected,-1,24,311,389,2161,1.4891934,1.8626889,10.34774,84,3761,-608,0.10263049,4.5951576,-0.74284923,2872,-7388,50,172.31999,-443.28,3,0,0,0,0,0,0,0,0,0,0,0,1,12D9C9093701850171085400B10EA0FDD2EBC909EF008701910838000B0E48FDABFEC9091001B40140081B00470DF0FC380B24E33200200000184048
2026-09-12T15:45:03.4915179+00:00,9353,164237675,Connected,-1,24,309,446,2045,1.4796166,2.135628,9.792285,18,3338,-831,0.021992248,4.07834,-1.0153087,2914,-7373,60,174.84,-442.38,3.6,0,0,0,0,0,0,0,0,0,0,0,1,6B11CA093501BE01FD0712000A0DC1FC2B24CA09F400BE01FB0711003E0DB8FC0437CA09B900BA0113081500660DAFFC620B33E33C00200000184048
2026-09-12T15:45:03.5082672+00:00,9354,164252100,Connected,-1,24,133,463,2086,0.6368576,2.2170308,9.988609,26,3460,-858,0.03176658,4.2273984,-1.048297,2937,-7365,63,176.22,-441.9,3.78,0,0,0,0,0,0,0,0,0,0,0,1,C449CA098500CF0126081A00840DA6FC845CCA094C00CA0130081900950DA2FC446FCA091200C1012D081A00980DA1FC790B3BE33F00200000184048
2026-09-12T15:45:03.5247999+00:00,9355,164266525,Connected,-1,24,-25,455,2078,-0.11971009,2.1787236,9.950302,27,3474,-861,0.03298837,4.2445035,-1.0519625,2987,-7349,63,179.22,-440.94,3.78,0,0,0,0,0,0,0,0,0,0,0,1,1D82CA09E7FFC7011E081B00920DA3FCDD94CA09AAFFC80148082000820DA8FC9DA7CA0977FFDA013C081D00640DAFFCAB0B4BE33F00200000184048
2026-09-12T15:45:03.5414719+00:00,9357,164295350,Connected,-1,24,-334,460,2096,-1.5993267,2.2026656,10.036493,30,3213,-794,0.036653746,3.925616,-0.9701024,3047,-7337,60,182.81999,-440.22,3.6,0,0,0,0,0,0,0,0,0,0,0,1,B6F2CA09B2FECC0130081E008D0CE6FC7605CB0979FEC80136082200460CF9FC4F18CB0956FED6012C081D00F10B0BFDE70B57E33C00200000184048
2026-09-12T15:45:03.5581313+00:00,9358,164309775,Connected,-1,24,-481,465,2105,-2.303222,2.2266076,10.079589,26,2966,-733,0.03176658,3.6238337,-0.89557314,3113,-7328,47,186.78,-439.68,2.82,0,0,0,0,0,0,0,0,0,0,0,1,0F2BCB091FFED10139081A00960B23FDCF3DCB09FAFDCF011E081900380B3BFD8F50CB09DBFDC70105081500CA0A55FD290C60E32F00200000184048
2026-09-12T15:45:03.5748027+00:00,9359,164324200,Connected,-1,24,-590,453,2067,-2.825158,2.1691468,9.89763,21,2651,-653,0.025657622,3.2389693,-0.79782987,3149,-7326,38,188.94,-439.56,2.28,0,0,0,0,0,0,0,0,0,0,0,1,6863CB09B2FDC501130815005B0A73FD2876CB098BFDD0010C081200E8098FFDE888CB0973FDC201FF070F006F09ABFD4D0C62E32600200000184048
2026-09-12T15:45:03.5915023+00:00,9360,164338600,Connected,-1,24,-684,448,2034,-3.2752678,2.1452048,9.739613,14,2294,-565,0.01710508,2.8027897,-0.6903122,3223,-7326,15,193.37999,-439.56,0.9,0,0,0,0,0,0,0,0,0,0,0,1,A89BCB0954FDC001F2070E00F608CBFD68AECB093CFDC401EB070F007508EBFD41C1CB091BFDC201ED070B00F4070BFE970C62E30F00200000184048
2026-09-12T15:45:03.6081279+00:00,9361,164353025,Connected,-1,24,-759,439,2013,-3.6343982,2.1021092,9.639056,8,1905,-469,0.009774332,2.3275127,-0.5730202,3257,-7324,2,195.42,-439.44,0.12,0,0,0,0,0,0,0,0,0,0,0,1,01D4CB0909FDB701DD07080071072BFEC1E6CB09F3FCB501D5070B00F0064CFE81F9CB09E0FCBA01C50709006A066CFEB90C64E30200200000184048
2026-09-12T15:45:03.6247950+00:00,9363,164381850,Connected,-1,24,-860,436,1968,-4.1180267,2.087744,9.423578,5,1102,-272,0.0061089573,1.3464142,-0.33232728,3353,-7322,-38,201.18,-439.31998,-2.28,0,0,0,0,0,0,0,0,0,0,0,1,9A44CC09A4FCB401B00705004E04F0FE7357CC099AFCAE01A5070400C70312FF336ACC0992FCAD01A3070200410335FF190D66E3DAFF200000184048
2026-09-12T15:45:03.6414432+00:00,9364,164396275,Connected,-1,24,-892,437,1954,-4.271256,2.0925324,9.356541,3,701,-169,0.0036653746,0.85647583,-0.20648277,3407,-7323,-67,204.42,-439.38,-4.02,0,0,0,0,0,0,0,0,0,0,0,1,F37CCC0984FCB501A2070300BD0257FFB38FCC097FFCAD0199070200390278FF8CA2CC097DFCA5019C070200B5019AFF4F0D65E3BDFF200000184048
2026-09-12T15:45:03.6747869+00:00,9365,164410700,Connected,-1,24,-905,430,1947,-4.333505,2.0590134,9.323022,2,304,-68,0.002443583,0.37142462,-0.08308182,3431,-7321,-82,205.86,-439.25998,-4.92,0,0,0,0,0,0,0,0,0,0,0,1,4CB5CC0977FCAE019B0702003001BCFF0CC8CC097AFCAD019F070200A900DDFFCCDACC0979FCA801980702002800FEFF670D67E3AEFF200000184048
2026-09-12T15:45:03.6914546+00:00,9368,164453950,Connected,-1,24,-418,412,1921,-2.0015526,1.9728222,9.198523,-6,-692,162,-0.007330749,-0.8454797,0.19793022,3499,-7319,-120,209.94,-439.13998,-7.2,0,0,0,0,0,0,0,0,0,0,0,1,3E5ECD095EFE9C018107FAFF4CFDA200FE70CD09D9FF3D01AB06190089FECCFFBE83CD090EFF7201320796003D02F2FDAB0D69E388FF200000184048
2026-09-12T15:45:03.7247769+00:00,9369,164468375,Connected,-1,24,-343,380,1882,-1.6424223,1.8195933,9.011775,249,1377,-1054,0.30422607,1.6824069,-1.2877682,3521,-7318,-134,211.26,-439.08,-8.04,0,0,0,0,0,0,0,0,0,0,0,1,9796CD09A9FE7C015A07F9006105E2FB57A9CD0977FE8D0198076001B606B3FA17BCCD0919FEBD015108BD015D07F8F9C10D6AE37AFF200000184048
2026-09-12T15:45:03.7414397+00:00,9370,164482800,Connected,-1,24,-501,410,2017,-2.3989902,1.9632454,9.65821,483,1976,-1623,0.59012526,2.41426,-1.9829676,3530,-7320,-140,211.79999,-439.19998,-8.4,0,0,0,0,0,0,0,0,0,0,0,1,F0CECD090BFE9A01E107E301B807A9F9B0E1CD09C3FD6201C907F301FC07ABF970F4CD0921FD25016A07D3013208CEF9CA0D68E374FF200000184048
2026-09-12T15:45:03.7581106+00:00,9371,164497200,Connected,-1,24,-880,356,1838,-4.213795,1.7046716,8.801085,438,2221,-1539,0.5351447,2.713599,-1.8803371,3542,-7323,-156,212.51999,-439.38,-9.36,0,0,0,0,0,0,0,0,0,0,0,1,3007CE0990FC64012E07B601AD08FDF9091ACE0912FCC6016107A2013D094DFAC92CCE092EFCD601E7066701B409A8FAD60D65E364FF200000184048
2026-09-12T15:45:03.7747865+00:00,9373,164526050,Connected,-1,24,-1114,412,1725,-5.3342814,1.9728222,8.259995,115,3041,-983,0.14050601,3.715468,-1.2010211,3567,-7332,-185,214.01999,-439.91998,-11.099999,0,0,0,0,0,0,0,0,0,0,0,1,E277CE09A6FB9C01BD067300E10B29FCBB8ACE0993FB9F01940624007A0C83FC7B9DCE09E0FA64019606E6FFB90CCAFCEF0D5CE347FF200000184048
2026-09-12T15:45:03.7914472+00:00,9374,164540475,Connected,-1,24,-1331,358,1692,-6.373365,1.7142484,8.101978,-21,3141,-794,-0.025657622,3.837647,-0.9701024,3577,-7333,-197,214.62,-439.97998,-11.82,0,0,0,0,0,0,0,0,0,0,0,1,3BB0CE09CDFA66019C06EBFF450CE6FCFBC2CE09ACFA66018006ECFFD80B01FDD4D5CE09A7FA5E016306ECFF6C0B1AFDF90D5BE33BFF200000184048
2026-09-12T15:45:03.8081297+00:00,9375,164554900,Connected,-1,24,-1384,341,1605,-6.6271505,1.6328455,7.6853876,-21,2823,-718,-0.025657622,3.4491174,-0.8772463,3599,-7338,-225,215.94,-440.28,-13.5,0,0,0,0,0,0,0,0,0,0,0,1,94E8CE0998FA55014506EBFF070B32FD54FBCE091DFA8201E105E6FFAF0A4DFD140ECF098AF932029604ADFFEB0993FD0F0E56E31FFF200000184048
2026-09-12T15:45:03.8247886+00:00,9376,164569325,Connected,-1,24,-2004,573,981,-9.595961,2.743755,4.697424,-235,2464,-416,-0.287121,3.0104942,-0.50826526,3610,-7341,-240,216.59999,-440.46,-14.4,0,0,0,0,0,0,0,0,0,0,0,1,ED20CF092CF83D02D50315FFA00960FEAD33CF0991F60101050557FEDB0950FFD146CF09A6F7A1FFD602D9FDFE081E001A0E53E310FF200000184048
2026-09-12T15:45:03.8415724+00:00,9377,164583725,Connected,-1,24,-2186,-372,744,-10.46745,-1.7812861,3.5625722,-572,2219,82,-0.69886476,2.7111554,0.1001869,3636,-7341,-278,218.15999,-440.46,-16.68,0,0,0,0,0,0,0,0,0,0,0,1,2D59CF0976F78CFEE802C4FDAB085200386CCF0961F7E8FD230334FEA60862FFC67ECF0980F71DFE0703B1FF3509ADFD340E53E3EAFE200000184048
2026-09-12T15:45:03.8581617+00:00,9379,164612575,Connected,-1,24,-1831,623,1202,-8.767567,2.9831753,5.755661,2093,2583,-1986,2.5572095,3.1558874,-2.426478,3668,-7340,-324,220.08,-440.4,-19.439999,0,0,0,0,0,0,0,0,0,0,0,1,DFC9CF09D9F86F02B2042D08170A3EF89FDCCF09BCF9A90221048F087F0838F85FEFCF09ECF8BB028405C2081D07CBF8540E54E3BCFE200000184048
2026-09-12T15:45:03.8748366+00:00,9380,164626975,Connected,-1,24,-1670,726,1413,-7.9966335,3.4763808,6.766014,2113,1355,-1734,2.5816455,1.6555275,-2.1185865,3700,-7344,-374,222,-440.63998,-22.439999,0,0,0,0,0,0,0,0,0,0,0,1,1F02D0097AF9D602850541084B053AF9F814D00925FAE6024205B1071E03DCF9B827D00903FAFA02DE052E0775018EFA740E50E38AFE200000184048
2026-09-12T15:45:03.8915411+00:00,9381,164641400,Connected,-1,24,-1489,723,1497,-7.129933,3.4620156,7.16824,1667,63,-1274,2.0367265,0.076972865,-1.5565623,3715,-7344,-397,222.9,-440.63998,-23.82,0,0,0,0,0,0,0,0,0,0,0,1,783AD0092FFAD302D90583063F0006FB384DD00933FA0702BF05F405C6FF6EFB1160D00962FAB80179059F05B3FFA9FB830E50E373FE200000184048
2026-09-12T15:45:03.9082026+00:00,9382,164655825,Connected,-1,24,-1508,543,1432,-7.2209125,2.6001031,6.8569937,1407,-25,-1059,1.7190607,-0.030544788,-1.2938772,3743,-7343,-439,224.58,-440.58,-26.34,0,0,0,0,0,0,0,0,0,0,0,1,D172D0091CFA1F0298057F05E7FFDDFB9185D009C1F9520261056B05410001FC5198D009D9F91502E6046405CA00EDFB9F0E51E349FE200000184048
2026-09-12T15:45:03.9248668+00:00,9383,164670225,Connected,-1,24,-1585,433,1215,-7.589619,2.0733786,5.81791,1407,291,-1067,1.7190607,0.35554132,-1.3036516,3755,-7345,-458,225.29999,-440.69998,-27.48,0,0,0,0,0,0,0,0,0,0,0,1,11ABD009CFF9B101BF047F052301D5FBEABDD0095FF94F010905A9053101D9FBAAD0D0094FF9CD009B04AE053801CCFBAB0E4FE336FE200000184048
2026-09-12T15:45:03.9415622+00:00,9384,164684650,Connected,-1,24,-1744,31,977,-8.350976,0.14844051,4.6782703,1488,413,-1102,1.8180257,0.50459987,-1.3464142,3773,-7350,-488,226.37999,-441,-29.279999,0,0,0,0,0,0,0,0,0,0,0,1,6AE3D00930F91F00D103D0059D01B2FB2AF6D00968F8BAFFD60344064D027EFB0309D1094FF8DCFF5D03E106160317FBBD0E4AE318FE200000184048
2026-09-12T15:45:03.9581623+00:00,9385,164699075,Connected,-1,24,-1950,124,1202,-9.337387,0.59376204,5.755661,1975,987,-1381,2.4130383,1.2059082,-1.687294,3778,-7354,-501,226.68,-441.24,-30.06,0,0,0,0,0,0,0,0,0,0,0,1,C31BD10962F87C00B204B707DB039BFA832ED1091DFAE800FB087008690323FA4341D10938FDDF01E70B6A08790106FAC20E46E30BFE200000184048
2026-09-12T15:45:03.9748294+00:00,9386,164713475,Connected,-1,24,-212,973,3959,-1.0151415,4.6591167,18.957289,1891,-281,-1314,2.3104076,-0.3433234,-1.6054341,3782,-7363,-520,226.92,-441.78,-31.199999,0,0,0,0,0,0,0,0,0,0,0,1,0354D1092CFFCD03770F6307E7FEDEFADC66D10985FEB6041811B70421FC7BFC9C79D109AFFC96047C0FFF00D9F927FEC60E3DE3F8FD200000184048
2026-09-12T15:45:03.9915422+00:00,9387,164728250,Connected,-1,24,-1066,1003,3485,-5.104438,4.8027687,16.687586,-677,-2087,-89,-0.82715285,-2.5498788,-0.10873944,3785,-7369,-525,227.09999,-442.13998,-31.5,0,0,0,0,0,0,0,0,0,0,0,1,BA8DD109D6FBEB039D0D5BFDD9F7A7FF1C9FD1096CFB4F037D0B28FA4BF61E010EB2D10993FB9002F008D9F7A0F57602C90E37E3F3FD200000184048
2026-09-12T15:45:04.0085060+00:00,9389,164756750,Connected,-1,24,-1033,96,670,-4.9464207,0.45968673,3.2082303,-1618,-1050,1566,-1.9768586,-1.282881,1.9133254,3773,-7396,-527,226.37999,-443.75998,-31.619999,0,0,0,0,0,0,0,0,0,0,0,1,0EFDD109F7FB60009E02AEF9E6FB1E06CE0FD20996FA7900E3027BFBADFC92068E22D20902F9BB0047031DFD63FCFC06BD0E1CE3F1FD200000184048
2026-09-12T15:45:04.0250808+00:00,9390,164771150,Connected,-1,24,-2275,203,1025,-10.893618,0.9720459,4.9081135,-380,-1135,1922,-0.46428075,-1.3867333,2.3482833,3769,-7406,-521,226.14,-444.36,-31.26,0,0,0,0,0,0,0,0,0,0,0,1,4E35D2091DF7CB00010484FE91FB82072748D20944F5CF00F104B2FF08FA0E08E75AD209CDF3E800D605AF00C0F77308B90E12E3F7FD200000184048
2026-09-12T15:45:04.0417194+00:00,9391,164785575,Connected,-1,24,-3264,322,1572,-15.629349,1.541866,7.52737,405,-2825,2189,0.49482554,-3.451561,2.6745017,3758,-7415,-500,225.48,-444.9,-30,0,0,0,0,0,0,0,0,0,0,0,1,A76DD20940F3420124069501F7F48D086780D2099DF3FB01350658029FF234082793D2092FF4D102ED06D70265F15207AE0E09E30CFE200000184048
2026-09-12T15:45:04.0583781+00:00,9392,164800000,Connected,-1,24,-2873,869,2088,-13.757083,4.1611223,9.998186,760,-3865,1595,0.9285615,-4.722224,1.9487574,3750,-7419,-482,225,-445.13998,-28.92,0,0,0,0,0,0,0,0,0,0,0,1,00A6D209C7F465032808F802E7F03B06C0B8D2099FF5AA038009B9029CF0620580CBD20989F6BD037E0A1D0236F0FA04A60E05E31EFE200000184048
2026-09-12T15:45:04.0750418+00:00,9393,164814400,Connected,-1,24,-2255,939,2792,-10.79785,4.4963107,13.369223,300,-4202,1280,0.36653745,-5.133968,1.5638931,3727,-7429,-439,223.62,-445.74,-26.34,0,0,0,0,0,0,0,0,0,0,0,1,40DED20931F7AB03E80A2C0196EF000519F1D20990F77303940A0200D4EE4705D903D309AAF71403A409D9FE32EE9A058F0EFBE249FE200000184048
2026-09-12T15:45:04.0917181+00:00,9395,164843250,Connected,-1,24,-1687,467,1784,-8.078036,2.2361844,8.542512,-820,-4919,1511,-1.0018691,-6.009992,1.8461269,3672,-7438,-354,220.31999,-446.28,-21.24,0,0,0,0,0,0,0,0,0,0,0,1,F24ED30969F9D301F806CCFCC9ECE705B261D309BCF92601980611FDF8EBEF057274D30947FA070181068BFD51EBD805580EF2E29EFE200000184048
2026-09-12T15:45:04.1084127+00:00,9396,164857650,Connected,-1,24,-1323,354,1702,-6.3350577,1.6950948,8.149862,-488,-5398,1480,-0.59623426,-6.5952306,1.8082514,3649,-7443,-321,218.94,-446.58,-19.26,0,0,0,0,0,0,0,0,0,0,0,1,3287D309D5FA6201A60618FEEAEAC805F299D30921FBDF01ED0699FEBAEADF05CBACD30960FB50021E07FAFE9DEA2006410EEDE2BFFE200000184048
2026-09-12T15:45:04.1250603+00:00,9397,164872075,Connected,-1,24,-1105,650,1788,-5.291186,3.1124623,8.561666,-192,-5503,1663,-0.23458397,-6.7235184,2.0318391,3591,-7447,-247,215.45999,-446.81998,-14.82,0,0,0,0,0,0,0,0,0,0,0,1,8BBFD309AFFB8A02FC0640FF81EA7F064BD2D309FBFB5B0287067EFF76EAE9060BE5D30929FCAF01EE05CFFF8BEA3A07070EE9E209FF200000184048
2026-09-12T15:45:04.1417165+00:00,9398,164886650,Connected,-1,24,-969,178,1319,-4.6399627,0.8523358,6.315904,72,-5451,1885,0.08796899,-6.6599855,2.303077,3557,-7448,-208,213.42,-446.88,-12.48,0,0,0,0,0,0,0,0,0,0,0,1,7AF8D30937FCB20027054800B5EA5D07A40AD40934FCDCFF4E04E200FDEA4607641DD40932FC48FF7303810153EBFD06E50DE8E230FF200000184048
2026-09-12T15:45:04.1583847+00:00,9399,164900900,Connected,-1,24,-965,-276,719,-4.620809,-1.3215994,3.442862,526,-5204,1691,0.64266235,-6.358203,2.0660493,3521,-7445,-167,211.26,-446.69998,-10.0199995,0,0,0,0,0,0,0,0,0,0,0,1,2430D4093BFCECFECF020E02ACEB9B06E442D40987FCEFFE84028902FAEB3206BD55D4091AFD57FFA502F40246ECD605C10DEBE259FF200000184048
2026-09-12T15:45:04.1751118+00:00,9401,164929725,Connected,-1,24,-245,36,643,-1.1731589,0.17238252,3.0789435,1031,-3954,846,1.259667,-4.8309636,1.0336356,3392,-7429,-44,203.51999,-445.74,-2.6399999,0,0,0,0,0,0,0,0,0,0,0,1,BDA0D4090BFF2400830207048EF04E0396B3D4096FFFBBFF2102CF0455F2440256C6D409CEFF2EFF7901FA0589F41C01400DFBE2D4FF200000184048
2026-09-12T15:45:04.1920425+00:00,9402,164944150,Connected,-1,24,49,-263,232,0.23463176,-1.2593501,1.1109096,1923,-2333,-52,2.349505,-2.8504395,-0.06353316,3392,-7429,-44,203.51999,-445.74,-2.6399999,0,0,0,0,0,0,0,0,0,0,0,1,16D9D4093100F9FEE8008307E3F6CCFFD6EBD409840037FF9500530954F95EFEAFFED409BC00DDFF7600480B02FCDCFC400DFBE2D4FF200000184048
2026-09-12T15:45:04.2083870+00:00,9403,164958575,Connected,-1,24,13,122,329,0.062249243,0.58418524,1.5753847,3410,-427,-1164,4.166309,-0.521705,-1.4221653,3392,-7429,-44,203.51999,-445.74,-2.6399999,0,0,0,0,0,0,0,0,0,0,0,1,6F11D5090D007A004901520D55FE74FB2F24D509A9FF8E006001890F99FE8CFAEF36D509BBFFBB001801E01184FDE9F9400DFBE2D4FF200000184048
2026-09-12T15:45:04.2417058+00:00,9405,164987400,Connected,-1,24,2299,2030,2462,11.008539,9.720459,11.789049,94,1924,1524,0.1148484,2.3507268,1.8620102,3295,-7389,39,197.7,-443.34,2.34,0,0,0,0,0,0,0,0,0,0,0,1,0882D509FB08EE079E095E008407F405C894D5097D0426058106B4FF8B055708A1A7D509A60158038C046EFF24047209DF0C23E32700200000184048
2026-09-12T15:45:04.2583781+00:00,9406,165001825,Connected,-1,24,74,538,763,0.35434186,2.5761611,3.6535518,-68,743,2459,-0.08308182,0.9077911,3.0043852,3210,-7345,105,192.59999,-440.69998,6.2999997,0,0,0,0,0,0,0,0,0,0,0,1,61BAD5094A001A02FB02BCFFE7029B0921CDD50996FFAD018602FA008C013C09FADFD5092FFFE201EE02DD02080082088A0C4FE36900200000184048
2026-09-12T15:45:04.2750413+00:00,9407,165016250,Connected,-1,24,-322,614,936,-1.541866,2.9400797,4.4819455,1245,-309,1923,1.5211304,-0.37753358,2.349505,3171,-7321,136,190.26,-439.25998,8.16,0,0,0,0,0,0,0,0,0,0,0,1,BAF2D509BEFE6602A803DD04CBFE83077A05D60988FDB30234047A065AFE13063A18D609F0FC3D03520479071FFFF003630C67E38800200000184048
2026-09-12T15:45:04.2918775+00:00,9408,165030700,Connected,-1,24,-501,997,1148,-2.3989902,4.7740383,5.497087,2024,242,360,2.4729059,0.29567355,0.43984494,3135,-7293,164,188.09999,-437.58,9.84,0,0,0,0,0,0,0,0,0,0,0,1,2C2BD6090BFEE5037C04E807F2006801D33DD60953FF2104FC04E60755032BFF9350D60948FF0C042D067D07C90561FD3F0C83E3A400200000184048
2026-09-12T15:45:04.3083858+00:00,9409,165045075,Connected,-1,24,-129,1051,1793,-0.61770403,5.032612,8.585608,1756,1961,-1049,2.1454659,2.3959332,-1.2816592,3103,-7262,187,186.18,-435.72,11.219999,0,0,0,0,0,0,0,0,0,0,0,1,5363D6097FFF1B040107DC06A907E7FB7776D609BFFF76045A0773064C08DCFAEC88D609C200CE049A076306150823FA1F0CA2E3BB00200000184048
2026-09-12T15:45:04.3250434+00:00,9411,165073900,Connected,-1,24,276,1119,2276,1.3215994,5.3582234,10.898406,1862,2071,-1579,2.2749758,2.5303302,-1.9292088,3041,-7152,241,182.45999,-429.12,14.46,0,0,0,0,0,0,0,0,0,0,0,1,ECD3D60914015F04E40846071708D5F9C5E6D60998FFAA03140B7A07DA062DFA85F9D609EDFE26032F0CB0076003ECFAE10B10E4F100200000184048
2026-09-12T15:45:04.3417089+00:00,9412,165088325,Connected,-1,24,42,1014,2596,0.20111294,4.855441,12.430696,2020,-99,-1040,2.4680188,-0.12095736,-1.2706631,3031,-7111,252,181.86,-426.66,15.12,0,0,0,0,0,0,0,0,0,0,0,1,450CD7092A00F603240AE4079DFFF0FB051FD70932019D044208D507C1FE0EFDDE31D709C201C504AE07A70774FF75FED70B39E4FC00200000184048
2026-09-12T15:45:04.3583738+00:00,9413,165102750,Connected,-1,24,608,1313,1754,2.9113493,6.2871737,8.39886,1960,-27,3,2.3947113,-0.03298837,0.0036653746,3025,-7026,267,181.5,-421.56,16.02,0,0,0,0,0,0,0,0,0,0,0,1,9E44D70960022105DA06A807E5FF03005E57D709E302A8052B06C70750005E011E6AD709A602E305E305BD07C3005F02D10B8EE40B01200000184048
2026-09-12T15:45:04.3750461+00:00,9414,165117175,Connected,-1,24,498,1486,1511,2.384625,7.1155677,7.2352777,1875,256,746,2.290859,0.31277862,0.91145647,3027,-6982,271,181.62,-418.91998,16.26,0,0,0,0,0,0,0,0,0,0,0,1,F77CD709F201CE05E70553070001EA02B78FD7092D019C0514068B06D300000377A2D709A7005505300681054E009B02D30BBAE40F01200000184048
2026-09-12T15:45:04.3917020+00:00,9415,165131575,Connected,-1,24,157,1302,1329,0.7517793,6.2345014,6.363788,994,12,393,1.2144607,0.014661498,0.48016405,3043,-6890,276,182.58,-413.4,16.56,0,0,0,0,0,0,0,0,0,0,0,1,37B5D7099D0016053105E2030C00890110C8D709CEFF1D059B052801F70094FFD0DAD709C0FF670414053200E5FF72FEE30B16E51401200000184048
2026-09-12T15:45:04.4085403+00:00,9416,165146000,Connected,-1,24,79,1037,1124,0.37828386,4.9655743,5.3821654,259,-184,-454,0.316444,-0.22480963,-0.55469334,3055,-6858,274,183.3,-411.47998,16.44,0,0,0,0,0,0,0,0,0,0,0,1,90EDD7094F000D046404030148FF3AFE5000D8091F0012041805CA01A20031FE1013D809C2FFDB0485058702640111FEEF0B36E51201200000184048
2026-09-12T15:45:04.4251151+00:00,9418,165174825,Connected,-1,24,-74,1547,1415,-0.35434186,7.40766,6.775591,1040,734,-416,1.2706631,0.896795,-0.50826526,3086,-6771,262,185.15999,-406.25998,15.719999,239,203,0.7587302,0.64444447,1,0,0,0,0,0,0,1,295ED809B6FF0B0687051004DE0260FE0271D8098AFF7105FE05C6035403AAFEC283D80936FF00057C062E038F03CEFE0E0C8DE5060113BCCB184048
2026-09-12T15:45:04.4583847+00:00,9420,165203675,Connected,-1,24,-109,1442,2013,-0.521936,6.9048777,9.639056,344,16,-523,0.42029628,0.019548664,-0.63899696,3121,-6688,248,187.26,-401.28,14.88,0,0,0,0,0,0,0,0,0,0,0,1,DBCED80993FFA205DD0758011000F5FD9BE1D809D6FFE00586077801CFFE0DFE5BF4D809DDFFDF051407C201A0FD5AFE310CE0E5F800000000184048
2026-09-12T15:45:04.4752089+00:00,9422,165232500,Connected,-1,24,-86,1517,1464,-0.41180268,7.264008,7.0102224,692,-1169,-138,0.8454797,-1.4282743,-0.16860722,3137,-6624,233,188.22,-397.44,13.98,0,0,0,0,0,0,0,0,0,0,0,1,743FD909AAFFED05B805B4026FFB76FF3452D909B8FF05065205D7028BFBA3FFF464D909D6FF1506E5040303E7FBC2FF410C20E6E900200000184048
2026-09-12T15:45:04.4917068+00:00,9423,165246925,Connected,-1,24,-57,1546,1160,-0.272939,7.4028716,5.554548,827,-862,-49,1.0104215,-1.0531843,-0.059867784,3137,-6605,228,188.22,-396.3,13.679999,0,0,0,0,0,0,0,0,0,0,0,1,CD77D909C7FF0A0688043B03A2FCCFFF8D8AD909A7FFF505550478038FFDC8FF4D9DD90994FFF1054404B00376FEB0FF410C33E6E400200000184048
2026-09-12T15:45:04.5250438+00:00,9424,165261325,Connected,-1,24,-113,1521,1103,-0.5410896,7.2831616,5.281609,988,-164,-124,1.20713,-0.2003738,-0.15150215,3135,-6572,218,188.09999,-394.31998,13.08,0,0,0,0,0,0,0,0,0,0,0,1,0DB0D9098FFFF1054F04DC035CFF84FFCDC2D909A8FFE0055D04F50346003FFFA6D5D909BCFFDB05A904F8033F01E4FE3F0C54E6DA00200000184048
2026-09-12T15:45:04.5417013+00:00,9425,165275750,Connected,-1,24,-47,1513,1245,-0.22505496,7.2448545,5.961562,990,526,-383,1.2095736,0.64266235,-0.46794614,3134,-6558,213,188.04,-393.47998,12.78,0,0,0,0,0,0,0,0,0,0,0,1,66E8D909D1FFE905DD04DE030E0281FE26FBD909D6FF01061805B8039D0223FEE60DDA0964003E052E0449032203ADFD3E0C62E6D500200000184048
2026-09-12T15:45:04.5583697+00:00,9427,165304575,Connected,-1,24,-90,1632,1670,-0.4309563,7.8146744,7.9966335,157,1158,-1036,0.19182126,1.4148345,-1.265776,3143,-6524,200,188.58,-391.44,12,0,0,0,0,0,0,0,0,0,0,0,1,FF58DA09A6FF600686069D008604F4FBBF6BDA096EFF830652076D00DA0326FC7F7EDA0935FF4206A1074000730286FC470C84E6C800200000184048
2026-09-12T15:45:04.5750295+00:00,9428,165319000,Connected,-1,24,-143,1534,1893,-0.6847417,7.345411,9.064447,68,153,-735,0.08308182,0.1869341,-0.89801675,3152,-6505,191,189.12,-390.3,11.46,264,135,0.83809525,0.42857143,1,0,0,0,0,0,0,1,5891DA0971FFFE0565074400990021FD18A4DA09EBFF2706DB0665002AFFBBFDD8B6DA09100067067106760056FE37FE500C97E6BF00142087184048
2026-09-12T15:45:04.5917190+00:00,9429,165333600,Connected,-1,24,-8,1684,1552,-0.038307227,8.063671,7.431602,123,-603,-345,0.15028036,-0.7367403,-0.42151806,3155,-6496,186,189.3,-389.75998,11.16,264,135,0.83809525,0.42857143,1,0,0,0,0,0,0,1,60CADA09F8FF940610067B00A5FDA7FE58DCDA09D7FF9D06AB05770018FD0FFF31EFDA09B4FF70064A057A00DBFC63FF530CA0E6BA00142087184048
2026-09-12T15:45:04.6083673+00:00,9430,165347825,Connected,-1,24,-124,1597,1323,-0.59376204,7.6470804,6.3350577,150,-796,-104,0.18326873,-0.97254604,-0.12706631,3156,-6490,184,189.36,-389.4,11.04,264,135,0.83809525,0.42857143,1,0,0,0,0,0,0,1,F101DB0984FF3D062B059600E4FC98FFB114DB096AFF21061D05D300F4FCACFF7127DB0951FF140637052401F9FC9CFF540CA6E6B800142087184048
2026-09-12T15:45:04.6250500+00:00,9431,165362225,Connected,-1,24,-194,1544,1310,-0.92895025,7.393295,6.2728086,369,-746,-162,0.45084107,-0.91145647,-0.19793022,3157,-6477,174,189.42,-388.62,10.44,264,135,0.83809525,0.42857143,1,0,0,0,0,0,0,1,313ADB093EFF08061E05710116FD5EFF0A4DDB0933FF1C0613059A0162FDF4FECA5FDB0943FF3006EC049901BDFD81FE550CB3E6AE00142087184048
2026-09-12T15:45:04.6417067+00:00,9433,165391075,Connected,-1,24,-157,1675,1245,-0.7517793,8.020576,5.961562,281,-110,-678,0.3433234,-0.13439706,-0.8283746,3161,-6460,164,189.65999,-387.6,9.84,279,112,0.8857143,0.35555556,1,0,0,0,0,0,0,1,E3AADB0963FF8B06DD04190192FF5AFDA3BDDB0965FFB5060C05E900E5FF52FD63D0DB0964FFCD063805CD00160065FD590CC4E6A400145C70184048
2026-09-12T15:45:04.6583718+00:00,9434,165405475,Connected,-1,24,-158,1751,1356,-0.7565677,8.384495,6.493075,182,63,-614,0.22236605,0.076972865,-0.75017995,3164,-6455,160,189.84,-387.3,9.599999,280,99,0.8888889,0.31428573,1,0,0,0,0,0,0,1,23E3DB0962FFD7064C05B6003F009AFDFCF5DB095BFFD7066D0597006700FAFDBC08DC095CFFDC068F0584006B0083FE5C0CC9E6A000146063184048
2026-09-12T15:45:04.6750861+00:00,9435,165419900,Connected,-1,24,-171,1742,1421,-0.81881696,8.341399,6.8043213,135,90,-233,0.16494185,0.109961234,-0.28467742,3172,-6448,155,190.31999,-386.88,9.3,266,68,0.84444445,0.21587302,1,0,0,0,0,0,0,1,7C1BDC0955FFCE068D0587005A0017FF3C2EDC0937FFA106DD05A4003600A2FF1541DC090DFF83063506C500DDFF1D00640CD0E69B00142844184048
2026-09-12T15:45:04.6917607+00:00,9436,165434325,Connected,-1,24,-270,1656,1623,-1.292869,7.929596,7.771579,206,-192,135,0.25168905,-0.23458397,0.16494185,3177,-6446,154,190.62,-386.75998,9.24,255,57,0.8095238,0.18095239,1,0,0,0,0,0,0,1,D553DC09F2FE78065706CE0040FF87009566DC0918FF71062506D000A4FECF005579DC0951FFA706CE05BF0048FEF900690CD2E69A0013FC39184048
2026-09-12T15:45:04.7085544+00:00,9437,165448750,Connected,-1,24,-154,1763,1387,-0.7374141,8.441956,6.6415157,165,-446,295,0.20159559,-0.544919,0.36042848,3179,-6441,149,190.73999,-386.46,8.94,232,46,0.73650795,0.14603175,1,0,0,0,0,0,0,1,2E8CDC0966FFE3066B05A50042FE2701EE9EDC096CFF930685058C0069FE4601AEB1DC097BFF39068505740057FE39016B0CD7E6950013A02E184048
2026-09-12T15:45:04.7252278+00:00,9438,165463150,Connected,-1,24,-123,1586,1346,-0.58897364,7.5944076,6.445191,83,-402,270,0.10140869,-0.49116018,0.3298837,3177,-6440,148,190.62,-386.4,8.88,189,28,0.6,0.08888889,1,0,0,0,0,0,0,1,6EC4DC0985FF3206420553006EFE0E012ED7DC0972FF47063605290002FFE10007EADC0954FF38063B050D0096FFBE00690CD8E6940012F41C184048
2026-09-12T15:45:04.7419204+00:00,9440,165492025,Connected,-1,24,-99,1545,1277,-0.47405192,7.398083,6.114791,26,339,59,0.03176658,0.4141873,0.0720857,3172,-6431,147,190.31999,-385.86,8.82,89,35,0.2825397,0.11111111,1,0,0,0,0,0,0,1,3935DD099DFF0906FD041A0053013B00E047DD09D4FF0B06EE040F00A8012000A05ADD09E5FFDD05BB04FEFF1A020000640CE1E69300116423184048
2026-09-12T15:45:04.7586515+00:00,9441,165506400,Connected,-1,24,-17,1484,1175,-0.08140286,7.1059904,5.626374,-14,732,-46,-0.01710508,0.89435136,-0.056202408,3170,-6429,145,190.2,-385.74,8.7,89,35,0.2825397,0.11111111,1,0,0,0,0,0,0,1,606DDD09EFFFCC059704F2FFDC02D2FF2080DD09F3FFD3059E04E7FF8403AAFFF992DD09D1FFE005CC04D5FFF7038BFF620CE3E69100116423184048
2026-09-12T15:45:04.7918795+00:00,9443,165535225,Connected,-1,24,-31,1518,1383,-0.14844051,7.2687964,6.622362,-285,1143,-141,-0.34821057,1.3965076,-0.17227261,3173,-6421,141,190.37999,-385.25998,8.46,40,63,0.12698413,0.2,1,0,0,0,0,0,0,1,F9DDDD09E1FFEE056705E3FE770473FFD2F0DD09B0FFEE05BD05B7FE4304ACFF9203DE0970FFDF05FA05A5FEEE03DFFF650CEBE68D0010A03F184048
2026-09-12T15:45:04.8085677+00:00,9444,165549650,Connected,-1,24,-210,1480,1599,-1.0055647,7.086837,7.656657,-333,891,15,-0.40685657,1.0886163,0.018326873,3180,-6419,137,190.8,-385.13998,8.22,25,85,0.07936508,0.26984128,1,0,0,0,0,0,0,1,5216DE092EFFC8053F06B3FE7B030F001229DE09FEFE8B056706CCFEC0024000D23BDE09EBFE5E055906E1FEE40164006C0CEDE68900106455184048
2026-09-12T15:45:04.8252213+00:00,9445,165564075,Connected,-1,24,-276,1345,1511,-1.3215994,6.4404025,7.2352777,-270,308,107,-0.3298837,0.37631178,0.13073169,3185,-6419,136,191.09999,-385.13998,8.16,15,107,0.04761905,0.33968255,1,0,0,0,0,0,0,1,AB4EDE09ECFE4105E705F2FE34016B006B61DE09D9FE6B057C0500FFE00050002B74DE09DAFE9905260501FFCA001A00710CEDE68800103C6B184048
2026-09-12T15:45:04.8418784+00:00,9446,165578475,Connected,-1,24,-294,1500,1281,-1.4077905,7.1826053,6.133945,-258,234,-37,-0.3152222,0.28589922,-0.045206286,3191,-6421,133,191.45999,-385.25998,7.98,14,115,0.044444446,0.36507937,1,0,0,0,0,0,0,1,EB86DE09DAFEDC050105FEFEEA00DBFFAB99DE09D6FE0206FB04FBFE27019FFF84ACDE09EEFE0D060505FCFE57016CFF770CEBE68500103873184048
2026-09-12T15:45:04.8585327+00:00,9447,165592900,Connected,-1,24,-214,1594,1286,-1.0247183,7.632715,6.157887,-252,373,-199,-0.30789146,0.45572823,-0.24313651,3193,-6421,129,191.58,-385.25998,7.74,8,135,0.025396826,0.42857143,1,0,0,0,0,0,0,1,44BFDE092AFF3A06060504FF750139FF04D2DE0947FF7C061B0536FFA2011EFFDDE4DE0951FF8D060A058FFFDD013CFF790CEBE68100102087184048
2026-09-12T15:45:04.8753227+00:00,9449,165621725,Connected,-1,24,-284,1557,1251,-1.3599066,7.455544,5.9902925,99,721,23,0.12095736,0.88091165,0.028101204,3206,-6425,126,192.36,-385.5,7.56,7,166,0.022222223,0.52698416,1,0,0,0,0,0,0,1,DD2FDF09E4FE1506E3046300D1021700B642DF09E0FE1106B6044D009203CEFF7655DF09CDFE0C06C004400044047AFF860CE7E67E00101CA6184048
2026-09-12T15:45:04.8918817+00:00,9450,165636150,Connected,-1,24,-352,1545,1265,-1.685518,7.398083,6.05733,61,1224,-201,0.07452928,1.4954728,-0.24558009,3219,-6426,119,193.14,-385.56,7.14,8,180,0.025396826,0.5714286,1,0,0,0,0,0,0,1,3668DF09A0FE0906F1043D00C80437FFF67ADF0963FE130645053F001A0502FFCF8DDF094AFE1F06A40549001E05DFFE930CE6E677001020B4184048
2026-09-12T15:45:04.9085527+00:00,9451,165650575,Connected,-1,24,-460,1552,1507,-2.2026656,7.431602,7.216124,89,1240,-309,0.10873944,1.5150214,-0.37753358,3226,-6428,116,193.56,-385.68,6.96,18,205,0.057142857,0.6507937,1,0,0,0,0,0,0,1,8FA0DF0934FE1006E3055900D804CBFE4FB3DF092EFE050605066C007104BEFE0FC6DF0931FE080626067900F003BEFE9A0CE4E674001048CD184048
2026-09-12T15:45:04.9252141+00:00,9452,165664975,Connected,-1,24,-445,1577,1577,-2.1308396,7.551312,7.551312,118,882,-308,0.1441714,1.0776201,-0.37631178,3235,-6429,111,194.09999,-385.74,6.66,66,237,0.20952381,0.75238097,1,0,0,0,0,0,0,1,CFD8DF0943FE2906290676007203CCFEA8EBDF096AFE5006090671000403DFFE68FEDF097BFE6706FA056B008402F6FEA30CE3E66F001108ED184048
2026-09-12T15:45:04.9418652+00:00,9453,165679400,Connected,-1,24,-452,1650,1564,-2.1643584,7.9008656,7.489063,121,504,-254,0.14783677,0.6157829,-0.31033504,3251,-6430,107,195.06,-385.8,6.42,66,237,0.20952381,0.75238097,1,0,0,0,0,0,0,1,2811E0093CFE72061C067900F80102FFE823E009D4FD8B065E06A6003E010DFFC136E00994FDA6068E06F700330036FFB30CE2E66B001108ED184048
2026-09-12T15:45:04.9585268+00:00,9455,165708225,Connected,-1,24,-467,1628,1487,-2.2361844,7.795521,7.120356,636,-717,243,0.7770594,-0.8760245,0.29689533,3267,-6432,99,196.01999,-385.91998,5.94,139,273,0.44126984,0.8666667,1,0,0,0,0,0,0,1,C181E0092DFE5C06CF057C0233FDF3009A94E0091BFE83066F05E00209FD52015AA7E009FBFD8F060F05250308FD8001C30CE0E66300122D11184048
2026-09-12T15:45:04.9752061+00:00,9456,165722650,Connected,-1,24,-548,1702,1210,-2.6240451,8.149862,5.793968,840,-748,360,1.0263048,-0.9139,0.43984494,3271,-6429,95,196.26,-385.74,5.7,162,274,0.51428574,0.8698413,1,0,0,0,0,0,0,1,1ABAE009DCFDA606BA04480314FD6801DACCE009D5FDC5068C0450033EFD05019ADFE009F2FDCB066C04400373FD7F00C70CE3E65F00128912184048
2026-09-12T15:45:04.9918584+00:00,9457,165737075,Connected,-1,24,-482,1733,1098,-2.3080103,8.298303,5.257667,814,-645,-15,0.99453825,-0.78805554,-0.018326873,3278,-6422,85,196.68,-385.31998,5.1,192,258,0.60952383,0.81904763,1,0,0,0,0,0,0,1,73F2E0091EFEC5064A042E037BFDF1FF3305E1094FFEBF063904250394FD64FFF317E1097EFEC50627041603E3FDE8FECE0CEAE65500130102184048
2026-09-12T15:45:05.0252262+00:00,9459,165765900,Connected,-1,24,-303,1801,1202,-1.4508862,8.623915,5.755661,757,-187,-480,0.9248962,-0.228475,-0.58645993,3287,-6409,68,197.22,-384.53998,4.08,229,192,0.72698414,0.60952383,1,0,0,0,0,0,0,1,0C63E109D1FE0907B204F50245FF20FECC75E109C9FE0307E204F5023DFF3AFE8C88E109C4FEF606F204E30237FF67FED70CF7E644001394C0184048
2026-09-12T15:45:05.0418904+00:00,9460,165780350,Connected,-1,24,-320,1760,1287,-1.532289,8.42759,6.1626754,700,-222,-350,0.85525405,-0.2712377,-0.42762703,3289,-6404,64,197.34,-384.24,3.84,235,146,0.74603176,0.46349207,1,0,0,0,0,0,0,1,7E9BE109C0FEE0060705BC0222FFA2FE25AEE109D0FED10605058302F1FEDBFEFEC0E109C2FEC60609053B02C2FE0AFFD90CFCE6400013AC92184048
2026-09-12T15:45:05.0585350+00:00,9462,165809150,Connected,-1,24,-254,1754,1217,-1.2162545,8.39886,5.827487,282,-455,-93,0.34454522,-0.5559151,-0.11362661,3291,-6384,51,197.45999,-383.03998,3.06,225,82,0.71428573,0.26031747,1,0,0,0,0,0,0,1,FE0BE20902FFDA06C1041A0139FEA3FFBE1EE2091DFFDB067D0403013CFEB4FF7E31E2093BFFDA064604140167FEB5FFDB0C10E73300138452184048
2026-09-12T15:45:05.0918793+00:00,9463,165823550,Connected,-1,24,-166,1743,1070,-0.79487497,8.346188,5.1235914,313,-323,-81,0.38242075,-0.39463866,-0.09896511,3289,-6377,47,197.34,-382.62,2.82,203,49,0.64444447,0.15555556,1,0,0,0,0,0,0,1,3E44E2095AFFCF062E043901BDFEAFFFFE56E20955FFC9063204590127FFA2FFD769E2092DFF89065F046A018CFF95FFD90C17E72F00132C31184048
2026-09-12T15:45:05.1086546+00:00,9465,165852400,Connected,-1,24,-292,1656,1267,-1.3982137,7.929596,6.066907,391,-27,-302,0.47772047,-0.03298837,-0.36898103,3281,-6355,32,196.86,-381.3,1.92,186,35,0.5904762,0.11111111,1,0,0,0,0,0,0,1,F0B4E209DCFE7806F3048701E5FFD2FEB0C7E209FDFEAB06B5048001DCFFA8FE70DAE20920FF370783046C010B00AFFED10C2DE7200012E823184048
2026-09-12T15:45:05.1252505+00:00,9466,165866800,Connected,-1,24,-270,1876,1068,-1.292869,8.983045,5.1140146,285,158,-276,0.34821057,0.19304305,-0.33721444,3278,-6341,22,196.68,-380.46,1.3199999,184,33,0.584127,0.104761906,1,0,0,0,0,0,0,1,30EDE209F2FE54072C041D019E00ECFEF0FFE209C8FE3007E303B7002B0148FFC912E309AAFEF506E5034F009E01B2FFCE0C3BE7160012E021184048
2026-09-12T15:45:05.1418864+00:00,9467,165881225,Connected,-1,24,-356,1760,1021,-1.7046716,8.42759,4.88896,-29,550,24,-0.035431955,0.6719853,0.029322997,3277,-6333,19,196.62,-379.97998,1.14,182,32,0.5777778,0.1015873,1,0,0,0,0,0,0,1,8925E3099CFEE006FD03E3FF260218004938E309A8FEE506F60374FFB4026800094BE309BCFEF406E2030EFF37039C00CD0C43E7130012D820184048
2026-09-12T15:45:05.1585512+00:00,9468,165895625,Connected,-1,24,-316,1745,976,-1.5131354,8.355764,4.673482,-304,944,193,-0.37142462,1.1533712,0.23580576,3279,-6321,11,196.73999,-379.25998,0.65999997,181,31,0.5746032,0.0984127,1,0,0,0,0,0,0,1,C95DE309C4FED106D003D0FEB003C1008970E309C3FEA606DF0399FE2904CD006283E30989FE8806F2036DFE9104C700CF0C4FE70B0012D41F184048
2026-09-12T15:45:05.1752390+00:00,9469,165910050,Connected,-1,24,-442,1607,1067,-2.1164744,7.6949644,5.109226,-409,1239,180,-0.4997127,1.5137997,0.21992247,3281,-6317,8,196.86,-379.02,0.48,190,32,0.6031746,0.1015873,1,0,0,0,0,0,0,1,2296E30946FE47062B0467FED704B400E2A8E3090AFEFD05860471FEDF049000A2BBE309F3FDD205DA0471FEB8046000D10C53E7080012F820184048
2026-09-12T15:45:05.1918839+00:00,9471,165938950,Connected,-1,24,-516,1512,1220,-2.4708161,7.240066,5.841852,-392,947,-87,-0.47894228,1.1570365,-0.10629586,3290,-6306,0,197.4,-378.36,0,246,70,0.7809524,0.22222222,1,0,0,0,0,0,0,1,0607E409FCFDE805C40478FEB303A9FF7B19E409CCFD1106040576FE780388FF3B2CE409AFFD26061D0571FE100381FFDA0C5EE7000013D846184048
2026-09-12T15:45:05.2085471+00:00,9472,165953325,Connected,-1,24,-603,1580,1290,-2.8874073,7.565677,6.1770406,-399,661,-113,-0.4874948,0.8076042,-0.13806243,3294,-6303,-4,197.64,-378.18,-0.24,266,104,0.84444445,0.33015874,1,0,0,0,0,0,0,1,2D3FE409A5FD2C060A0571FE95028FFFD451E409AAFD2D06F1047EFE2302ABFF9464E409B8FD3906D0049CFECA01CFFFDE0C61E7FCFF142868184048
2026-09-12T15:45:05.2252478+00:00,9473,165967700,Connected,-1,24,-573,1593,1219,-2.743755,7.627927,5.837064,-316,398,-8,-0.3860861,0.48627302,-0.009774332,3303,-6304,-9,198.18,-378.24,-0.53999996,281,131,0.8920635,0.41587302,1,0,0,0,0,0,0,1,5477E409C3FD3906C304C4FE8E01F8FF148AE409B3FD4606B404F0FE5B012100ED9CE409B3FD540696041AFF20014700E70C60E7F7FF146483184048
2026-09-12T15:45:05.2420027+00:00,9474,165982125,Connected,-1,24,-547,1659,1141,-2.6192567,7.943961,5.463568,-204,251,109,-0.24924546,0.30666965,0.13317527,3310,-6303,-12,198.59999,-378.18,-0.71999997,293,164,0.93015873,0.52063495,1,0,0,0,0,0,0,1,ADAFE409DDFD7B06750434FFFB006D006DC2E409F6FDA306530441FFF80091002DD5E409E7FDB40626044CFF0801B000EE0C61E7F4FF1494A4184048
2026-09-12T15:45:05.2585414+00:00,9475,165996525,Connected,-1,24,-541,1726,1065,-2.5905263,8.264784,5.0996494,-162,293,195,-0.19793022,0.3579849,0.23824935,3318,-6305,-16,199.08,-378.3,-0.96,298,192,0.94603175,0.60952383,1,0,0,0,0,0,0,1,EDE7E409E3FDBE0629045EFF2501C300C6FAE409D5FDB806420471FF2E01DA00860DE509BEFDAE064E0476FF3601ED00F60C5FE7F0FF14A8C0184048
2026-09-12T15:45:05.2752061+00:00,9476,166010950,Connected,-1,24,-573,1697,1117,-2.743755,8.12592,5.3486466,-140,316,244,-0.1710508,0.3860861,0.29811713,3323,-6306,-17,199.37999,-378.36,-1.02,298,192,0.94603175,0.60952383,1,0,0,0,0,0,0,1,4620E509C3FDA1065D0474FF3C01F4000633E509D9FD950661047AFF3A01F100DF45E509F8FD8D0664047CFF4301E700FB0C5EE7EFFF14A8C0184048
2026-09-12T15:45:05.2919015+00:00,9477,166025375,Connected,-1,24,-510,1687,1130,-2.4420857,8.078036,5.410896,-139,343,213,-0.16982901,0.41907448,0.2602416,3332,-6307,-18,199.92,-378.41998,-1.0799999,302,216,0.95873016,0.6857143,1,0,0,0,0,0,0,1,9F58E50902FE97066A0475FF5701D5005F6BE509F3FD9E06780476FF5101C2001F7EE509A1FD4E06C50485FF2301AF00040D5DE7EEFF14B8D8184048
2026-09-12T15:45:05.3085551+00:00,9478,166039775,Connected,-1,24,-549,1644,1205,-2.6288335,7.872135,5.770026,-122,219,148,-0.14905857,0.26757234,0.18082514,3337,-6310,-20,200.22,-378.6,-1.1999999,300,226,0.95238096,0.71746033,1,0,0,0,0,0,0,1,DF90E509DBFD6C06B50486FFDB009400B8A3E5092DFE9D06830470FFBC00820078B6E50930FEC30635045BFFFA006800090D5AE7ECFF14B0E2184048
2026-09-12T15:45:05.3252083+00:00,9480,166068625,Connected,-1,24,-632,1717,1177,-3.0262709,8.221688,5.6359506,-31,365,133,-0.037875537,0.4459539,0.16249827,3346,-6314,-26,200.76,-378.84,-1.56,281,254,0.8920635,0.8063492,1,0,0,0,0,0,0,1,9101E60988FDB5069904E1FF6D0185005114E609BDFDF8069B04D1FFA501BA001127E60998FD1F07C204D2FFA6010D01120D56E7E6FF1464FE184048
2026-09-12T15:45:05.3418854+00:00,9481,166083025,Connected,-1,24,-685,1784,1229,-3.2800562,8.542512,5.884948,-23,361,360,-0.028101204,0.44106674,0.43984494,3350,-6317,-28,201,-379.02,-1.68,270,267,0.85714287,0.84761906,1,0,0,0,0,0,0,1,D139E60953FDF806CD04E9FF690168010E4DE60940FDC006CB0404002101A6016A5FE6096DFDA106D90411000001C101160D53E7E4FF14390B184048
2026-09-12T15:45:05.3585420+00:00,9482,166097450,Connected,-1,24,-537,1725,1279,-2.5713725,8.259995,6.1243677,26,232,478,0.03176658,0.28345564,0.5840163,3352,-6317,-31,201.12,-379.02,-1.86,258,279,0.81904763,0.8857143,1,0,0,0,0,0,0,1,2A72E609E7FDBD06FF041A00E800DE01EA84E609E8FDB80611052100BE001202AA97E609CAFDB406FE04250093003D02180D53E7E1FF140917184048
2026-09-12T15:45:05.3752334+00:00,9483,166111850,Connected,-1,24,-509,1738,1272,-2.4372973,8.322245,6.090849,40,95,602,0.04887166,0.11607019,0.73551846,3353,-6317,-29,201.18,-379.02,-1.74,248,286,0.7873016,0.9079365,1,0,0,0,0,0,0,1,6AAAE60903FECA06F80428005F005A0243BDE6090BFECB060A052E000A007F0203D0E609E8FDAA06F0043600ACFF9F02190D53E7E3FF13E11E184048
2026-09-12T15:45:05.3918790+00:00,9484,166126275,Connected,-1,24,-538,1692,1246,-2.5761611,8.101978,5.9663506,60,-143,687,0.07330749,-0.17471619,0.8393707,3351,-6313,-31,201.06,-378.78,-1.86,222,300,0.7047619,0.95238096,1,0,0,0,0,0,0,1,C3E2E609E6FD9C06DE043C0071FFAF0283F5E609D7FDBE06D20447002FFFC1024308E7098EFDB406BA045500E1FED702170D57E7E1FF13792C184048
2026-09-12T15:45:05.4085688+00:00,9485,166140700,Connected,-1,24,-707,1718,1212,-3.3854012,8.226477,5.803545,87,-368,731,0.10629586,-0.44961926,0.8931296,3349,-6313,-32,200.94,-378.78,-1.92,206,306,0.6539683,0.9714286,1,0,0,0,0,0,0,1,1C1BE7093DFDB606BC04570090FEDB02DC2DE70975FDA0064C043700FBFDC8029C40E7098AFD51064F0433000EFEAA02150D57E7E0FF133932184048
2026-09-12T15:45:05.4252310+00:00,9487,166169525,Connected,-1,24,-483,1726,1187,-2.3127987,8.264784,5.683835,75,-338,793,0.09163436,-0.41296554,0.96888065,3346,-6304,-34,200.76,-378.24,-2.04,159,314,0.50476193,0.9968254,1,0,0,0,0,0,0,1,B58BE7091DFEBE06A3044B00AEFE1903759EE7095AFEC0063B0437008BFE3B0335B1E709BCFED40616040B00CBFE2303120D60E7DEFF127D3A184048
2026-09-12T15:45:05.4419074+00:00,9488,166183925,Connected,-1,24,-241,1743,1046,-1.1540052,8.346188,5.00867,-56,-176,750,-0.06842032,-0.2150353,0.9163436,3337,-6297,-34,200.22,-377.81998,-2.04,141,314,0.44761905,0.9968254,1,0,0,0,0,0,0,1,F5C3E7090FFFCF061604C8FF50FFEE02CED6E70926FF760624047DFFEAFFA2028EE9E70932FF1C064A0453FF44004802090D67E7DEFF12353A184048
2026-09-12T15:45:05.4585849+00:00,9489,166198350,Connected,-1,24,-221,1547,1206,-1.0582372,7.40766,5.7748146,-168,69,516,-0.20526098,0.08430361,0.6304444,3335,-6294,-33,200.09999,-377.63998,-1.9799999,136,312,0.43174604,0.9904762,1,0,0,0,0,0,0,1,4EFCE70923FF0B06B60458FF450004020E0FE80900FF35061F056AFF0B00DC01CE21E809E9FE7106610568FFAAFFB501070D6AE7DFFF122138184048
2026-09-12T15:45:05.4752269+00:00,9490,166212775,Connected,-1,24,-232,1643,1338,-1.1109096,7.867347,6.4068837,-179,-184,399,-0.21870068,-0.22480963,0.4874948,3328,-6287,-29,199.68,-377.22,-1.74,134,312,0.42539683,0.9904762,1,0,0,0,0,0,0,1,A734E80918FF6B063A054DFF48FF8F016747E80946FF4F060C051BFF47FF4D01275AE80986FF1F06CD0402FF6AFFED00000D71E7E3FF121938184048
2026-09-12T15:45:05.4918828+00:00,9491,166227275,Connected,-1,24,-100,1548,1178,-0.47884035,7.4124484,5.6407394,-250,-81,126,-0.30544788,-0.09896511,0.15394573,3325,-6283,-27,199.5,-376.97998,-1.62,122,310,0.3873016,0.984127,1,0,0,0,0,0,0,1,4B6DE8099CFF0C069A0406FFAFFF7E00C07FE8098AFF1F06A8041FFF1A000F008092E80973FF4A06C50449FF7600A1FFFD0C75E7E5FF11E936184048
2026-09-12T15:45:05.5085499+00:00,9493,166256000,Connected,-1,24,-133,1622,1258,-0.6368576,7.7667904,6.0238113,-30,379,-381,-0.036653746,0.46305898,-0.46550256,3313,-6275,-22,198.78,-376.5,-1.3199999,119,309,0.37777779,0.9809524,1,0,0,0,0,0,0,1,80DDE8097BFF5606EA04E2FF7B0183FE59F0E8092AFF680619051F00CA0160FE1903E909F0FE8F0630055E00C20169FEF10C7DE7EAFF11DD35184048
2026-09-12T15:45:05.5252128+00:00,9494,166270425,Connected,-1,24,-434,1736,1485,-2.078167,8.312668,7.1107793,140,353,-313,0.1710508,0.43129238,-0.38242075,3311,-6272,-24,198.65999,-376.31998,-1.4399999,118,307,0.37460318,0.9746032,1,0,0,0,0,0,0,1,D915E9094EFEC806CD058C006101C7FE9928E90971FE0007A705960078005DFF723BE909F8FE4707860554000900D4FFEF0C80E7E8FF11D933184048
2026-09-12T15:45:05.5418680+00:00,9495,166284850,Connected,-1,24,-174,1869,1276,-0.8331822,8.949526,6.1100025,-5,8,51,-0.0061089573,0.009774332,0.062311366,3306,-6270,-23,198.36,-376.19998,-1.38,118,307,0.37460318,0.9746032,1,0,0,0,0,0,0,1,324EE90952FF4D07FC04FBFF08003300F260E90959FF2D077804B2FF7A005600B273E9095CFF030775047FFF19013900EA0C82E7E9FF11D933184048
2026-09-12T15:45:05.5585374+00:00,9496,166299275,Connected,-1,24,-150,1738,1159,-0.7182605,8.322245,5.5497594,-162,421,-4,-0.19793022,0.5143742,-0.004887166,3307,-6268,-21,198.42,-376.08,-1.26,117,307,0.37142858,0.9746032,1,0,0,0,0,0,0,1,8B86E9096AFFCA0687045EFFA501FCFF4B99E90945FFA706E00445FFF201B4FF0BACE9093CFFA806140551FFD8018BFFEB0C84E7EBFF11D533184048
2026-09-12T15:45:05.5751997+00:00,9497,166313675,Connected,-1,24,-202,1727,1343,-0.9672575,8.269572,6.4308257,-155,420,-147,-0.18937768,0.5131524,-0.17960335,3308,-6266,-22,198.48,-375.96,-1.3199999,136,312,0.43174604,0.9904762,1,0,0,0,0,0,0,1,CBBEE90936FFBF063F0565FFA4016DFF8BD1E9091DFFAD063E0581FF4C0167FF64E4E90901FF99062805B9FFC9007FFFEC0C86E7EAFF122138184048
2026-09-12T15:45:05.5918903+00:00,9498,166328100,Connected,-1,24,-302,1712,1326,-1.4460979,8.197746,6.349423,-2,53,-87,-0.002443583,0.06475495,-0.10629586,3310,-6267,-23,198.59999,-376.02,-1.38,169,314,0.53650796,0.9968254,1,0,0,0,0,0,0,1,24F7E909D2FEB0062E05FEFF3500A9FFE409EA09B5FEC906340545009AFFDDFFA41CEA098CFECD064405900007FF1F00EE0C85E7E9FF12A53A184048
2026-09-12T15:45:05.6085439+00:00,9499,166342500,Connected,-1,24,-389,1714,1356,-1.8626889,8.207323,6.493075,204,-389,103,0.24924546,-0.4752769,0.12584452,3315,-6267,-23,198.9,-376.02,-1.38,206,307,0.6539683,0.9746032,1,0,0,0,0,0,0,1,642FEA097BFEB2064C05CC007BFE67003D42EA0987FE7F06FF040101F5FDA300FD54EA095EFE2906E6043201B5FDBA00F30C85E7E9FF133933184048
2026-09-12T15:45:05.6252273+00:00,9500,166356925,Connected,-1,24,-402,1519,1166,-1.9249382,7.273585,5.583278,356,-573,191,0.43495777,-0.70008653,0.23336217,3315,-6265,-24,198.9,-375.9,-1.4399999,218,303,0.6920635,0.96190476,1,0,0,0,0,0,0,1,BD67EA096EFEEF058E046401C3FDBF007D7AEA095FFE0C0676049A0132FEAD003D8DEA096DFE55064D04C60155FE7B00F30C87E7E8FF13692F184048
2026-09-12T15:45:05.6418877+00:00,9501,166371350,Connected,-1,24,-387,1648,1087,-1.8531121,7.8912888,5.2049947,482,-416,48,0.5889035,-0.50826526,0.058645993,3316,-6265,-27,198.95999,-375.9,-1.62,229,297,0.72698414,0.94285715,1,0,0,0,0,0,0,1,16A0EA097DFE70063F04E20160FE3000D6B2EA096CFE5B062804F60172FECFFF96C5EA0953FE2D06190419026CFE63FFF40C87E7E5FF139529184048
2026-09-12T15:45:05.6585513+00:00,9503,166400175,Connected,-1,24,-371,1654,1077,-1.7764976,7.920019,5.1571107,618,-272,-542,0.75506717,-0.33232728,-0.662211,3318,-6261,-31,199.08,-375.66,-1.86,264,274,0.83809525,0.8698413,1,0,0,0,0,0,0,1,AF10EB098DFE760635046A02F0FEE2FD6F23EB09A7FEA90644046C0211FFAEFD4836EB09B5FEC60648046C0214FF84FDF60C8BE7E1FF142112184048
2026-09-12T15:45:05.6752236+00:00,9504,166414600,Connected,-1,24,-302,1814,1116,-1.4460979,8.686164,5.3438582,611,-241,-659,0.7465146,-0.29445174,-0.8051606,3319,-6258,-35,199.14,-375.47998,-2.1,279,258,0.8857143,0.81904763,1,0,0,0,0,0,0,1,0849EB09D2FE16075C0463020FFF6DFDC85BEB09CAFE620778044E02E0FE8EFD886EEB097BFE5C07BA042602A9FECDFDF70C8EE7DDFF145D02184048
2026-09-12T15:45:05.6920734+00:00,9505,166429000,Connected,-1,24,-390,1903,1199,-1.8674773,9.112331,5.741296,506,-393,-495,0.61822647,-0.48016405,-0.6047868,3317,-6257,-35,199.01999,-375.41998,-2.1,287,246,0.9111111,0.7809524,1,0,0,0,0,0,0,1,4881EB097AFE6F07AF04FA0177FE11FE2194EB0986FE8407A504DB016DFE71FEE1A6EB0977FE80078204C8018FFEF3FEF50C8FE7DDFF147CF6184048
2026-09-12T15:45:05.7086492+00:00,9506,166443425,Connected,-1,24,-460,1868,1146,-2.2026656,8.944737,5.48751,446,-342,-130,0.544919,-0.4178527,-0.1588329,3317,-6250,-41,199.01999,-375,-2.46,300,224,0.95238096,0.7111111,1,0,0,0,0,0,0,1,A1B9EB0934FE4C077A04BE01AAFE7EFF61CCEB09F6FDDF068104DB0188FEFDFF21DFEB09E4FD8E06A4041F0238FE5200F50C96E7D7FF14B0E0184048
2026-09-12T15:45:05.7252713+00:00,9507,166457850,Connected,-1,24,-546,1688,1210,-2.6144683,8.082825,5.793968,600,-508,113,0.7330749,-0.6206701,0.13806243,3313,-6246,-45,198.78,-374.75998,-2.7,303,216,0.96190476,0.6857143,1,0,0,0,0,0,0,1,FAF1EB09DEFD9806BA04580204FE7100BA04EC09F8FDA406A9046202DFFD7A007A17EC092EFEBC0677045202B0FD7000F10C9AE7D3FF14BCD8184048
2026-09-12T15:45:05.7419536+00:00,9509,166486675,Connected,-1,24,-354,1811,1036,-1.6950948,8.671799,4.960786,451,-674,-29,0.55102795,-0.82348746,-0.035431955,3305,-6234,-53,198.3,-374.03998,-3.1799998,314,164,0.9968254,0.52063495,1,0,0,0,0,0,0,1,9362EC099EFE13070C04C3015EFDE3FF5375EC099CFE1F0704048F018DFDB3FF1388EC09A6FE1C07F2035B01BEFD89FFE90CA6E7CBFF14E8A4184048
2026-09-12T15:45:05.7586184+00:00,9510,166501100,Connected,-1,24,-350,1791,1028,-1.6759412,8.576031,4.9224787,302,-532,-153,0.36898103,-0.64999306,-0.1869341,3302,-6225,-60,198.12,-373.5,-3.6,314,147,0.9968254,0.46666667,1,0,0,0,0,0,0,1,EC9AEC09A2FEFF0604042E01ECFD67FFACADEC09ADFED1060804140104FE46FF6CC0EC09ADFECF06410411010FFE24FFE60CAFE7C4FF14E893184048
2026-09-12T15:45:05.7752754+00:00,9511,166515500,Connected,-1,24,-346,1768,1190,-1.6567876,8.465898,5.6982,275,-513,-227,0.33599266,-0.626779,-0.27734667,3299,-6222,-62,197.94,-373.31998,-3.72,307,117,0.9746032,0.37142858,1,0,0,0,0,0,0,1,2CD3EC09A6FEE806A6041301FFFD1DFF05E6EC0997FE20070B050401C5FD41FFF7F8EC09A1FE5B076405D5004BFD98FFE30CB2E7C2FF14CC75184048
2026-09-12T15:45:05.8086109+00:00,9513,166544350,Connected,-1,24,-316,1782,1029,-1.5131354,8.532935,4.927267,190,-950,335,0.23214038,-1.1607019,0.40930015,3292,-6212,-68,197.51999,-372.72,-4.08,296,95,0.93968254,0.3015873,1,0,0,0,0,0,0,1,DE43ED09C4FEF6060504BE004AFC4F019E56ED09C3FEF406A703B300CAFC76015E69ED09C8FEC006B30386008FFD6901DC0CBCE7BCFF14A05F184048
2026-09-12T15:45:05.8252722+00:00,9515,166573175,Connected,-1,24,-192,1777,940,-0.91937345,8.508993,4.501099,-27,-202,86,-0.03298837,-0.24680188,0.10507407,3285,-6205,-71,197.09999,-372.3,-4.2599998,274,71,0.8698413,0.22539683,1,0,0,0,0,0,0,1,77B4ED0940FFF106AC03E5FF36FF560037C7ED0911FFCB06FD0310004CFF1F00F7D9ED0912FFDE0621043A00FBFE2E00D50CC3E7B9FF144847184048
2026-09-12T15:45:05.8585961+00:00,9516,166587600,Connected,-1,24,-280,1792,1218,-1.340753,8.580819,5.8322754,62,-255,84,0.07575107,-0.31155682,0.10263049,3285,-6205,-71,197.09999,-372.3,-4.2599998,239,43,0.7587302,0.13650794,1,0,0,0,0,0,0,1,D0ECED09E8FE0007C2043E0001FF540090FFED09E8FE20079C041700F2FE97005012EE09EFFE36076104EEFFF6FEE500D50CC3E7B9FF13BC2B184048
2026-09-12T15:45:05.8753177+00:00,9517,166602000,Connected,-1,24,-247,1837,1032,-1.1827357,8.796297,4.9416323,-56,-258,297,-0.06842032,-0.3152222,0.36287206,3285,-6205,-71,197.09999,-372.3,-4.2599998,178,20,0.5650794,0.06349207,1,0,0,0,0,0,0,1,1025EE0909FF2D070804C8FFFEFE2901D037EE0930FF1A07C103A6FF1DFF5301A94AEE0946FF080795038DFF56FF6001D50CC3E7B9FF12C814184048
2026-09-12T15:45:05.8919334+00:00,9519,166630850,Connected,-1,24,-252,1763,1027,-1.2066777,8.441956,4.9176903,-222,70,315,-0.2712377,0.0855254,0.38486433,3274,-6199,-70,196.44,-371.94,-4.2,126,19,0.4,0.06031746,1,0,0,0,0,0,0,1,C295EE0904FFE306030422FF46003B0182A8EE09F6FEF2063A041BFF73005E0142BBEE09A5FE3A07BB040CFF64009A01CA0CC9E7BAFF11F813184048
2026-09-12T15:45:05.9086226+00:00,9520,166645250,Connected,-1,24,-309,1884,1136,-1.4796166,9.021352,5.439626,-301,-137,431,-0.36775923,-0.16738543,0.52659214,3269,-6198,-68,196.14,-371.88,-4.08,86,32,0.2730159,0.1015873,1,0,0,0,0,0,0,1,02CEEE09CBFE5C077004D3FE77FFAF01DBE0EE090AFF19073B04A2FE2FFFAE019BF3EE0923FFDE061C048DFED5FFE601C50CCAE7BCFF115820184048
2026-09-12T15:45:05.9253325+00:00,9521,166659675,Connected,-1,24,-189,1716,1006,-0.90500826,8.2169,4.817134,-353,147,570,-0.43129238,0.17960335,0.69642115,3261,-6192,-65,195.65999,-371.52,-3.8999999,44,59,0.13968255,0.18730159,1,0,0,0,0,0,0,1,5B06EF0943FFB406EE039FFE93003A021B19EF0928FF83060804C9FE4A019502DB2BEF0917FF9C062204F3FEB901CC02BD0CD0E7BFFF10B03B184048
2026-09-12T15:45:05.9419421+00:00,9522,166674125,Connected,-1,24,-246,1729,1095,-1.1779473,8.279149,5.243302,-229,459,730,-0.27979025,0.5608023,0.8919078,3261,-6192,-65,195.65999,-371.52,-3.8999999,32,71,0.1015873,0.22539683,1,0,0,0,0,0,0,1,CD3EEF090AFFC10647041BFFCB01DA027451EF0907FFCB066A0437FFC001CB024D64EF0919FFA6066F0445FFA6019902BD0CD0E7BFFF108047184048
2026-09-12T15:45:05.9586720+00:00,9523,166688550,Connected,-1,24,-178,1654,1105,-0.8523358,7.920019,5.291186,-175,391,585,-0.21381351,0.47772047,0.714748,3253,-6190,-59,195.18,-371.4,-3.54,32,71,0.1015873,0.22539683,1,0,0,0,0,0,0,1,2677EF094EFF7606510451FF87014902B489EF0992FF7A06330466FF7301EC018D9CEF09B1FF7A06260484FF69018F01B50CD2E7C5FF108047184048
2026-09-12T15:45:05.9752762+00:00,9525,166717350,Connected,-1,24,-87,1721,1103,-0.4165911,8.240842,5.281609,-135,392,176,-0.16494185,0.47894228,0.2150353,3244,-6189,-57,194.64,-371.34,-3.4199998,16,105,0.05079365,0.33333334,1,0,0,0,0,0,0,1,A6E7EF09A9FFB9064F0479FF8801B00066FAEF09A3FFC1066E043EFF56015A00260DF009AEFFDB06A204F4FEFC00F3FFAC0CD3E7C7FF104069184048
2026-09-12T15:45:05.9919290+00:00,9526,166731750,Connected,-1,24,-63,1793,1196,-0.30166942,8.585608,5.7269306,-354,121,-104,-0.4325142,0.14783677,-0.12706631,3239,-6187,-53,194.34,-371.22,-3.1799998,8,131,0.025396826,0.41587302,1,0,0,0,0,0,0,1,E61FF009C1FF0107AC049EFE790098FFA632F009D3FF2A07A20446FEF1FF58FF7F45F009E1FF46077904FBFD7EFF2DFFA70CD5E7CBFF102083184048
2026-09-12T15:45:06.0086127+00:00,9527,166746175,Connected,-1,24,-16,1855,1123,-0.076614454,8.882488,5.377377,-566,-194,-230,-0.691534,-0.23702756,-0.28101203,3236,-6187,-51,194.15999,-371.22,-3.06,7,149,0.022222223,0.47301587,1,0,0,0,0,0,0,1,3F58F009F0FF3F076304CAFD3EFF1AFFFF6AF009020040074C04C2FD4CFF26FFBF7DF009EBFF34075704D5FD8FFF4FFFA40CD5E7CDFF101C95184048
2026-09-12T15:45:06.0252741+00:00,9528,166760600,Connected,-1,24,-72,1857,1142,-0.34476504,8.892065,5.4683566,-510,-39,-125,-0.62311363,-0.047649868,-0.15272394,3235,-6191,-48,194.09999,-371.46,-2.8799999,7,156,0.022222223,0.4952381,1,0,0,0,0,0,0,1,9890F009B8FF4107760402FED9FF83FF58A3F00997FF3D078F043FFE1500DBFF18B6F00975FF1407980482FE5C005B00A30CD1E7D0FF101C9C184048
2026-09-12T15:45:06.0420837+00:00,9529,166775000,Connected,-1,24,-170,1730,1122,-0.81402856,8.283937,5.3725886,-332,211,225,-0.40563476,0.25779802,0.2749031,3233,-6192,-45,193.98,-371.52,-2.7,7,165,0.022222223,0.52380955,1,0,0,0,0,0,0,1,D8C8F00956FFC2066204B4FED300E100B1DBF00930FF76067804D8FEAA01370171EEF00935FF50068604E6FE57023701A10CD0E7D3FF101CA5184048
2026-09-12T15:45:06.0587008+00:00,9531,166803850,Connected,-1,24,-151,1607,1068,-0.7230489,7.6949644,5.1140146,-204,889,-153,-0.24924546,1.0861726,-0.1869341,3230,-6196,-39,193.8,-371.75998,-2.34,13,205,0.041269843,0.6507937,1,0,0,0,0,0,0,1,8A39F10969FF47062C0434FF790367FF4A4CF10980FF7606240464FFB203FAFE0A5FF1097FFFAC064904A0FFE103BCFE9E0CCCE7D9FF1034CD184048
2026-09-12T15:45:06.0920163+00:00,9533,166832675,Connected,-1,24,-326,1805,1387,-1.5610195,8.643068,6.6415157,70,547,-237,0.0855254,0.66831994,-0.28956458,3235,-6204,-35,194.09999,-372.24,-2.1,73,264,0.23174603,0.83809525,1,0,0,0,0,0,0,1,23AAF109BAFE0D076B054600230213FFE3BCF109D3FEE6063305470095011DFFA3CFF10999FE1F0732054D003001F7FEA30CC4E7DDFF112508184048
2026-09-12T15:45:06.1087001+00:00,9534,166847150,Connected,-1,24,-392,1858,1294,-1.8770541,8.896853,6.196194,93,168,-308,0.11362661,0.20526098,-0.37631178,3238,-6206,-35,194.28,-372.36,-2.1,84,271,0.26666668,0.86031747,1,0,0,0,0,0,0,1,AEE2F10978FE42070E055D00A800CCFE3CF5F10971FE6407140571002100BFFEFC07F209F7FD20077605A2005FFF2CFFA60CC2E7DDFF11510F184048
2026-09-12T15:45:06.1253527+00:00,9535,166861500,Connected,-1,24,-529,1807,1397,-2.5330653,8.652645,6.6893997,249,-462,42,0.30422607,-0.56446767,0.051315244,3243,-6213,-37,194.58,-372.78,-2.22,93,276,0.2952381,0.8761905,1,0,0,0,0,0,0,1,BC1AF209EFFD0F077505F90032FE2A007C2DF209F6FD24077A050A0197FDF0003C40F20915FE1707FF04FA006EFD5101AB0CBBE7DBFF117514184048
2026-09-12T15:45:06.1420243+00:00,9536,166875925,Connected,-1,24,-440,1774,1099,-2.1068976,8.494628,5.2624555,237,-616,318,0.28956458,-0.75262356,0.3885297,3245,-6216,-36,194.7,-372.96,-2.1599998,99,280,0.31428573,0.8888889,1,0,0,0,0,0,0,1,1553F20948FEEE064B04ED0098FD3E01D565F2096FFECF06F303040117FED1009578F20992FEA1069E033D0193FE5400AD0CB8E7DCFF118D18184048
2026-09-12T15:45:06.1586789+00:00,9537,166890325,Connected,-1,24,-369,1684,944,-1.7669208,8.063671,4.5202527,382,-199,-54,0.46672434,-0.24313651,-0.06597674,3247,-6221,-34,194.81999,-373.25998,-2.04,109,282,0.34603176,0.8952381,1,0,0,0,0,0,0,1,558BF2098FFE9406B0037E0139FFCAFF159EF2099DFE8906D003C101B9FF57FFEEB0F209B4FEA3060504F2012800EEFEAF0CB3E7DEFF11B51A184048
2026-09-12T15:45:06.1753453+00:00,9538,166904750,Connected,-1,24,-285,1743,1073,-1.364695,8.346188,5.1379566,515,141,-370,0.62922263,0.17227261,-0.45206285,3249,-6222,-35,194.94,-373.31998,-2.1,137,279,0.43492064,0.8857143,1,0,0,0,0,0,0,1,AEC3F209E3FECF06310403028D008EFE6ED6F20954FFCA060F040A02170143FE2EE9F20963FF0B073504180201021DFEB10CB2E7DDFF122517184048
2026-09-12T15:45:06.1920434+00:00,9539,166919150,Connected,-1,24,-147,1875,1071,-0.7038953,8.978256,5.12838,548,592,-494,0.6695417,0.7233006,-0.603565,3254,-6221,-38,195.23999,-373.25998,-2.28,202,246,0.64126986,0.7809524,1,0,0,0,0,0,0,1,EEFBF2096DFF53072F042402500212FEC70EF30966FF7D07620428022A021BFE8721F30947FF6D079A041502C30136FEB60CB3E7DAFF1328F6184048
2026-09-12T15:45:06.2086689+00:00,9541,166948000,Connected,-1,24,-338,1699,1257,-1.6184803,8.135497,6.019023,394,-95,-296,0.48138586,-0.11607019,-0.3616503,3263,-6217,-49,195.78,-373.02,-2.9399998,262,206,0.83174604,0.6539683,1,0,0,0,0,0,0,1,A06CF309AEFEA306E9048A01A1FFD8FE607FF309B5FEA906C004690130FF07FF2092F309B1FEB70684043D01D8FE3CFFBF0CB7E7CFFF1418CE184048
2026-09-12T15:45:06.2254224+00:00,9542,166962400,Connected,-1,24,-338,1748,1086,-1.6184803,8.37013,5.2002063,268,-371,-148,0.3274401,-0.45328465,-0.18082514,3266,-6215,-56,195.95999,-372.9,-3.36,273,196,0.8666667,0.62222224,1,0,0,0,0,0,0,1,E0A4F309AEFED4063E040C018DFE6CFFB9B7F309ACFECB06F603D90075FE89FF79CAF309B4FECF06C003A80091FE91FFC20CB9E7C8FF1444C4184048
2026-09-12T15:45:06.2420175+00:00,9543,166976825,Connected,-1,24,-334,1764,932,-1.5993267,8.446744,4.462792,124,-317,-112,0.15150215,-0.3873079,-0.13684064,3270,-6210,-63,196.2,-372.6,-3.78,292,166,0.92698413,0.52698416,1,0,0,0,0,0,0,1,39DDF309B2FEE406A4037C00C3FE90FF2BF0F309ACFEFD0684035500DCFE88FFD202F409A6FEF3067C033C00FEFE73FFC60CBEE7C1FF1490A6184048
2026-09-12T15:45:06.2587010+00:00,9544,166991250,Connected,-1,24,-340,1759,930,-1.6280571,8.422802,4.453215,56,-195,-169,0.06842032,-0.23824935,-0.20648277,3271,-6208,-67,196.26,-372.47998,-4.02,295,155,0.93650794,0.4920635,1,0,0,0,0,0,0,1,9215F409ACFEDF06A20338003DFF57FF8428F409D8FEE206DB0344007BFF40FF123BF4090AFF00071B044E00A8FF38FFC70CC0E7BDFF149C9B184048
2026-09-12T15:45:06.2753403+00:00,9545,167005650,Connected,-1,24,-241,1822,1070,-1.1540052,8.724471,5.1235914,69,-56,-200,0.08430361,-0.06842032,-0.2443583,3270,-6207,-69,196.2,-372.41998,-4.14,296,147,0.93968254,0.46666667,1,0,0,0,0,0,0,1,D24DF4090FFF1E072E044500C8FF38FFAB60F40908FF360721042B0003002DFF6B73F409DFFE23071E040E004D0018FFC60CC1E7BBFF14A093184048
2026-09-12T15:45:06.2920241+00:00,9547,167034500,Connected,-1,24,-397,1782,1202,-1.9009962,8.532935,5.755661,12,29,-63,0.014661498,0.035431955,-0.076972865,3272,-6198,-77,196.31999,-371.88,-4.62,296,141,0.93968254,0.44761905,1,0,0,0,0,0,0,1,84BEF40973FEF606B2040C001D00C1FF44D1F4097CFEE2069004F1FF04000E0004E4F409D8FE36076E04D3FFFFFF6B00C80CCAE7B3FF14A08D184048
2026-09-12T15:45:06.3086747+00:00,9548,167048925,Connected,-1,24,-373,1703,1131,-1.7860745,8.154651,5.415684,-97,-22,220,-0.11851378,-0.026879413,0.26879412,3277,-6194,-83,196.62,-371.63998,-4.98,296,140,0.93968254,0.44444445,1,0,0,0,0,0,0,1,DDF6F4098BFEA7066B049FFFEAFFDC009D09F509D8FECA068404C2FF82FF4C015D1CF509D0FED3069804DAFF45FFB901CD0CCEE7ADFF14A08C184048
2026-09-12T15:45:06.3253587+00:00,9549,167063325,Connected,-1,24,-102,2285,1025,-0.48841715,10.941502,4.9081135,-62,-182,510,-0.07575107,-0.22236605,0.62311363,3279,-6194,-86,196.73999,-371.63998,-5.16,296,139,0.93968254,0.44126984,1,0,0,0,0,0,0,1,1D2FF5099AFFED080104C2FF4AFFFE01F641F509F3FE6C091004D0FE6000BB01B654F5096DFEEA0799036DFE1500C901CF0CCEE7AAFF14A08B184048
2026-09-12T15:45:06.3420047+00:00,9550,167077750,Connected,-1,24,-394,1652,1035,-1.8866309,7.9104424,4.9559975,-324,-161,554,-0.39586043,-0.19670843,0.6768725,3280,-6190,-87,196.8,-371.4,-5.22,296,139,0.93968254,0.44126984,1,0,0,0,0,0,0,1,7667F50976FE74060B04BCFE5FFF2A02367AF5094BFEBD059F0428FFFDFE8802F68CF509E8FDA505D4047AFFCBFEBA02D00CD2E7A9FF14A08B184048
2026-09-12T15:45:06.3586675+00:00,9551,167092175,Connected,-1,24,-564,1535,1220,-2.7006595,7.350199,5.841852,-94,-356,677,-0.1148484,-0.43495777,0.82715285,3280,-6191,-89,196.8,-371.46,-5.3399997,296,139,0.93968254,0.44126984,1,0,0,0,0,0,0,1,CF9FF509CCFDFF05C404A2FF9CFEA5028FB2F5090AFE56066204B1FF5EFE57024FC5F5097DFE7706D603AEFF55FEEA01D00CD1E7A7FF14A08B184048
2026-09-12T15:45:06.3754053+00:00,9553,167121150,Connected,-1,24,-274,1732,1041,-1.3120226,8.293514,4.984728,32,-201,73,0.039097328,-0.24558009,0.08919078,3272,-6190,-86,196.31999,-371.4,-5.16,282,133,0.8952381,0.42222223,1,0,0,0,0,0,0,1,FE10F609EEFEC4061104200037FF49004123F609C6FEA606510447001DFF10003336F60994FEB60695044B0003FFEFFFC80CD2E7AAFF146885184048
2026-09-12T15:45:06.4087160+00:00,9554,167135425,Connected,-1,24,-369,1731,1147,-1.7669208,8.288726,5.4922986,63,-315,-3,0.076972865,-0.38486433,-0.0036653746,3266,-6189,-83,195.95999,-371.34,-4.98,240,134,0.7619048,0.42539683,1,0,0,0,0,0,0,1,C148F6098FFEC3067B043F00C5FEFDFF815BF60998FEF7063B042F00AAFE2D00A56EF609B8FE2F0710041400ADFE7000C20CD3E7ADFF13C086184048
2026-09-12T15:45:06.4253476+00:00,9555,167149850,Connected,-1,24,-243,1808,1033,-1.163582,8.6574335,4.9464207,11,-337,158,0.0134397065,-0.41174373,0.19304305,3265,-6187,-81,195.9,-371.22,-4.8599997,179,138,0.568254,0.43809524,1,0,0,0,0,0,0,1,1A81F6090DFF100709040B00AFFE9E00DA93F60924FF0A0704041800DBFEBD009AA6F60923FF1707230417000EFFE300C10CD5E7AFFF12CC8A184048
2026-09-12T15:45:06.4420202+00:00,9557,167178675,Connected,-1,24,-143,1822,1067,-0.6847417,8.724471,5.109226,69,-116,341,0.08430361,-0.14172782,0.4166309,3260,-6186,-79,195.59999,-371.16,-4.74,55,166,0.17460318,0.52698416,1,0,0,0,0,0,0,1,B3F1F60971FF1E072B0445008CFF55017304F70981FF0E072D045700C7FF4F014C17F70994FF0E0730046700E6FF5201BC0CD6E7B1FF10DCA6184048
2026-09-12T15:45:06.4586971+00:00,9558,167193100,Connected,-1,24,-84,1798,1074,-0.40222588,8.6095495,5.142745,106,26,323,0.1295099,0.03176658,0.39463866,3257,-6187,-77,195.42,-371.22,-4.62,19,170,0.06031746,0.53968257,1,0,0,0,0,0,0,1,0C2AF709ACFF060732046A001A004301CC3CF709C2FFF5062E04660065001C018C4FF709CDFFE1064D0468009800E600B90CD5E7B3FF104CAA184048
2026-09-12T15:45:06.4753549+00:00,9559,167207525,Connected,-1,24,-48,1771,1138,-0.22984336,8.480263,5.449203,112,155,194,0.13684064,0.18937768,0.23702756,3248,-6183,-75,194.87999,-370.97998,-4.5,18,169,0.057142857,0.53650796,1,0,0,0,0,0,0,1,6562F709D0FFEB06720470009B00C2002575F709F2FFF0066D0471007700B500E587F7090C00F30673046C007200AF00B00CD9E7B5FF1048A9184048
2026-09-12T15:45:06.4920227+00:00,9560,167221925,Connected,-1,24,29,1782,1129,0.1388637,8.532935,5.4061074,97,120,182,0.11851378,0.14661498,0.22236605,3245,-6183,-74,194.7,-370.97998,-4.44,16,170,0.05079365,0.53968257,1,0,0,0,0,0,0,1,A59AF7091D00F606690461007800B6007EADF70927000407630456007800C6003EC0F7092F0007076C0447008800C600AD0CD9E7B6FF1040AA184048
2026-09-12T15:45:06.5086939+00:00,9561,167236350,Connected,-1,24,48,1767,1135,0.22984336,8.461109,5.434838,56,155,172,0.06842032,0.18937768,0.21014814,3238,-6181,-75,194.28,-370.86,-4.5,15,170,0.04761905,0.53968257,1,0,0,0,0,0,0,1,FED2F7093000E7066F0438009B00AC00BEE5F7092900C80680043600A000930097F8F7092300C6069E042E0093005F00A60CDBE7B5FF103CAA184048
2026-09-12T15:45:06.5253467+00:00,9563,167265200,Connected,-1,24,10,1781,1156,0.047884032,8.528147,5.535394,-28,102,-382,-0.03421016,0.12462273,-0.46672434,3235,-6176,-76,194.09999,-370.56,-4.56,14,170,0.044444446,0.53968257,1,0,0,0,0,0,0,1,B043F8090A00F5068404E4FF660082FEBB56F809F6FF1E078704E9FF6A0025FE3069F809DAFF3E078D04F4FF6700EFFDA30CE0E7B4FF1038AA184048
2026-09-12T15:45:06.5420089+00:00,9564,167279600,Connected,-1,24,-57,1857,1162,-0.272939,8.892065,5.5641246,-5,98,-555,-0.0061089573,0.11973557,-0.67809427,3237,-6173,-78,194.22,-370.38,-4.68,13,171,0.041269843,0.54285717,1,0,0,0,0,0,0,1,F07BF809C7FF41078A04FBFF6200D5FDC98EF80980FF4807AE04F9FF6A00CCFD89A1F809F0FE4F07D9040800F3FF4FFEA50CE3E7B2FF1034AB184048
2026-09-12T15:45:06.5586697+00:00,9565,167294425,Connected,-1,24,-336,1938,1244,-1.6089035,9.279925,5.9567738,15,-230,-185,0.018326873,-0.28101203,-0.22603142,3238,-6173,-78,194.28,-370.38,-4.68,13,171,0.041269843,0.54285717,1,0,0,0,0,0,0,1,D9B5F809B0FE9207DC040F001AFF47FF09C7F809C3FEC9079604EEFFAEFE4400C9D9F80902FFEB07FB03C5FFD9FE1401A60CE3E7B2FF1034AB184048
2026-09-12T15:45:06.5753429+00:00,9566,167308450,Connected,-1,24,-238,2001,1000,-1.13964,9.581595,4.7884035,-59,-100,421,-0.0720857,-0.12217915,0.5143742,3237,-6173,-79,194.22,-370.38,-4.74,12,171,0.03809524,0.54285717,1,0,0,0,0,0,0,1,A2ECF80912FFD107E803C5FF9CFFA50162FFF8098DFF81071F036CFF7F00C3012212F909C2FF1507EC0205FFE9015201A50CE3E7B1FF1030AB184048
2026-09-12T15:45:06.5920104+00:00,9567,167322850,Connected,-1,24,-73,1691,766,-0.34955344,8.09719,3.667917,-260,804,156,-0.3176658,0.98232037,0.19059947,3238,-6172,-79,194.28,-370.31998,-4.74,12,171,0.03809524,0.54285717,1,0,0,0,0,0,0,1,E224F909B7FF9B06FE02FCFE24039C00BB37F909AEFF29063F033BFFBB03D2FF7B4AF90973FFF305F903A4FFFA0301FFA60CE4E7B1FF1030AB184048
2026-09-12T15:45:06.6086778+00:00,9569,167351700,Connected,-1,24,-86,1837,1205,-0.41180268,8.796297,5.770026,-14,780,-687,-0.01710508,0.9529974,-0.8393707,3241,-6170,-81,194.45999,-370.19998,-4.8599997,57,171,0.18095239,0.54285717,1,0,0,0,0,0,0,1,9495F909AAFF2D07B504F2FF0C0351FD54A8F909CCFF6207AE04F5FFA30254FD14BBF909A3FF4607D4042100150275FDA90CE6E7AFFF10E4AB184048
2026-09-12T15:45:06.6254261+00:00,9570,167366125,Connected,-1,24,-158,1793,1310,-0.7565677,8.585608,6.2728086,108,324,-586,0.13195348,0.39586043,-0.7159698,3248,-6173,-83,194.87999,-370.38,-4.98,147,173,0.46666667,0.5492064,1,0,0,0,0,0,0,1,EDCDF90962FF01071E056C004401B6FDADE0F9091DFFC3066805B8004F0004FE6DF3F909D1FEA8068205EF006AFF50FEB00CE3E7ADFF124CAD184048
2026-09-12T15:45:06.6586935+00:00,9571,167380525,Connected,-1,24,-341,1708,1313,-1.6328455,8.178593,6.2871737,278,-344,-360,0.33965802,-0.42029628,-0.43984494,3252,-6171,-85,195.12,-370.25998,-5.1,232,177,0.73650795,0.5619048,1,0,0,0,0,0,0,1,2D06FA09ABFEAC0621051601A8FE98FEED18FA09C6FEC1068A0431013CFED3FEC62BFA09C9FECB062C04590173FE16FFB40CE5E7ABFF13A0B1184048
2026-09-12T15:45:06.6758242+00:00,9573,167409575,Connected,-1,24,-434,1959,903,-2.078167,9.380483,4.3239284,315,-187,-80,0.38486433,-0.228475,-0.09774332,3262,-6172,-88,195.72,-370.31998,-5.2799997,290,171,0.9206349,0.54285717,1,0,0,0,0,0,0,1,A777FA094EFEA70787033B0145FFB0FF9F89FA095BFE93078503FA0099FFA7FF5F9CFA095BFE66079803C000F0FF96FFBE0CE4E7A8FF1488AB184048
2026-09-12T15:45:06.6923349+00:00,9574,167423850,Connected,-1,24,-445,1849,958,-2.1308396,8.853758,4.5872903,161,63,-124,0.19670843,0.076972865,-0.15150215,3268,-6175,-92,196.08,-370.5,-5.52,304,167,0.96507937,0.53015876,1,0,0,0,0,0,0,1,6AAFFA0943FE3907BE03A1003F0084FF11C2FA093CFE1807E1039600750073FFB8D4FA0949FE0B07E1039400940063FFC40CE1E7A4FF14C0A7184048
2026-09-12T15:45:06.7090208+00:00,9575,167438200,Connected,-1,24,-451,1808,1018,-2.15957,8.6574335,4.8745947,143,183,-174,0.17471619,0.22358784,-0.21259172,3269,-6175,-94,196.14,-370.5,-5.64,304,167,0.96507937,0.53015876,1,0,0,0,0,0,0,1,78E7FA093DFE1007FA038F00B70052FF38FAFA091BFE09073D047D00C60045FFF80CFB0916FEEA0662046400960041FFC50CE1E7A2FF14C0A7184048
2026-09-12T15:45:06.7256629+00:00,9576,167452625,Connected,-1,24,-431,1769,1126,-2.0638018,8.470686,5.391742,73,94,-209,0.08919078,0.1148484,-0.25535443,3270,-6176,-95,196.2,-370.56,-5.7,305,166,0.96825397,0.52698416,1,0,0,0,0,0,0,1,D11FFB0951FEE906660449005E002FFF9132FB098EFE4B075F043C002D0023FF5145FB0989FEB1075D044700E3FF5CFFC60CE0E7A1FF14C4A6184048
2026-09-12T15:45:06.7423643+00:00,9577,167467025,Connected,-1,24,-396,1973,1107,-1.8962077,9.44752,5.3007627,88,-125,-21,0.10751765,-0.15272394,-0.025657622,3274,-6176,-101,196.44,-370.56,-6.06,309,166,0.9809524,0.52698416,1,0,0,0,0,0,0,1,1158FB0974FEB5075304580083FFEBFFEA6AFB096EFE8E0756044E0049FF8F00AA7DFB094FFE6A0742042E002FFF1C01CA0CE0E79BFF14D4A6184048
2026-09-12T15:45:06.7590056+00:00,9579,167495875,Connected,-1,24,-397,1628,907,-1.9009962,7.795521,4.343082,31,-246,489,0.037875537,-0.3005607,0.59745604,3279,-6173,-106,196.73999,-370.38,-6.3599997,313,170,0.9936508,0.53968257,1,0,0,0,0,0,0,1,C3C8FB0973FE5C068B031F000AFFE90183DBFB098FFE210688031A00B9FF750143EEFB094DFE230691032E000200CF00CF0CE3E796FF14E4AA184048
2026-09-12T15:45:06.7757563+00:00,9580,167510275,Connected,-1,24,-458,1598,975,-2.1930888,7.651869,4.6686935,116,-64,55,0.14172782,-0.078194655,0.06719853,3281,-6173,-109,196.86,-370.38,-6.54,313,170,0.9936508,0.53968257,1,0,0,0,0,0,0,1,0301FC0936FE3E06CF037400C0FF3700C313FC096DFE80062704AA0085FFBBFF9C26FC0991FEB1062F04B30073FF75FFD10CE3E793FF14E4AA184048
2026-09-12T15:45:06.8089999+00:00,9582,167539125,Connected,-1,24,-437,1726,1097,-2.0925324,8.264784,5.2528787,156,-259,-175,0.19059947,-0.316444,-0.21381351,3276,-6167,-111,196.56,-370.02,-6.66,313,171,0.9936508,0.54285717,1,0,0,0,0,0,0,1,B571FC094BFEBE0649049C00FDFE51FF7584FC094BFE8C065904B300D9FE47FF3597FC0967FE8A063F04CB009DFE36FFCC0CE9E791FF14E4AB184048
2026-09-12T15:45:06.8256677+00:00,9583,167553525,Connected,-1,24,-368,1751,1053,-1.7621324,8.384495,5.0421886,213,-393,-231,0.2602416,-0.48016405,-0.28223383,3275,-6167,-113,196.5,-370.02,-6.7799997,314,168,0.9968254,0.53333336,1,0,0,0,0,0,0,1,F5A9FC0990FED7061D04D50077FE19FFCEBCFC09B2FE6007BD03D1008DFE04FF8ECFFC097CFE6407DA03D600D0FE0BFFCB0CE9E78FFF14E8A8184048
2026-09-12T15:45:06.8424293+00:00,9585,167582400,Connected,-1,24,-399,1886,993,-1.910573,9.030929,4.7548847,172,-328,-112,0.21014814,-0.4007476,-0.13684064,3272,-6164,-116,196.31999,-369.84,-6.96,279,124,0.8857143,0.3936508,1,0,0,0,0,0,0,1,C01AFD0971FE5E07E103AC00B8FE90FF672DFD0966FE2007E4039600DAFEA8FF5940FD0967FEDB06E7039500EBFE9CFFC80CECE78CFF145C7C184048
2026-09-12T15:45:06.8589902+00:00,9586,167596775,Connected,-1,24,-432,1689,1046,-2.0685902,8.087613,5.00867,167,-279,-146,0.20403919,-0.34087983,-0.17838156,3272,-6164,-117,196.31999,-369.84,-7.02,242,107,0.768254,0.33968255,1,0,0,0,0,0,0,1,E752FD0950FE99061604A700E9FE6EFFC065FD092FFE6C063604BC00BEFE21FF8078FD0936FE5F065A04CC008AFEB6FEC80CECE78BFF13C86B184048
2026-09-12T15:45:06.8756699+00:00,9587,167611200,Connected,-1,24,-419,1678,1123,-2.006341,8.034941,5.377377,218,-465,-446,0.26635054,-0.56813306,-0.544919,3271,-6162,-118,196.26,-369.72,-7.08,229,98,0.72698414,0.31111112,1,0,0,0,0,0,0,1,408BFD095DFE8E066304DA002FFE42FE009EFD0973FECE064D04E700C7FDDFFDC0B0FD098EFE03070804F10081FD8EFDC70CEEE78AFF139462184048
2026-09-12T15:45:06.8923256+00:00,9588,167625625,Connected,-1,24,-323,1834,1005,-1.5466543,8.781932,4.8123455,262,-667,-680,0.32010937,-0.8149349,-0.83081824,3271,-6158,-119,196.26,-369.47998,-7.14,206,87,0.6539683,0.2761905,1,0,0,0,0,0,0,1,99C3FD09BDFE2A07ED03060165FD58FD59D6FD0900FF5707EE0342014EFD4BFD19E9FD0927FF8407E1039F0136FD64FDC70CF2E789FF133857184048
2026-09-12T15:45:06.9090166+00:00,9589,167640025,Connected,-1,24,-247,1935,999,-1.1827357,9.26556,4.783615,521,-714,-615,0.63655335,-0.8723591,-0.7514018,3270,-6158,-119,196.2,-369.47998,-7.14,177,74,0.5619048,0.23492064,1,0,0,0,0,0,0,1,D9FBFD0909FF8F07E703090236FD99FD990EFE09C7FE640706047B023BFDE2FD7221FE0992FE06074804E80237FD2FFEC60CF2E789FF12C44A184048
2026-09-12T15:45:06.9256744+00:00,9590,167654450,Connected,-1,24,-381,1775,1157,-1.8243817,8.499416,5.5401826,828,-732,-401,1.0116434,-0.89435136,-0.48993838,3272,-6157,-121,196.31999,-369.41998,-7.2599998,166,64,0.52698416,0.2031746,1,0,0,0,0,0,0,1,3234FE0983FEEF0685043C0324FD6FFEF246FE0999FE0B0773045E0310FD9CFEB259FE09D4FE4B0750044B03D2FCC4FEC80CF3E787FF129840184048
2026-09-12T15:45:06.9423338+00:00,9591,167668875,Connected,-1,24,-220,1940,1026,-1.0534488,9.289502,4.912902,789,-902,-275,0.9639935,-1.1020559,-0.33599266,3272,-6156,-123,196.31999,-369.36,-7.3799996,161,48,0.51111114,0.15238096,1,0,0,0,0,0,0,1,8B6CFE0924FF9407020415037AFCEDFE4B7FFE0952FFBE07CE03D0024DFC1CFF0B92FE095CFFD90797038B0248FC51FFC80CF4E785FF128430184048
2026-09-12T15:45:06.9589948+00:00,9592,167683275,Connected,-1,24,-182,1999,908,-0.8714894,9.572019,4.3478703,586,-918,-117,0.7159698,-1.1216046,-0.14294961,3273,-6154,-130,196.37999,-369.24,-7.7999997,164,32,0.52063495,0.1015873,1,0,0,0,0,0,0,1,CBA4FE094AFFCF078C034A026AFC8BFFA4B7FE092AFFA107A5030602A4FCB9FF64CAFE0922FF7207B103BC01C7FCD6FFC90CF6E77EFF129020184048
2026-09-12T15:45:06.9756819+00:00,9593,167697700,Connected,-1,24,-222,1876,936,-1.0630256,8.983045,4.4819455,370,-814,-34,0.45206285,-0.99453825,-0.04154091,3273,-6153,-131,196.37999,-369.18,-7.8599997,168,27,0.53333336,0.08571429,1,0,0,0,0,0,0,1,24DDFE0922FF5407A8037201D2FCDEFFE4EFFE0932FF44079F033501CEFCDAFFBD02FF0946FF65076F030201DAFCD9FFC90CF7E77DFF12A01B184048
2026-09-12T15:45:06.9923341+00:00,9595,167726550,Connected,-1,24,-89,1956,770,-0.4261679,9.3661175,3.6870706,16,-445,36,0.019548664,-0.54369724,0.043984495,3269,-6148,-136,196.14,-368.88,-8.16,188,19,0.5968254,0.06031746,1,0,0,0,0,0,0,1,D64DFF09A7FFA4070203100043FE24009660FF097CFF7107FE02CEFFD5FE5B005673FF0979FF87072503C9FF4FFF9100C50CFCE778FF12F013184048
2026-09-12T15:45:07.0090566+00:00,9596,167740950,Connected,-1,24,-177,1884,818,-0.8475474,9.021352,3.916914,-39,-128,243,-0.047649868,-0.15638931,0.29689533,3267,-6145,-137,196.01999,-368.69998,-8.22,188,19,0.5968254,0.06031746,1,0,0,0,0,0,0,1,1686FF094FFF5C073203D9FF80FFF300EF98FF0980FF2A075003E9FFB3FF3A01AFABFF0975FF25074F03D9FF12006E01C30CFFE777FF12F013184048
2026-09-12T15:45:07.0256747+00:00,9597,167755375,Connected,-1,24,-219,1846,786,-1.0486604,8.839393,3.763685,-81,123,379,-0.09896511,0.15028036,0.46305898,3264,-6140,-139,195.84,-368.4,-8.34,190,19,0.6031746,0.06031746,1,0,0,0,0,0,0,1,6FBEFF0925FF36071203AFFF7B007B012FD1FF090FFF4B07F80287FFDB00160108E4FF0905FF3D0719037AFF05018C00C00C04E875FF12F813184048
2026-09-12T15:45:07.0423317+00:00,9598,167769800,Connected,-1,24,-249,1813,826,-1.1923125,8.6813755,3.9552212,-113,253,60,-0.13806243,0.30911323,0.07330749,3265,-6140,-140,195.9,-368.4,-8.4,191,19,0.60634923,0.06031746,1,0,0,0,0,0,0,1,C8F6FF0907FF15073A038FFFFD003C008809000A13FF32077B03B4FF05013100481C000A0DFF7707BB03CBFF01017600C10C04E874FF12FC13184048
2026-09-12T15:45:07.0589968+00:00,9599,167784225,Connected,-1,24,-279,1936,960,-1.3359646,9.270349,4.596867,-52,237,242,-0.06353316,0.28956458,0.29567355,3261,-6140,-144,195.65999,-368.4,-8.639999,191,19,0.60634923,0.06031746,1,0,0,0,0,0,0,1,212F000AE9FE9007C003CCFFED00F200E141000AD2FE8A079303AEFFF7005D01A154000AE8FE7C0758036AFF2B019A01BD0C04E870FF12FC13184048
2026-09-12T15:45:07.0756692+00:00,9601,167813050,Connected,-1,24,-252,1836,886,-1.2066777,8.791509,4.2425256,-354,511,440,-0.4325142,0.62433547,0.53758824,3252,-6134,-148,195.12,-368.03998,-8.88,132,16,0.41904762,0.05079365,1,0,0,0,0,0,0,1,BA9F000A04FF2C0776039EFEFF01B8017AB2000A03FF1407C003C4FEE201DF0153C5000ADEFEF406F103F6FEB4011902B40C0AE86CFF121010184048
2026-09-12T15:45:07.0923291+00:00,9602,167827475,Connected,-1,24,-310,1760,1037,-1.484405,8.42759,4.9655743,-234,393,586,-0.28589922,0.48016405,0.7159698,3248,-6132,-148,194.87999,-367.91998,-8.88,111,24,0.35238096,0.07619048,1,0,0,0,0,0,0,1,13D8000ACAFEE0060D0416FF89014A02D3EA000ACFFEC206080412FF6101640293FD000AD9FEB706DC03F6FE53015F02B00C0CE86CFF11BC18184048
2026-09-12T15:45:07.1090074+00:00,9603,167841900,Connected,-1,24,-281,1734,912,-1.3455414,8.303091,4.367024,-290,352,585,-0.35431954,0.4300706,0.714748,3244,-6134,-145,194.64,-368.03998,-8.7,90,32,0.2857143,0.1015873,1,0,0,0,0,0,0,1,6C10010AE7FEC6069003DEFE600149022C23010A04FFDF067D03D9FE80013B02EC35010A0AFFDE066B03D7FEB8013302AC0C0AE86FFF116820184048
2026-09-12T15:45:07.1256673+00:00,9604,167856300,Connected,-1,24,-218,1795,859,-1.043872,8.595184,4.1132383,-303,487,541,-0.3702028,0.5950125,0.6609892,3242,-6134,-146,194.51999,-368.03998,-8.76,78,38,0.24761905,0.12063492,1,0,0,0,0,0,0,1,AC48010A26FF03075B03D1FEE7011D02855B010A57FF4A073503CEFE0802FE01456E010A23FF16075B03CDFE6002DB01AA0C0AE86EFF113826184048
2026-09-12T15:45:07.1424016+00:00,9606,167885150,Connected,-1,24,-225,1750,1039,-1.0773908,8.379706,4.975151,-288,694,189,-0.35187596,0.8479233,0.23091859,3238,-6134,-142,194.28,-368.03998,-8.5199995,52,62,0.16507937,0.1968254,1,0,0,0,0,0,0,1,5EB9010A1FFFD6060F04E0FEB602BD001ECC010A16FFED061F04F3FE83026A00DEDE010A24FFE206230408FF42020900A60C0AE872FF10D03E184048
2026-09-12T15:45:07.1590609+00:00,9607,167899550,Connected,-1,24,-160,1787,1049,-0.7661445,8.556877,5.023035,-227,510,-84,-0.27734667,0.62311363,-0.10263049,3238,-6135,-142,194.28,-368.1,-8.5199995,52,62,0.16507937,0.1968254,1,0,0,0,0,0,0,1,9EF1010A60FFFB0619041DFFFE01ACFF7704020A82FF21070E0430FFBB0160FF3717020A7BFF430705043EFF910121FFA60C09E872FF10D03E184048
2026-09-12T15:45:07.1756879+00:00,9608,167913975,Connected,-1,24,-175,1890,1026,-0.8379706,9.050082,4.912902,-191,390,-269,-0.23336217,0.4764987,-0.32866192,3238,-6136,-142,194.28,-368.16,-8.5199995,31,98,0.0984127,0.31111112,1,0,0,0,0,0,0,1,F729020A51FF6207020441FF8601F3FEB73C020A42FF8107E3033DFFA301DEFE904F020A4EFFB707E20347FFC201F8FEA60C08E872FF107C62184048
2026-09-12T15:45:07.1923674+00:00,9609,167928400,Connected,-1,24,-244,1989,1010,-1.1683705,9.524135,4.8362875,-162,465,-186,-0.19793022,0.56813306,-0.22725321,3237,-6136,-142,194.22,-368.16,-8.5199995,28,106,0.08888889,0.33650795,1,0,0,0,0,0,0,1,5062020A0CFFC507F2035EFFD10146FF1075020AC9FEA507FD0378FFEA019FFFD087020AC7FE7C07D60382FF2902E7FFA50C08E872FF10706A184048
2026-09-12T15:45:07.2256900+00:00,9611,167957225,Connected,-1,24,-348,1929,1044,-1.6663644,9.23683,4.999093,-128,819,82,-0.15638931,1.0006472,0.1001869,3240,-6137,-138,194.4,-368.22,-8.28,27,131,0.08571429,0.41587302,1,0,0,0,0,0,0,1,E9D2020AA4FE8907140480FF33035200C2E5020AEBFEA207D70377FF39035F0082F8020AE9FE7E077B0378FF74036800A80C07E876FF106C83184048
2026-09-12T15:45:07.2423579+00:00,9612,167971650,Connected,-1,24,-317,1865,885,-1.5179238,8.930372,4.237737,-125,1022,74,-0.15272394,1.2486709,0.09041257,3245,-6140,-139,194.7,-368.4,-8.34,59,165,0.18730159,0.52380955,1,0,0,0,0,0,0,1,420B030AC3FE4907750383FFFE034A00021E030AC3FE310778038BFF80040A00DB30030ABEFE4B07B0038BFFE104BDFFAD0C04E875FF10ECA5184048
2026-09-12T15:45:07.2590188+00:00,9613,167986075,Connected,-1,24,-329,1872,1019,-1.5753847,8.963891,4.879383,-117,1307,-148,-0.14294961,1.5968815,-0.18082514,3249,-6140,-138,194.94,-368.4,-8.28,96,180,0.30476192,0.5714286,1,0,0,0,0,0,0,1,9B43030AB7FE5007FB038BFF1B056CFF5B56030ACCFE4707240486FF27052DFF1B69030A19FF4907110473FF1D0503FFB10C04E876FF1180B4184048
2026-09-12T15:45:07.2756840+00:00,9614,168000475,Connected,-1,24,-194,1903,946,-0.92895025,9.112331,4.5298295,-138,1309,-267,-0.16860722,1.5993251,-0.32621834,3261,-6143,-140,195.65999,-368.58,-8.4,124,202,0.3936508,0.64126986,1,0,0,0,0,0,0,1,DB7B030A3EFF6F07B20376FF1D05F5FEB48E030A10FF7C07AB0390FF4205FFFE74A1030ACAFE6007CB03ACFF5A050FFFBD0C01E874FF11F0CA184048
2026-09-12T15:45:07.2923788+00:00,9615,168014900,Connected,-1,24,-376,1841,1017,-1.8004397,8.815451,4.8698063,-69,1347,-225,-0.08430361,1.6457531,-0.2749031,3267,-6142,-141,196.01999,-368.52,-8.46,150,222,0.47619048,0.7047619,1,0,0,0,0,0,0,1,34B4030A88FE3107F903BBFF43051FFFF4C6030A5BFE10070B04B7FF010528FFCDD9030A40FE31071E04AAFFD00431FFC30C02E873FF1258DE184048
2026-09-12T15:45:07.3090374+00:00,9617,168043750,Connected,-1,24,-512,1753,1122,-2.4516625,8.394072,5.3725886,-10,834,-104,-0.012217915,1.0189741,-0.12706631,3285,-6144,-146,197.09999,-368.63998,-8.76,196,265,0.62222224,0.84126985,1,0,0,0,0,0,0,1,E624040A00FED9066204F6FF420398FFA637040A18FED70667041A00D50293FF664A040A14FEEA0667043100680277FFD50C00E86EFF131109184048
2026-09-12T15:45:07.3256940+00:00,9618,168058150,Connected,-1,24,-496,1796,1101,-2.3750482,8.599973,5.2720323,64,511,-194,0.078194655,0.62433547,-0.23702756,3291,-6143,-148,197.45999,-368.58,-8.88,205,277,0.6507937,0.8793651,1,0,0,0,0,0,0,1,265D040A10FE04074D044000FF013EFFE66F040A06FE2B074E044400A001F2FEBF82040AFFFD5B074E043E004201ABFEDB0C01E86CFF133515184048
2026-09-12T15:45:07.3423564+00:00,9619,168072575,Connected,-1,24,-535,1940,1077,-2.5617957,9.289502,5.1571107,48,183,-355,0.058645993,0.22358784,-0.43373597,3304,-6144,-155,198.23999,-368.63998,-9.3,223,296,0.7079365,0.93968254,1,0,0,0,0,0,0,1,7F95040AE9FD940735043000B7009DFE3FA8040AF3FDB40738042600F3FFF3FEFFBA040ADBFDA2075104160059FF87FFE80C00E865FF137D28184048
2026-09-12T15:45:07.3590232+00:00,9620,168087000,Connected,-1,24,-573,1883,1095,-2.743755,9.016563,5.243302,2,-279,24,0.002443583,-0.34087983,0.029322997,3311,-6143,-158,198.65999,-368.58,-9.48,227,300,0.72063494,0.95238096,1,0,0,0,0,0,0,1,D8CD040AC3FD5B0747040200E9FE180098E0040ADCFD1007330406007EFE7B0058F3040AE1FDD1062E0430001EFEA500EF0C01E862FF138D2C184048
2026-09-12T15:45:07.3757216+00:00,9621,168101400,Connected,-1,24,-543,1697,1049,-2.6001031,8.12592,5.023035,108,-572,174,0.13195348,-0.69886476,0.21259172,3323,-6143,-164,199.37999,-368.58,-9.84,228,299,0.72380954,0.94920635,1,0,0,0,0,0,0,1,1806050AE1FDA10619046C00C4FDAE00F118050AE6FD8506EF039E007BFDA800B12B050A10FE9506BA03C00063FD9000FB0C01E85CFF13912B184048
2026-09-12T15:45:07.3923857+00:00,9623,168130250,Connected,-1,24,-530,1604,982,-2.5378537,7.680599,4.7022123,307,-708,-61,0.37508997,-0.8650284,-0.07452928,3330,-6140,-168,199.8,-368.4,-10.08,255,281,0.8095238,0.8920635,1,0,0,0,0,0,0,1,CA76050AEEFD4406D60333013CFDC3FF8A89050AE0FD4906ED035C01F4FC65FF4A9C050A2CFE8C06D6037E019DFC09FF020D04E858FF13FD19184048
2026-09-12T15:45:07.4090750+00:00,9624,168144650,Connected,-1,24,-457,1732,985,-2.1883004,8.293514,4.7165775,406,-920,-322,0.49604735,-1.1240481,-0.39341685,3332,-6140,-168,199.92,-368.4,-10.08,275,261,0.8730159,0.82857144,1,0,0,0,0,0,0,1,0AAF050A37FEC406D903960168FCBEFEE3C1050A5AFE1307A0039B0167FC78FEA3D4050A9CFE60075603A10183FC4CFE040D04E858FF144D05184048
2026-09-12T15:45:07.4424018+00:00,9626,168173700,Connected,-1,24,-484,2000,927,-2.3175871,9.576807,4.43885,473,-776,-215,0.5779074,-0.9481102,-0.26268518,3331,-6137,-172,199.86,-368.22,-10.32,312,187,0.9904762,0.5936508,1,0,0,0,0,0,0,1,8420060A1CFED0079F03D901F8FC29FF7C32060A0AFE8007AA03AC01EEFC55FF5545060A2EFE43079503810128FD6FFF030D07E854FF14E0BB184048
2026-09-12T15:45:07.4590721+00:00,9628,168202325,Connected,-1,24,-406,1903,989,-1.9440918,9.112331,4.735731,310,-570,-40,0.37875536,-0.69642115,-0.04887166,3331,-6137,-174,199.86,-368.22,-10.44,314,147,0.9968254,0.46666667,1,0,0,0,0,0,0,1,5590060A6AFE6F07DD033601C6FDD8FF15A3060A79FE7407CE03260173FDE9FFD5B5060A91FE6A07B603140147FDFBFF030D07E852FF14E893184048
2026-09-12T15:45:07.4757381+00:00,9629,168216725,Connected,-1,24,-356,1863,935,-1.7046716,8.920795,4.477157,263,-689,20,0.32133117,-0.84181434,0.02443583,3331,-6136,-175,199.86,-368.16,-10.5,311,133,0.9873016,0.42222223,1,0,0,0,0,0,0,1,95C8060A9CFE4707A70307014FFD140055DB060A93FE21079503100160FD24002EEE060A8CFE1F079F0327017BFD2400030D08E851FF14DC85184048
2026-09-12T15:45:07.5090626+00:00,9630,168231150,Connected,-1,24,-359,1837,936,-1.7190368,8.796297,4.4819455,297,-621,37,0.36287206,-0.7587325,0.045206286,3330,-6133,-180,199.8,-367.97998,-10.8,311,127,0.9873016,0.4031746,1,0,0,0,0,0,0,1,EE00070A99FE2D07A803290193FD2500AE13070AA5FE310799030D01A8FD24006E26070AB5FE3F078503E300B3FD1D00020D0BE84CFF14DC7F184048
2026-09-12T15:45:07.5257252+00:00,9631,168245575,Connected,-1,24,-320,1863,853,-1.532289,8.920795,4.084508,175,-558,21,0.21381351,-0.68175966,0.025657622,3328,-6132,-181,199.68,-367.91998,-10.86,308,118,0.9777778,0.37460318,1,0,0,0,0,0,0,1,4739070AC0FE47075503AF00D2FD1500074C070AD4FE44072A0379001BFE0B00C75E070AF0FE66072103470090FE0800000D0CE84BFF14D076184048
2026-09-12T15:45:07.5424076+00:00,9633,168274400,Connected,-1,24,-245,1776,826,-1.1731589,8.504205,3.9552212,-63,165,139,-0.076972865,0.20159559,0.16982901,3317,-6128,-180,199.01999,-367.68,-10.8,294,85,0.93333334,0.26984128,1,0,0,0,0,0,0,1,E0A9070A0BFFF0063A03C1FFA5008B00A0BC070ABFFECE067903BFFFFA00990060CF070A92FED5068603BEFF03019400F50C10E84CFF149855184048
2026-09-12T15:45:07.5590495+00:00,9634,168288825,Connected,-1,24,-280,1766,861,-1.340753,8.456321,4.122815,-98,291,43,-0.11973557,0.35554132,0.052537035,3311,-6125,-182,198.65999,-367.5,-10.92,293,81,0.93015873,0.25714287,1,0,0,0,0,0,0,1,39E2070AE8FEE6065D039EFF23012B00F9F4070A2BFFD706340357FF760165FFB907080A0CFFBD0637035DFF4C01FEFEEF0C13E84AFF149451184048
2026-09-12T15:45:07.5757233+00:00,9635,168303225,Connected,-1,24,-297,1760,953,-1.4221559,8.42759,4.5633483,-97,229,-271,-0.11851378,0.27979025,-0.3311055,3312,-6125,-182,198.72,-367.5,-10.92,284,68,0.9015873,0.21587302,1,0,0,0,0,0,0,1,791A080AD7FEE006B9039FFFE500F1FE392D080A9DFE0D074704C7FF66002CFF2B40080A6EFE28077F04BCFFDAFFACFFF00C13E84AFF147044184048
2026-09-12T15:45:07.5924050+00:00,9636,168317650,Connected,-1,24,-452,1853,1152,-2.1643584,8.872911,5.5162406,-117,-151,79,-0.14294961,-0.18449052,0.09652153,3310,-6124,-183,198.59999,-367.44,-10.98,265,59,0.84126985,0.18730159,1,0,0,0,0,0,0,1,D252080A3CFE3D0780048BFF69FF4F00C465080A2FFE4907EF0366FFC2FEFE005278080A1EFE2B07F1035AFF8EFE6101EE0C14E849FF14243B184048
2026-09-12T15:45:07.6090734+00:00,9637,168332075,Connected,-1,24,-482,1784,887,-2.3080103,8.542512,4.247314,-182,-418,400,-0.22236605,-0.51070887,0.4887166,3309,-6122,-182,198.54,-367.31998,-10.92,228,44,0.72380954,0.13968255,1,0,0,0,0,0,0,1,2B8B080A1EFEF80677034AFF5EFE9001EB9D080AF7FDCC067E0348FF4FFE8B01ABB0080AEAFDB6068E0350FF47FE5401ED0C16E84AFF13902C184048
2026-09-12T15:45:07.6257276+00:00,9639,168360900,Connected,-1,24,-455,1851,878,-2.1787236,8.863335,4.2042184,-149,-372,163,-0.18204693,-0.45450643,0.19915201,3301,-6120,-180,198.06,-367.19998,-10.8,172,26,0.5460318,0.082539685,1,0,0,0,0,0,0,1,C4FB080A39FE3B076E036BFF8CFEA300840E090A6BFE2107510378FFD5FEAE004421090AA7FE3007360380FF45FFAB00E50C18E84CFF12B01A184048
2026-09-12T15:45:07.6423830+00:00,9640,168375325,Connected,-1,24,-264,1918,833,-1.2641385,9.184157,3.98874,-129,-78,146,-0.1576111,-0.095299736,0.17838156,3299,-6121,-179,197.94,-367.25998,-10.74,116,30,0.36825398,0.0952381,1,0,0,0,0,0,0,1,1D34090AF8FE7E0741037FFFB2FF9200DD46090A15FFB807370373FFE3FF94009D59090AF8FE8E079D0386FFE4FFBB00E30C17E84DFF11D01E184048
2026-09-12T15:45:07.6591041+00:00,9641,168389725,Connected,-1,24,-255,1912,998,-1.2210429,9.155427,4.7788267,-89,-60,259,-0.10873944,-0.07330749,0.316444,3295,-6123,-174,197.7,-367.38,-10.44,87,38,0.2761905,0.12063492,1,0,0,0,0,0,0,1,5D6C090A01FF7807E603A7FFC4FF0301367F090A1DFF7E071D04CFFF8CFF7B01F691090A0EFF85072D04F8FF51FF1502DF0C15E852FF115C26184048
2026-09-12T15:45:07.6758806+00:00,9642,168404150,Connected,-1,24,-222,1903,1024,-1.0630256,9.112331,4.903325,11,-208,665,0.0134397065,-0.25413263,0.81249136,3291,-6123,-172,197.45999,-367.38,-10.32,81,41,0.25714287,0.13015874,1,0,0,0,0,0,0,1,B6A4090A22FF6F0700040B0030FF990276B7090A1DFF8307C403050031FFE70236CA090A25FF8B077503F0FF4DFFFB02DB0C15E854FF114429184048
2026-09-12T15:45:07.6925799+00:00,9644,168432975,Connected,-1,24,-231,1845,840,-1.1061212,8.834604,4.0222588,-97,197,689,-0.11851378,0.24069293,0.84181434,3284,-6120,-167,197.04,-367.19998,-10.0199995,36,72,0.114285715,0.22857143,1,0,0,0,0,0,0,1,4F150A0A19FF350748039FFFC500B10228280A0A24FF34074B038CFF2F017402E83A0A0A4AFF3907510383FF7E012602D40C18E859FF109048184048
2026-09-12T15:45:07.7259695+00:00,9646,168462000,Connected,-1,24,-86,1868,958,-0.41180268,8.944737,4.5872903,-141,540,406,-0.17227261,0.6597674,0.49604735,3278,-6119,-161,196.68,-367.13998,-9.66,16,108,0.05079365,0.34285715,1,0,0,0,0,0,0,1,B0860A0AAAFF4C07BE0373FF1C029601C1980A0A9AFF2907C70368FF43027B019AAB0A0A7AFFF506CF035CFF5C025901CE0C19E85FFF10406C184048
2026-09-12T15:45:07.7592251+00:00,9648,168490650,Connected,-1,24,-119,1849,846,-0.56982,8.853758,4.050989,-336,1059,118,-0.41052195,1.2938772,0.1441714,3268,-6119,-156,196.08,-367.13998,-9.36,12,126,0.03809524,0.4,1,0,0,0,0,0,0,1,9AF60A0A89FF39074E03B0FE230476005A090B0A8AFF60076903A7FE950454001A1C0B0A88FF74079603B8FED3043F00C40C19E864FF10307E184048
2026-09-12T15:45:07.7758904+00:00,9649,168505075,Connected,-1,24,-138,1899,979,-0.6607997,9.093178,4.687847,-299,1262,49,-0.36531565,1.5419009,0.059867784,3267,-6117,-156,196.01999,-367.02,-9.36,10,147,0.031746034,0.46666667,1,0,0,0,0,0,0,1,F32E0B0A76FF6B07D303D5FEEE043100B3410B0A3CFF3F07F803EAFEF104230073540B0A11FF01070C04EDFED8040E00C30C1BE864FF102893184048
2026-09-12T15:45:07.7925530+00:00,9650,168519475,Connected,-1,24,-281,1758,1057,-1.3455414,8.418014,5.0613422,-291,1208,-18,-0.35554132,1.4759241,-0.021992248,3267,-6116,-154,196.01999,-366.96,-9.24,24,206,0.07619048,0.6539683,1,0,0,0,0,0,0,1,33670B0AE7FEDE062104DDFEB804EEFF0C7A0B0ABBFEC0062D04C3FE9D04BBFFCC8C0B0ACBFEC8062F04A4FE94047CFFC30C1CE866FF1060CE184048
2026-09-12T15:45:07.8092285+00:00,9651,168533900,Connected,-1,24,-278,1778,1089,-1.3311762,8.513782,5.2145715,-382,1148,-181,-0.46672434,1.4026166,-0.22114426,3266,-6114,-152,195.95999,-366.84,-9.12,36,222,0.114285715,0.7047619,1,0,0,0,0,0,0,1,8C9F0B0AEAFEF206410482FE7C044BFF4CB20B0AFAFE2007310463FE4C0438FF0CC50B0AD7FE3E0739044DFE140434FFC20C1EE868FF1090DE184048
2026-09-12T15:45:07.8258893+00:00,9652,168548325,Connected,-1,24,-282,1854,1061,-1.3503298,8.8777,5.080496,-447,965,-199,-0.5461408,1.1790287,-0.24313651,3266,-6112,-152,195.95999,-366.72,-9.12,62,251,0.1968254,0.7968254,1,0,0,0,0,0,0,1,E5D70B0AE6FE3E07250441FEC50339FFA5EA0B0AEFFE630723044BFE97033BFF65FD0B0AF0FE7307250471FE720348FFC20C20E868FF10F8FB184048
2026-09-12T15:45:07.8425681+00:00,9653,168562725,Connected,-1,24,-334,1900,1113,-1.5993267,9.097966,5.329493,-336,811,-168,-0.41052195,0.9908729,-0.20526098,3270,-6113,-152,196.2,-366.78,-9.12,106,284,0.33650795,0.9015873,1,0,0,0,0,0,0,1,25100C0AB2FE6C075904B0FE2B0358FFFE220C0A91FE71076204F5FECA0260FFBE350C0A78FE7D07760425FF730266FFC60C1FE868FF11A91C184048
2026-09-12T15:45:07.8592286+00:00,9655,168591575,Connected,-1,24,-482,1909,1152,-2.3080103,9.141062,5.5162406,-32,268,-93,-0.039097328,0.3274401,-0.11362661,3279,-6119,-154,196.73999,-367.13998,-9.24,144,306,0.45714286,0.9714286,1,0,0,0,0,0,0,1,D7800C0A1EFE75078004E0FF0C01A3FF97930C0A07FE5807670420009500BFFF57A60C0A0CFE5D07550455002D00D2FFCF0C19E866FF124132184048
2026-09-12T15:45:07.8759604+00:00,9656,168605975,Connected,-1,24,-487,1902,1103,-2.3319526,9.107543,5.281609,131,-55,-29,0.16005468,-0.06719853,-0.035431955,3285,-6121,-155,197.09999,-367.25998,-9.3,160,311,0.50793654,0.9873016,1,0,0,0,0,0,0,1,17B90C0A19FE6E074F048300C9FFE3FFF0CB0C0A16FE74073804B7006AFFF6FFB0DE0C0AF0FD5C073504F4001BFF0600D50C17E865FF128137184048
2026-09-12T15:45:07.8925584+00:00,9657,168620425,Connected,-1,24,-533,1857,1066,-2.552219,8.892065,5.104438,306,-305,5,0.3738682,-0.3726464,0.0061089573,3288,-6122,-157,197.28,-367.31998,-9.42,184,313,0.584127,0.9936508,1,0,0,0,0,0,0,1,89F10C0AEBFD41072A043201CFFE050030040D0AFFFD25071E04730185FEFBFFF0160D0A0AFE1E071704B2013DFEE7FFD80C16E863FF12E139184048
2026-09-12T15:45:07.9092468+00:00,9658,168634825,Connected,-1,24,-510,1807,1051,-2.4420857,8.652645,5.032612,503,-552,-52,0.61456114,-0.6744289,-0.06353316,3290,-6123,-161,197.4,-367.38,-9.66,198,309,0.62857145,0.9809524,1,0,0,0,0,0,0,1,C9290D0A02FE0F071B04F701D8FDCCFF893C0D0A06FEF60621043F0265FDA4FF494F0D0A06FED6061E047C02F3FC70FFDA0C15E85FFF131935184048
2026-09-12T15:45:07.9260561+00:00,9659,168649225,Connected,-1,24,-500,1743,1030,-2.3942018,8.346188,4.9320555,670,-879,-212,0.8186003,-1.0739547,-0.2590198,3298,-6124,-166,197.87999,-367.44,-9.96,224,300,0.7111111,0.95238096,1,0,0,0,0,0,0,1,09620D0A0CFECF0606049E0291FC2CFFE2740D0A11FED306C503B00247FCE1FEA2870D0A2BFEE0067D03C2022BFC9AFEE20C14E85AFF13812C184048
2026-09-12T15:45:07.9425868+00:00,9661,168678075,Connected,-1,24,-448,1902,898,-2.1452048,9.107543,4.2999864,833,-888,-414,1.0177523,-1.0849508,-0.5058217,3305,-6125,-173,198.3,-367.5,-10.38,301,225,0.95555556,0.71428573,1,0,0,0,0,0,0,1,BBD20D0A40FE6E078203410388FC62FE7BE50D0A47FE6807A603270356FC54FE3BF80D0A7EFE7707A703F0022AFC51FEE90C13E853FF14B4E1184048
2026-09-12T15:45:07.9592964+00:00,9662,168692500,Connected,-1,24,-369,1915,929,-1.7669208,9.169792,4.4484267,691,-971,-410,0.8442579,-1.1863595,-0.50093454,3308,-6124,-176,198.48,-367.44,-10.559999,308,201,0.9777778,0.63809526,1,0,0,0,0,0,0,1,140B0E0A8FFE7B07A103B30235FC66FED41D0E0A97FE700788037E0265FC82FE94300E0A99FE540789035A029BFC97FEEC0C14E850FF14D0C9184048
2026-09-12T15:45:07.9759160+00:00,9663,168706900,Connected,-1,24,-357,1851,920,-1.70946,8.863335,4.405331,571,-839,-362,0.6976429,-1.0250831,-0.44228852,3311,-6123,-180,198.65999,-367.38,-10.8,313,164,0.9936508,0.52063495,1,0,0,0,0,0,0,1,54430E0A9BFE3B0798033B02B9FC96FE2D560E0AA4FE5A0793031802B7FC85FEED680E0AB3FE86078A03E901B6FC7DFEEF0C15E84CFF14E4A4184048
2026-09-12T15:45:08.0092457+00:00,9665,168735750,Connected,-1,24,-306,1912,786,-1.4652514,9.155427,3.763685,267,-658,-316,0.32621834,-0.8039388,-0.3860861,3310,-6118,-187,198.59999,-367.08,-11.219999,310,123,0.984127,0.3904762,1,0,0,0,0,0,0,1,06B40E0ACEFE780712030B016EFDC4FEC6C60E0AA0FE32070903E900ADFDD1FE86D90E0A8DFE1F072603E300E5FDCDFEEE0C1AE845FF14D87B184048
2026-09-12T15:45:08.0259100+00:00,9666,168750150,Connected,-1,24,-380,1833,844,-1.8195933,8.7771435,4.0414124,219,-480,-312,0.26757234,-0.58645993,-0.38119894,3311,-6115,-189,198.65999,-366.9,-11.34,307,113,0.9746032,0.35873017,1,0,0,0,0,0,0,1,46EC0E0A84FE29074C03DB0020FEC8FE1FFF0E0A99FE3A075203CB004CFECFFEDF110F0AB2FE5E074803BD006EFEE5FEEF0C1DE843FF14CC71184048
2026-09-12T15:45:08.0425632+00:00,9667,168764575,Connected,-1,24,-314,1946,854,-1.5035586,9.3182335,4.0892963,167,-348,-239,0.20403919,-0.42518345,-0.29200816,3309,-6111,-195,198.54,-366.66,-11.7,303,103,0.96190476,0.32698414,1,0,0,0,0,0,0,1,9F240F0AC6FE9A075603A700A4FE11FF78370F0AADFEB7073E036F00DFFE67FF384A0F0A7EFE8A0726033C0015FFD6FFED0C21E83DFF14BC67184048
2026-09-12T15:45:08.0592665+00:00,9668,168779100,Connected,-1,24,-402,1834,807,-1.9249382,8.781932,3.8642416,46,-185,53,0.056202408,-0.22603142,0.06475495,3309,-6110,-196,198.54,-366.6,-11.759999,299,94,0.94920635,0.2984127,1,0,0,0,0,0,0,1,5C5D0F0A6EFE2A0727032E0047FF3500B86F0F0A57FECF065B03460071FF690078820F0A45FE9B069503640081FF6D00ED0C22E83CFF14AC5E184048
2026-09-12T15:45:08.0758906+00:00,9669,168793425,Connected,-1,24,-418,1674,908,-2.0015526,8.015787,4.3478703,92,-148,89,0.112404816,-0.18082514,0.10873944,3310,-6108,-196,198.59999,-366.47998,-11.759999,288,81,0.9142857,0.25714287,1,0,0,0,0,0,0,1,51950F0A5EFE8A068C035C006CFF590011A80F0A84FEC9065C032D0092FF2D00D1BA0F0AB0FE2D071203110085FF0700EE0C24E83CFF148051184048
2026-09-12T15:45:08.0925683+00:00,9671,168822250,Connected,-1,24,-412,1902,926,-1.9728222,9.107543,4.4340615,-6,-115,92,-0.007330749,-0.14050601,0.112404816,3307,-6102,-202,198.42,-366.12,-12.12,237,57,0.75238097,0.18095239,1,0,0,0,0,0,0,1,EA05100A64FE6E079E03FAFF8DFF5C00AA18100A4FFE7E079C03E0FF98FFBB006A2B100A63FE85076F03C2FFA5FF1301EB0C2AE836FF13B439184048
2026-09-12T15:45:08.1092286+00:00,9672,168836675,Connected,-1,24,-355,1907,819,-1.6998832,9.131485,3.9217024,-92,-69,350,-0.112404816,-0.08430361,0.42762703,3305,-6102,-203,198.3,-366.12,-12.179999,195,34,0.61904764,0.10793651,1,0,0,0,0,0,0,1,433E100A9DFE73073303A4FFBBFF5E010351100ACDFE8507F80283FFF8FFA501C363100ACFFE9307D70253FF5A00DD01E90C2AE835FF130C22184048
2026-09-12T15:45:08.1258958+00:00,9673,168851075,Connected,-1,24,-298,1903,720,-1.4269443,9.112331,3.4476504,-227,216,506,-0.27734667,0.26390696,0.61822647,3305,-6102,-204,198.3,-366.12,-12.24,117,20,0.37142858,0.06349207,1,0,0,0,0,0,0,1,8376100AD6FE6F07D0021DFFD800FA015C89100ACCFE7607EC02EAFE500105021C9C100AD6FE58070403C0FEA2011202E90C2AE834FF11D414184048
2026-09-12T15:45:08.1425691+00:00,9674,168865500,Connected,-1,24,-289,1908,824,-1.3838485,9.136273,3.9456444,-341,488,567,-0.4166309,0.59623426,0.69275576,3301,-6102,-208,198.06,-366.12,-12.48,76,30,0.24126984,0.0952381,1,0,0,0,0,0,0,1,DCAE100ADFFE74073803ABFEE80137029CC1100AD3FE690752039EFE1602750275D4100AA5FE56078D0396FE3F02BC02E50C2AE830FF11301E184048
2026-09-12T15:45:08.1592253+00:00,9675,168879925,Connected,-1,24,-371,1859,924,-1.7764976,8.901642,4.4244847,-386,596,755,-0.47161153,0.72818774,0.92245257,3299,-6101,-207,197.94,-366.06,-12.42,61,42,0.1936508,0.13333334,1,0,0,0,0,0,0,1,35E7100A8DFE43079C037EFE5402F302F5F9100AB7FE430777035BFE4F021503B50C110AE6FE3E077D0354FE58022D03E30C2BE831FF10F42A184048
2026-09-12T15:45:08.1758796+00:00,9677,168908750,Connected,-1,24,-214,1741,897,-1.0247183,8.336611,4.295198,-337,715,816,-0.41174373,0.87358093,0.99698186,3289,-6098,-209,197.34,-365.88,-12.54,30,78,0.0952381,0.24761905,1,0,0,0,0,0,0,1,CE57110A2AFFCD068103AFFECB0230038E6A110A2AFFD506AA03B2FEFB02E502677D110A0DFFC206B803A9FEFC029102D90C2EE82FFF10784E184048
2026-09-12T15:45:08.1925649+00:00,9678,168923175,Connected,-1,24,-231,1742,957,-1.1061212,8.341399,4.582502,-362,726,568,-0.44228852,0.88702065,0.6939776,3285,-6097,-209,197.09999,-365.81998,-12.54,18,96,0.057142857,0.30476192,1,0,0,0,0,0,0,1,2790110A19FFCE06BD0396FED6023802E7A2110A49FFC806C40379FEA602E701A7B5110A67FFC9068B0353FE9A02A201D50C2FE82FFF104860184048
2026-09-12T15:45:08.2092144+00:00,9679,168937600,Connected,-1,24,-115,1752,844,-0.5506664,8.389283,4.0414124,-460,707,366,-0.56202406,0.8638066,0.44717568,3282,-6096,-207,196.92,-365.75998,-12.42,15,114,0.04761905,0.36190477,1,0,0,0,0,0,0,1,80C8110A8DFFD8064C0334FEC3026E0140DB110AA4FF190748032BFE0803500100EE110AAAFF39074B0337FE4D033F01D20C30E831FF103C72184048
2026-09-12T15:45:08.2259018+00:00,9680,168952000,Connected,-1,24,-109,1859,895,-0.521936,8.901642,4.285621,-425,910,306,-0.51926136,1.1118302,0.3738682,3279,-6095,-207,196.73999,-365.69998,-12.42,19,156,0.06031746,0.4952381,1,0,0,0,0,0,0,1,C000120A93FF43077F0357FE8E0332018013120A71FF4307A70372FEAC0326015926120A57FF6107BB038AFEA4031401CF0C31E831FF104C9C184048
2026-09-12T15:45:08.2425600+00:00,9682,168980850,Connected,-1,24,-249,1755,931,-1.1923125,8.403648,4.4580035,-252,946,98,-0.30789146,1.1558148,0.11973557,3275,-6093,-202,196.5,-365.58,-12.12,34,199,0.10793651,0.63174605,1,0,0,0,0,0,0,1,7271120A07FFDB06A30304FFB20362003284120AC2FEC906CC0314FFF1030900F296120AA8FEEE06FF0319FF0A04A7FFCB0C33E836FF1088C7184048
2026-09-12T15:45:08.2758879+00:00,9683,168995250,Connected,-1,24,-286,1853,1069,-1.3694834,8.872911,5.118803,-227,976,-157,-0.27734667,1.1924685,-0.19182126,3273,-6094,-199,196.37999,-365.63998,-11.94,47,218,0.14920636,0.6920635,1,0,0,0,0,0,0,1,B2A9120AE2FE3D072D041DFFD00363FF8BBC120A2DFF8507570422FF550349FF4BCF120A57FFB607510423FFCC0254FFC90C32E839FF10BCDA184048
2026-09-12T15:45:08.2925476+00:00,9684,169009675,Connected,-1,24,-189,1970,1077,-0.90500826,9.433155,5.1571107,-229,613,-145,-0.27979025,0.7489582,-0.17715977,3273,-6093,-198,196.37999,-365.58,-11.88,65,239,0.20634921,0.7587302,1,0,0,0,0,0,0,1,0BE2120A43FFB20735041BFF65026FFFCBF4120A29FF8E07F10312FF140287FFA407130AF4FE7807E90315FF010281FFC90C33E83AFF1104EF184048
2026-09-12T15:45:08.3092242+00:00,9685,169024100,Connected,-1,24,-331,1888,977,-1.5849615,9.040505,4.6782703,-227,502,-153,-0.27734667,0.6133393,-0.1869341,3277,-6093,-197,196.62,-365.58,-11.82,84,259,0.26666668,0.82222223,1,0,0,0,0,0,0,1,641A130AB5FE6007D1031DFFF60167FF242D130AD7FE9107D60329FFFE0137FFE43F130A00FFD707F4033BFF030214FFCD0C33E83BFF115103184048
2026-09-12T15:45:08.3258826+00:00,9687,169052925,Connected,-1,24,-426,2002,1151,-2.0398598,9.586384,5.511452,-45,229,-95,-0.054980617,0.27979025,-0.11607019,3285,-6096,-196,197.09999,-365.75998,-11.759999,128,294,0.4063492,0.93333334,1,0,0,0,0,0,0,1,FD8A130A56FED2077F04D3FFE500A1FFBD9D130A39FEBC0795040C007500EFFF96B0130A0CFE9C078904400011003D00D50C30E83CFF120126184048
2026-09-12T15:45:08.3425528+00:00,9688,169067975,Connected,-1,24,-498,1899,1115,-2.384625,9.093178,5.33907,124,-93,123,0.15150215,-0.11362661,0.15028036,3290,-6096,-193,197.4,-365.75998,-11.58,150,305,0.47619048,0.96825397,1,0,0,0,0,0,0,1,C7C5130A0EFE6B075B047C00A3FF7B0016D6130A3BFE57074404CD0026FFA10053E9130A28FE2C073F042B01B4FEA800DA0C30E83FFF125931184048
2026-09-12T15:45:08.3592238+00:00,9689,169081775,Connected,-1,24,-464,1804,1073,-2.2218192,8.63828,5.1379566,397,-430,122,0.4850512,-0.52537036,0.14905857,3291,-6096,-192,197.45999,-365.75998,-11.5199995,150,305,0.47619048,0.96825397,1,0,0,0,0,0,0,1,AFFB130A30FE0C0731048D0152FE7A006F0E140A59FE11073304EA01F0FD2C002F21140A92FE260724042A0281FDD8FFDB0C30E840FF125931184048
2026-09-12T15:45:08.3758943+00:00,9690,169096175,Connected,-1,24,-340,1838,1036,-1.6280571,8.801085,4.960786,585,-722,-119,0.714748,-0.8821335,-0.1453932,3294,-6096,-195,197.64,-365.75998,-11.7,183,309,0.5809524,0.9809524,1,0,0,0,0,0,0,1,EF33140AACFE2E070C0449022EFD89FFC846140AAAFE2107E7035302F0FC3FFF8859140AAFFE0607BC035402B2FCEFFEDE0C30E83DFF12DD35184048
2026-09-12T15:45:08.3925495+00:00,9691,169110600,Connected,-1,24,-346,1762,943,-1.6567876,8.437167,4.5154643,596,-880,-365,0.72818774,-1.0751765,-0.4459539,3295,-6097,-197,197.7,-365.81998,-11.82,214,299,0.6793651,0.94920635,1,0,0,0,0,0,0,1,486C140AA6FEE206AF03540290FC93FE087F140A8FFEDF06A6034A0283FC31FEE191140A8DFEEB06A9033B0273FCDAFDDF0C2FE83BFF13592B184048
2026-09-12T15:45:08.4092438+00:00,9693,169139450,Connected,-1,24,-305,2008,900,-1.460463,9.615114,4.309563,526,-1017,-548,0.64266235,-1.2425619,-0.6695417,3300,-6098,-204,198,-365.88,-12.24,297,206,0.94285715,0.6539683,1,0,0,0,0,0,0,1,FADC140ACFFED80784030E0207FCDCFDBAEF140A9AFECE079103350203FC62FE7A02150A78FEB50796036A0213FCE0FEE40C2EE834FF14A4CE184048
2026-09-12T15:45:08.4258990+00:00,9694,169153850,Connected,-1,24,-425,1917,948,-2.0350714,9.179369,4.5394063,658,-979,-185,0.8039388,-1.1961339,-0.22603142,3301,-6094,-208,198.06,-365.63998,-12.48,307,172,0.9746032,0.5460318,1,0,0,0,0,0,0,1,3A15150A57FE7D07B40392022DFC47FF1328150A54FE5F07AA0390023BFC8CFFD33A150A58FE43079D0381023BFCA6FFE50C32E830FF14CCAC184048
2026-09-12T15:45:08.4425658+00:00,9695,169168275,Connected,-1,24,-391,1848,907,-1.8722657,8.848969,4.343082,641,-968,-98,0.7831684,-1.1826942,-0.11973557,3300,-6094,-210,198,-365.63998,-12.599999,308,141,0.9777778,0.44761905,1,0,0,0,0,0,0,1,934D150A79FE38078B03810238FC9EFF5360150A95FE3F077B036C0255FC79FF2C73150AA1FE650757031C02A0FC46FFE40C32E82EFF14D08D184048
2026-09-12T15:45:08.4593842+00:00,9696,169182700,Connected,-1,24,-337,1930,796,-1.6136919,9.241618,3.8115692,424,-773,-224,0.5180396,-0.94444484,-0.27368128,3297,-6091,-211,197.81999,-365.46,-12.66,305,127,0.96825397,0.4031746,1,0,0,0,0,0,0,1,EC85150AAFFE8A071C03A801FBFC20FFAC98150AE7FEA907F4023A0161FD14FF6CAB150A38FFCE07E302D400F2FD25FFE10C35E82DFF14C47F184048
2026-09-12T15:45:08.4925789+00:00,9699,169225950,Connected,-1,24,-304,1768,869,-1.4556746,8.465898,4.1611223,-78,-207,-133,-0.095299736,-0.25291085,-0.16249827,3287,-6082,-219,197.22,-364.91998,-13.139999,269,81,0.85396826,0.25714287,1,0,0,0,0,0,0,1,DE2E160AD0FEE8066503B2FF31FF7BFF9E41160AB9FE2507AD03A2FF00FF81FF5E54160A05FF11072E03ABFF8DFEC7FFD70C3EE825FF143451184048
2026-09-12T15:45:08.5092842+00:00,9700,169240400,Connected,-1,24,-250,1921,885,-1.1971009,9.198523,4.237737,-115,-316,4,-0.14050601,-0.3860861,0.004887166,3287,-6082,-220,197.22,-364.91998,-13.2,239,78,0.7587302,0.24761905,1,0,0,0,0,0,0,1,5067160A06FF810775038DFFC4FE0400F779160AE6FEA60727036BFFE0FE7B00B78C160ACEFEC907010352FF27FFF700D70C3EE824FF13BC4E184048
2026-09-12T15:45:08.5259933+00:00,9701,169254775,Connected,-1,24,-344,1987,762,-1.6472107,9.514558,3.6487634,-194,-125,375,-0.23702756,-0.15272394,0.4581718,3285,-6079,-221,197.09999,-364.74,-13.259999,223,69,0.7079365,0.21904762,1,0,0,0,0,0,0,1,779F160AA8FEC307FA023EFF83FF770137B2160A8FFEB807120325FFEEFFF301F7C4160A51FEA4070F03F7FE66006102D50C41E823FF137C45184048
2026-09-12T15:45:08.5426806+00:00,9702,169269175,Connected,-1,24,-485,1900,789,-2.3223755,9.097966,3.7780502,-323,237,680,-0.39463866,0.28956458,0.83081824,3283,-6078,-222,196.98,-364.68,-13.32,183,56,0.5809524,0.17777778,1,0,0,0,0,0,0,1,B7D7160A1BFE6C071503BDFEED00A80290EA160A22FE3A07110370FE6901BF0250FD160A41FE2A0718032AFED601A502D30C42E822FF12DC38184048
2026-09-12T15:45:08.5593537+00:00,9703,169283600,Connected,-1,24,-415,1830,817,-1.9871874,8.762778,3.9121256,-500,543,627,-0.61089575,0.6634328,0.7660633,3279,-6079,-221,196.73999,-364.74,-13.259999,150,49,0.47619048,0.15555556,1,0,0,0,0,0,0,1,1010170A61FE260731030CFE1F027302D022170A79FE15078E0312FE36024C029035170A8EFE1507DA031BFE05024002CF0C41E823FF125831184048
2026-09-12T15:45:08.5759895+00:00,9704,169298025,Connected,-1,24,-355,1830,1024,-1.6998832,8.762778,4.903325,-485,447,592,-0.5925689,0.5461408,0.7233006,3276,-6079,-220,196.56,-364.74,-13.2,121,46,0.384127,0.14603175,1,0,0,0,0,0,0,1,6948170A9DFE260700041BFEBF015002295B170A97FE0307010417FE93017302E96D170A83FED206F1031AFE74018B02CC0C41E824FF11E42E184048
2026-09-12T15:45:08.5926524+00:00,9705,169312425,Connected,-1,24,-353,1741,995,-1.6903064,8.336611,4.7644615,-480,346,646,-0.58645993,0.42273986,0.7892773,3271,-6079,-218,196.26,-364.74,-13.08,86,52,0.2730159,0.16507937,1,0,0,0,0,0,0,1,A980170A9FFECD06E30320FE5A0186026993170AC2FED306EA0330FE2301740242A6170AAAFEAB06C10344FED8005302C70C41E826FF115834184048
2026-09-12T15:45:08.6093066+00:00,9706,169326850,Connected,-1,24,-355,1662,926,-1.6998832,7.9583263,4.4340615,-416,164,533,-0.50826526,0.2003738,0.65121484,3269,-6080,-215,196.14,-364.8,-12.9,56,73,0.17777778,0.23174603,1,0,0,0,0,0,0,1,02B9170A9DFE7E069E0360FEA4001502C2CB170AB1FE75067F0383FE8A00BD0182DE170AF5FEA3066203B2FE99006101C50C40E829FF10E049184048
2026-09-12T15:45:08.6260047+00:00,9707,169341250,Connected,-1,24,-232,1748,862,-1.1109096,8.37013,4.1276035,-267,181,289,-0.32621834,0.22114426,0.35309774,3266,-6080,-213,195.95999,-364.8,-12.78,43,90,0.13650794,0.2857143,1,0,0,0,0,0,0,1,42F1170A18FFD4065E03F5FEB50021011B04180A0AFFEA06680336FFC3000601DB16180AFCFEF9069B035CFFD800FD00C20C40E82BFF10AC5A184048
2026-09-12T15:45:08.6426876+00:00,9709,169370175,Connected,-1,24,-248,1799,988,-1.1875241,8.614338,4.7309427,-217,144,238,-0.26512876,0.17593798,0.2907864,3262,-6083,-206,195.72,-364.97998,-12.36,33,116,0.104761906,0.36825398,1,0,0,0,0,0,0,1,3F62180A08FF0707DC0327FF9000EE00B474180A4DFF1707BB032CFF6F00E6007487180A49FF1907EC034FFF7900F000BE0C3DE832FF108474184048
2026-09-12T15:45:08.6593091+00:00,9710,169384500,Connected,-1,24,-185,1768,1032,-0.8858546,8.465898,4.9416323,-133,87,252,-0.16249827,0.10629586,0.30789146,3262,-6085,-204,195.72,-365.1,-12.24,32,125,0.1015873,0.3968254,1,0,0,0,0,0,0,1,349A180A47FFE80608047BFF5700FC000DAD180A5BFFD7060C0493FFFCFFE900CDBF180A61FFE106090499FFBAFFBF00BE0C3BE834FF10807D184048
2026-09-12T15:45:08.6759593+00:00,9711,169398925,Connected,-1,24,-175,1764,1044,-0.8379706,8.446744,4.999093,-111,-119,136,-0.13561885,-0.1453932,0.16616364,3257,-6084,-202,195.42,-365.03998,-12.12,38,144,0.12063492,0.45714286,1,0,0,0,0,0,0,1,8DD2180A51FFE406140491FF89FF88004DE5180A4BFFDF0601047DFF46FF54000DF8180A4EFFD406F50358FF04FF1B00B90C3CE836FF109890184048
2026-09-12T15:45:08.6926230+00:00,9712,169413350,Connected,-1,24,-173,1736,1002,-0.8283938,8.312668,4.7979803,-215,-284,-42,-0.26268518,-0.3469888,-0.051315244,3252,-6089,-194,195.12,-365.34,-11.639999,47,155,0.14920636,0.4920635,1,0,0,0,0,0,0,1,E60A190A53FFC806EA0329FFE4FED6FFA61D190A5AFFBE06DC0301FFDCFE7CFF6630190A5BFF9306CE03E9FEE2FE14FFB40C37E83EFF10BC9B184048
2026-09-12T15:45:08.7092922+00:00,9713,169427750,Connected,-1,24,-128,1625,940,-0.61291564,7.7811556,4.501099,-280,-271,-368,-0.3421016,-0.3311055,-0.44961926,3250,-6091,-189,195,-365.46,-11.34,60,165,0.1904762,0.52380955,1,0,0,0,0,0,0,1,2643190A80FF5906AC03E8FEF1FE90FEFF55190AD1FFA9069B0310FF0FFFF1FDBF68190A89FF26071A0469FFD4FE9DFDB20C35E843FF10F0A5184048
2026-09-12T15:45:08.7259613+00:00,9715,169456600,Connected,-1,24,-117,2035,843,-0.5602432,9.744401,4.036624,-323,-371,-95,-0.39463866,-0.45328465,-0.11607019,3247,-6095,-181,194.81999,-365.69998,-10.86,103,175,0.32698414,0.5555556,1,0,0,0,0,0,0,1,D8B3190A8BFFF3074B03BDFE8DFEA1FF98C6190A60FFBB0735039AFE0FFFF8FF58D9190A64FFAB076B039FFE6BFF2C00AF0C31E84BFF119CAF184048
2026-09-12T15:45:08.7426894+00:00,9716,169471000,Connected,-1,24,-166,1955,967,-0.79487497,9.361329,4.630386,-345,-84,84,-0.42151806,-0.10263049,0.10263049,3246,-6099,-175,194.76,-365.94,-10.5,103,175,0.32698414,0.5555556,1,0,0,0,0,0,0,1,18EC190A5AFFA307C703A7FEACFF5400F1FE190A4AFFA207EC03A2FED9FF7A00B1111A0A3EFF8307F7038EFE03008900AE0C2DE851FF119CAF184048
2026-09-12T15:45:08.7593467+00:00,9717,169485425,Connected,-1,24,-214,1861,1030,-1.0247183,8.911219,4.9320555,-376,28,132,-0.4593936,0.03421016,0.16127647,3245,-6100,-173,194.7,-366,-10.38,107,175,0.33968255,0.5555556,1,0,0,0,1,0,0,0,71241A0A2AFF4507060488FE1C00840031371A0A1BFF450701049FFE14007000F1491A0A04FF28074204FAFE07004500AD0C2CE853FF11ACAF180848
2026-09-12T15:45:08.7760055+00:00,9718,169499850,Connected,-1,24,-227,1993,1047,-1.0869676,9.543288,5.0134583,-296,-49,40,-0.3616503,-0.059867784,0.04887166,3240,-6108,-165,194.4,-366.47998,-9.9,110,176,0.34920636,0.5587302,1,0,0,0,1,0,0,0,CA5C1A0A1DFFC9071704D8FECFFF28008A6F1A0A2EFF7E07F803C6FEDEFF32004A821A0A2EFFA5071104F6FEF9FF3E00A80C24E85BFF11B8B0180848
2026-09-12T15:45:08.7926705+00:00,9719,169514325,Connected,-1,24,-277,1961,1083,-1.3263878,9.390059,5.185841,-211,19,84,-0.25779802,0.023214038,0.10263049,3240,-6112,-162,194.4,-366.72,-9.719999,110,176,0.34920636,0.5587302,1,0,0,0,1,0,0,0,55951A0AEBFEA9073B042DFF130054008CA91A0AF7FEBC072A0459FF18006400A3BA1A0A1DFFDB07280495FF39007400A80C20E85EFF11B8B0180848
2026-09-12T15:45:08.8094241+00:00,9720,169528675,Connected,-1,24,-222,2015,1082,-1.0630256,9.648633,5.1810527,-22,86,144,-0.026879413,0.10507407,0.17593798,3236,-6116,-159,194.15999,-366.96,-9.54,115,177,0.36507937,0.5619048,1,0,0,0,1,0,0,0,63CD1A0A22FFDF073A04EAFF5600900023E01A0A06FFA907610455005100BD00FCF21A0ACBFE2A077A04B2002E00E300A40C1CE861FF11CCB1180848
2026-09-12T15:45:08.8259934+00:00,9722,169557525,Connected,-1,24,-154,1908,1099,-0.7374141,9.136273,5.2624555,221,58,102,0.27001593,0.07086391,0.12462273,3236,-6120,-155,194.15999,-367.19998,-9.3,117,177,0.37142858,0.5619048,1,0,0,0,0,0,0,0,153E1B0A66FF74074B04DD003A006600D5501B0ABDFFB1073F0372000600640095631B0A53FF0607B804B30064005100A40C18E865FF11D4B1180048
2026-09-12T15:45:08.8593311+00:00,9723,169571925,Connected,-1,24,-167,1839,1101,-0.79966336,8.805874,5.2720323,260,80,37,0.3176658,0.09774332,0.045206286,3238,-6123,-155,194.28,-367.38,-9.3,117,177,0.37142858,0.5619048,1,0,0,0,0,0,0,1,55761B0A59FF2F074D040401500025002E891B0A12FFFF067204F5001C002000EE9B1B0A2DFFFA062604DE00E2FF0C00A60C15E865FF11D4B1184048
2026-09-12T15:45:08.8760034+00:00,9725,169600775,Connected,-1,24,-216,1812,1098,-1.0342951,8.676587,5.257667,196,-69,-27,0.23947114,-0.08430361,-0.03298837,3239,-6121,-157,194.34,-367.25998,-9.42,118,177,0.37460318,0.5619048,1,0,0,0,0,0,0,1,07E71B0A28FF14074A04C400BBFFE5FFC7F91B0A1BFF0A076004BF0089FFF7FF870C1C0A1AFF15075404C2004AFF0D00A70C17E863FF11D8B1184048
2026-09-12T15:45:08.8926654+00:00,9726,169615200,Connected,-1,24,-211,1826,1078,-1.0103531,8.743625,5.161899,186,-244,26,0.22725321,-0.29811713,0.03176658,3238,-6121,-156,194.28,-367.25998,-9.36,118,177,0.37460318,0.5619048,1,0,0,0,0,0,0,1,601F1C0A2DFF22073604BA000CFF1A0020321C0A13FF24071E049800ECFE0600E0441C0A06FF1D07E8035F00E2FEE2FFA60C17E864FF11D8B1184048
2026-09-12T15:45:08.9093321+00:00,9727,169629600,Connected,-1,24,-193,1830,910,-0.92416185,8.762778,4.357447,-13,-243,-81,-0.01588329,-0.29689533,-0.09896511,3236,-6120,-158,194.15999,-367.19998,-9.48,118,177,0.37460318,0.5619048,1,0,0,0,0,0,0,1,A0571C0A3FFF26078E03F3FF0DFFAFFF796A1C0A4BFF1C07250373FFA3FF77FF397D1C0A52FF23071B032CFF580043FFA40C18E862FF11D8B1184048
2026-09-12T15:45:08.9260785+00:00,9728,169644025,Connected,-1,24,-194,1891,864,-0.92895025,9.054871,4.1371803,-240,212,-208,-0.29322997,0.2590198,-0.25413263,3238,-6122,-160,194.28,-367.31998,-9.599999,118,177,0.37460318,0.5619048,1,0,0,0,1,0,0,0,F98F1C0A3EFF6307600310FFD40030FFB9A21C0A11FF8807A20300FF37013AFF92B51C0AD5FE2907590442FF6F0151FFA60C16E860FF11D8B1180848
2026-09-12T15:45:08.9426998+00:00,9729,169658450,Connected,-1,24,-277,1907,885,-1.3263878,9.131485,4.237737,-269,320,-120,-0.32866192,0.39097327,-0.14661498,3241,-6120,-162,194.45999,-367.19998,-9.719999,118,177,0.37460318,0.5619048,1,0,0,0,1,0,0,0,52C81C0AEBFE73077503F3FE400188FF12DB1C0A1BFF31079703EBFE6C01B5FFD2ED1C0A3BFF7207B803FCFE9301D8FFA90C18E85EFF11D8B1180848
2026-09-12T15:45:08.9593410+00:00,9731,169687300,Connected,-1,24,-210,1826,1046,-1.0055647,8.743625,5.00867,-284,349,98,-0.3469888,0.42640522,0.11973557,3241,-6120,-165,194.45999,-367.19998,-9.9,118,177,0.37460318,0.5619048,1,0,0,0,1,0,0,0,04391D0A2EFF22071604E4FE5D016200AB4B1D0A3CFF1F071604FDFE36017C00845E1D0A53FF1C07050437FF05018700A90C18E85BFF11D8B1180848
2026-09-12T15:45:08.9760098+00:00,9732,169701700,Connected,-1,24,-163,1819,1014,-0.78050977,8.710106,4.855441,-129,207,135,-0.1576111,0.25291085,0.16494185,3241,-6121,-167,194.45999,-367.25998,-10.0199995,118,177,0.37460318,0.5619048,1,0,0,0,1,0,0,0,44711D0A5DFF1B07F6037FFFCF00870004841D0A5AFF1C07FE03B9FFAC008400C4961D0A4FFF1C071804D9FFA4008200A90C17E859FF11D8B1180848
2026-09-12T15:45:08.9926749+00:00,9733,169716125,Connected,-1,24,-186,1822,1076,-0.89064306,8.724471,5.1523223,-13,167,136,-0.01588329,0.20403919,0.16616364,3241,-6119,-165,194.45999,-367.13998,-9.9,118,177,0.37460318,0.5619048,1,0,0,0,1,0,0,0,9DA91D0A46FF1E073404F3FFA70088005DBC1D0A44FF0807310418009400A5001DCF1D0A19FFC806360448007200D500A90C19E85BFF11D8B1180848
2026-09-12T15:45:09.0093582+00:00,9734,169730525,Connected,-1,24,-224,1763,1047,-1.0726024,8.441956,5.0134583,118,100,263,0.1441714,0.12217915,0.32133117,3242,-6117,-166,194.51999,-367.02,-9.96,118,177,0.37460318,0.5619048,1,0,0,0,1,0,0,0,DDE11D0A20FFE3061704760064000701B6F41D0A10FFA506DD037200A4000B0176071E0A05FF8806CE037600FD000B01AA0C1BE85AFF11D8B1180848
2026-09-12T15:45:09.0260611+00:00,9735,169744950,Connected,-1,24,-266,1654,1016,-1.2737153,7.920019,4.865018,133,342,264,0.16249827,0.4178527,0.32255295,3241,-6119,-166,194.45999,-367.13998,-9.96,119,177,0.37777779,0.5619048,1,0,0,0,0,0,0,0,361A1E0AF6FE7606F803850056010801F62C1E0AE0FEAF06CD046C006A010B01B63F1E0A3CFF32067F030C0060012201A90C19E85AFF11DCB1180048
2026-09-12T15:45:09.0426819+00:00,9737,169773775,Connected,-1,24,-168,1682,1121,-0.80445176,8.054094,5.3678,72,223,121,0.08796899,0.2724595,0.14783677,3243,-6117,-169,194.58,-367.02,-10.139999,119,178,0.37777779,0.5650794,1,0,0,0,0,0,0,1,CF8A1E0A58FF920661044800DF0079008F9D1E0AA1FF8D064D041600D200740068B01E0A58FF6806B704E8FF83008100AB0C1BE857FF11DCB2184048
2026-09-12T15:45:09.0760088+00:00,9738,169788200,Connected,-1,24,-118,1800,1153,-0.5650316,8.619126,5.521029,-99,-96,239,-0.12095736,-0.11729199,0.29200816,3246,-6118,-167,194.76,-367.08,-10.0199995,120,180,0.3809524,0.5714286,1,0,0,0,0,0,0,1,28C31E0A8AFF080781049DFFA0FFEF00E8D51E0A16006607FA03CDFE61FF3201A8E81E0A5B0066074303B9FD2700E200AE0C1AE859FF11E0B4184048
2026-09-12T15:45:09.0926907+00:00,9739,169802600,Connected,-1,24,27,1821,780,0.12928689,8.719683,3.7349546,-779,302,75,-0.95177555,0.36898103,0.09163436,3246,-6118,-167,194.76,-367.08,-10.0199995,119,183,0.37777779,0.5809524,1,0,0,0,0,0,0,1,68FB1E0A1B001D070C03F5FC2E014B00410E1F0AECFF05078C039BFCC501C1FF01211F0ADDFF0F076F0476FCD2018DFFAE0C1AE859FF11DCB7184048
2026-09-12T15:45:09.1093471+00:00,9742,169845850,Connected,-1,24,-189,1689,1015,-0.90500826,8.087613,4.8602295,-1006,-215,123,-1.2291223,-0.26268518,0.15028036,3248,-6122,-163,194.87999,-367.31998,-9.78,0,0,0,0,0,0,0,0,0,0,0,1,5AA41F0A43FF9906F70312FC29FF7B001AB71F0AC6FF29070B043EFCAEFF5800DAC91F0AB9FF6307220465FC22005900B00C16E85DFF200000184048
2026-09-12T15:45:09.1427298+00:00,9743,169860275,Connected,-1,24,-109,1875,1053,-0.521936,8.978256,5.0421886,-891,121,89,-1.0886163,0.14783677,0.10873944,3247,-6124,-158,194.81999,-367.44,-9.48,0,0,0,0,0,0,0,0,0,0,0,1,B3DC1F0A93FF53071D0485FC7900590073EF1F0A9EFF35073B049FFCC3004C003302200A95FF0B074D04A9FC08014300AF0C14E862FF200000184048
2026-09-12T15:45:09.1593470+00:00,9744,169874675,Connected,-1,24,-116,1787,1125,-0.5554548,8.556877,5.386954,-860,357,60,-1.0507407,0.43617955,0.07330749,3247,-6127,-153,194.81999,-367.62,-9.179999,0,0,0,0,0,0,0,0,0,0,0,1,F314200A8CFFFB066504A4FC65013C00B327200ABCFF6307D504A0FCA60151008C3A200A86FF83077305A4FC7A01A300AF0C11E867FF200000184048
2026-09-12T15:45:09.1760051+00:00,9745,169889100,Connected,-1,24,-201,1865,1486,-0.9624691,8.930372,7.1155677,-847,215,267,-1.0348574,0.26268518,0.32621834,3247,-6136,-143,194.81999,-368.16,-8.58,0,0,0,0,0,0,0,0,0,0,0,1,4C4D200A37FF4907CE05B1FCD7000B010C60200A3EFFDE06F905C4FCD9FF6001CC72200A66FF7606DC05CDFCDBFE9001AF0C08E871FF200000184048
2026-09-12T15:45:09.1926819+00:00,9747,169917925,Connected,-1,24,-204,1717,1411,-0.9768343,8.221688,6.7564373,-757,-556,411,-0.9248962,-0.67931604,0.5021563,3243,-6157,-129,194.58,-369.41998,-7.74,0,0,0,0,0,0,0,0,0,0,0,1,E5BD200A34FFB50683050BFDD4FD9B01A5D0200A6FFFDB06820533FDEFFD9D0165E3200A3DFFCF063F0547FD3BFEA701AB0CF3E77FFF200000184048
2026-09-12T15:45:09.2093412+00:00,9748,169932350,Connected,-1,24,-307,1675,1237,-1.4700398,8.020576,5.923255,-676,-371,409,-0.8259311,-0.45328465,0.4997127,3241,-6166,-123,194.45999,-369.96,-7.3799996,0,0,0,0,0,0,0,0,0,0,0,1,3EF6200ACDFE8B06D5045CFD8DFE9901FE08210ABCFE6A06930488FDCCFE6901BE1B210ACFFE42067504C6FD1FFF2E01A90CEAE785FF200000184048
2026-09-12T15:45:09.2260074+00:00,9749,169946750,Connected,-1,24,-175,1731,1167,-0.8379706,8.288726,5.5880666,-498,-109,261,-0.60845214,-0.13317527,0.3188876,3237,-6182,-109,194.22,-370.91998,-6.54,0,0,0,0,0,0,0,0,0,0,0,1,7E2E210A51FFC3068F040EFE93FF05015741210A8BFF2107E50459FE14001A011754210AA3FF53072305A3FE83006501A50CDAE793FF200000184048
2026-09-12T15:45:09.2426966+00:00,9750,169961200,Connected,-1,24,-90,1882,1354,-0.4309563,9.011775,6.483498,-285,212,461,-0.34821057,0.2590198,0.5632459,3232,-6190,-99,193.92,-371.4,-5.94,0,0,0,0,0,0,0,0,0,0,0,1,F066210AA6FF5A074A05E3FED400CD019779210A87FF2907610513FFEB003202578C210A7EFFE506380533FFC8006802A00CD2E79DFF200000184048
2026-09-12T15:45:09.2593541+00:00,9751,169975775,Connected,-1,24,-111,1697,1262,-0.5315128,8.12592,6.042965,-194,194,613,-0.23702756,0.23702756,0.7489582,3226,-6208,-87,193.56,-372.47998,-5.22,0,0,0,0,0,0,0,0,0,0,0,1,DF9F210A91FFA106EE043EFFC2006502F0B1210A82FF5006C40445FF0A014002B0C4210A7FFF0A06AA0454FF6E0106029A0CC0E7A9FF200000184048
2026-09-12T15:45:09.2760078+00:00,9753,170004425,Connected,-1,24,62,1764,1009,0.29688102,8.446744,4.831499,-460,1770,-34,-0.56202406,2.162571,-0.04154091,3218,-6219,-76,193.08,-373.13998,-4.56,0,0,0,0,0,0,0,0,0,0,0,1,C90F220A3E00E406F10334FEEA06DEFF8922220A280001079D0466FEFA06A8FF4935220A23002407E20462FEF2067DFF920CB5E7B4FF200000184048
2026-09-12T15:45:09.2926755+00:00,9754,170018825,Connected,-1,24,22,1832,1245,0.10534488,8.772355,5.961562,-514,1874,-199,-0.62800086,2.2896373,-0.24313651,3213,-6232,-68,192.78,-373.91998,-4.08,0,0,0,0,0,0,0,0,0,0,0,1,0948220A16002807DD04FEFD520739FFE25A220AF2FF1207B9046AFDE807E1FEA26D220A9BFFDD066004EBFC550881FE8D0CA8E7BCFF200000184048
2026-09-12T15:45:09.3093478+00:00,9755,170033250,Connected,-1,24,-173,1671,1034,-0.8283938,8.001422,4.951209,-853,2175,-496,-1.0421882,2.6573966,-0.6060086,3214,-6239,-66,192.84,-374.34,-3.9599998,0,0,0,0,0,0,0,0,0,0,0,1,6280220A53FF87060A04ABFC7F0810FE2293220A21FF5D063F04B7FC940882FDFBA5220AF1FEA306F504D1FCAB08E3FC8E0CA1E7BEFF200000184048
2026-09-12T15:45:09.3260240+00:00,9756,170047675,Connected,-1,24,-402,1826,1438,-1.9249382,8.743625,6.885724,-812,2202,-948,-0.9920947,2.6903849,-1.1582583,3219,-6250,-60,193.14,-375,-3.6,0,0,0,0,0,0,0,0,0,0,0,1,BBB8220A6EFE22079E05D4FC9A084CFC7BCB220ACDFD4907EE05CBFC2608D3FB3BDE220AABFD3407F905B4FC750781FB930C96E7C4FF200000184048
2026-09-12T15:45:09.3426720+00:00,9757,170062075,Connected,-1,24,-610,1743,1617,-2.920926,8.346188,7.7428484,-903,1776,-1213,-1.1032777,2.1699016,-1.4820331,3223,-6255,-58,193.37999,-375.3,-3.48,0,0,0,0,0,0,0,0,0,0,0,1,FBF0220A9EFDCF06510679FCF00643FBD403230A69FD3406B50627FC8B060EFB9416230A32FD8105A106F3FB0206EEFA970C91E7C6FF200000184048
2026-09-12T15:45:09.3593679+00:00,9758,170076500,Connected,-1,24,-715,1244,1476,-3.4237084,5.9567738,7.067683,-1011,1378,-1303,-1.2352312,1.6836287,-1.5919943,3240,-6265,-57,194.4,-375.9,-3.4199998,0,0,0,0,0,0,0,0,0,0,0,1,5429230A35FDDC04C4050DFC6205E9FA143C230A3EFD4C04010588FCF50400FBED4E230A77FDEC03C6043FFDCA0431FBA80C87E7C7FF200000184048
2026-09-12T15:45:09.3760123+00:00,9759,170090925,Connected,-1,24,-551,952,1179,-2.6384103,4.55856,5.645528,-516,1223,-1158,-0.6304444,1.494251,-1.4148345,3250,-6270,-57,195,-376.19998,-3.4199998,0,0,0,0,0,0,0,0,0,0,0,1,AD61230AD9FDB8039B04FCFDC7047AFB6D74230A05FE3503FD02B2FE4E05D7FB2D87230A83FC4303FB046CFF61062DFCB20C82E7C7FF200000184048
2026-09-12T15:45:09.3926699+00:00,9761,170119750,Connected,-1,24,-1231,1376,1247,-5.8945246,6.588843,5.971139,-377,624,-653,-0.4606154,0.7623979,-0.79782987,3289,-6289,-65,197.34,-377.34,-3.8999999,0,0,0,0,0,0,0,0,0,0,0,1,46D2230A31FB6005DF0487FE700273FD06E5230A52FBD405E1047EFE3501B0FDDFF7230A6DFBF7050A057BFE6C00CFFDD90C6FE7BFFF200000184048
2026-09-12T15:45:09.4260616+00:00,9763,170148575,Connected,-1,24,-1167,1298,1526,-5.5880666,6.215348,7.3071036,-242,-192,-532,-0.29567355,-0.23458397,-0.64999306,3332,-6312,-72,199.92,-378.72,-4.3199997,0,0,0,0,0,0,0,0,0,0,0,1,DF42240A71FB1205F6050EFF40FFECFDB855240A65FBFF04440626FFDAFEEDFD7868240AA6FBDF045B061AFF7EFEFBFD040D58E7B8FF200000184048
2026-09-12T15:45:09.4426783+00:00,9764,170163000,Connected,-1,24,-978,1172,1572,-4.6830587,5.6120086,7.52737,-257,-461,-489,-0.31400043,-0.5632459,-0.59745604,3348,-6322,-73,200.87999,-379.31998,-4.38,0,0,0,0,0,0,0,0,0,0,0,1,387B240A2EFC94042406FFFE33FE17FEF88D240AABFC8A04AA05D9FE48FE39FED1A0240AF9FCA5048B05A8FEACFE4FFE140D4EE7B7FF200000184048
2026-09-12T15:45:09.4593461+00:00,9765,170177425,Connected,-1,24,-737,1198,1428,-3.5290532,5.7365074,6.83784,-417,-233,-415,-0.50948703,-0.28467742,-0.5070435,3378,-6340,-76,202.68,-380.4,-4.56,0,0,0,0,0,0,0,0,0,0,0,1,91B3240A1FFDAE0494055FFE17FF61FE51C6240A2EFD990491050AFE79FF71FE11D9240A1CFD6B045A05A9FDC8FF6DFE320D3CE7B4FF200000184048
2026-09-12T15:45:09.4760645+00:00,9766,170191825,Connected,-1,24,-736,1042,1240,-3.5242648,4.9895163,5.93762,-712,53,-449,-0.86991554,0.06475495,-0.5485844,3391,-6349,-77,203.45999,-380.94,-4.62,0,0,0,0,0,0,0,0,0,0,0,1,D1EB240A20FD1204D80438FD35003FFEAAFE240A2AFD9D034D04DEFCB400F0FD6A11250A2FFD3D03BD03C2FC47018FFD3F0D33E7B3FF200000184048
2026-09-12T15:45:09.4926735+00:00,9767,170206250,Connected,-1,24,-764,802,895,-3.6583402,3.8402996,4.285621,-765,501,-755,-0.9346705,0.6121175,-0.92245257,3410,-6366,-81,204.59999,-381.96,-4.8599997,0,0,0,0,0,0,0,0,0,0,0,1,2A24250A04FD22037F0303FDF5010DFDEA36250AD2FC6D03840395FDA5024FFCC349250AD1FC00049C0352FE54035BFB520D22E7AFFF200000184048
2026-09-12T15:45:09.5093357+00:00,9769,170235075,Connected,-1,24,474,1801,2240,2.2697031,8.623915,10.726024,-22,624,-1250,-0.026879413,0.7623979,-1.5272393,3439,-6398,-88,206.34,-383.88,-5.2799997,0,0,0,0,0,0,0,0,0,0,0,1,C394250ADA010907C008EAFF70021EFB9CA7250AB501EC07040914FFFB01EFFC5CBA250A25003108D7082DFE8401F8FE6F0D02E7A8FF200000184048
2026-09-12T15:45:09.5260093+00:00,9770,170249500,Connected,-1,24,-443,1910,2184,-2.1212628,9.14585,10.457873,-708,240,161,-0.8650284,0.29322997,0.19670843,3446,-6406,-91,206.76,-384.36,-5.46,0,0,0,0,0,0,0,0,0,0,0,1,1CCD250A45FE760788083CFDF000A100DCDF250A52FCA0055E0771FC76009C01B5F2250A91FB4504AF062DFC5C00AB01760DFAE6A5FF200000184048
2026-09-12T15:45:09.5427687+00:00,9771,170263925,Connected,-1,24,-1186,1002,1640,-5.6790466,4.7979803,7.8529816,-924,150,271,-1.1289353,0.18326873,0.3311055,3459,-6428,-91,207.54,-385.68,-5.46,0,0,0,0,0,0,0,0,0,0,0,1,7505260A5EFBEA03680664FC96000F013518260A16FCD6037B06EFFC21011B00F52A260AA7FDEF0412078EFDD00166FF830DE4E6A5FF200000184048
2026-09-12T15:45:09.5593382+00:00,9772,170278325,Connected,-1,24,-374,1568,1838,-1.7908629,7.5082164,8.801085,-473,311,-161,-0.5779074,0.37997717,-0.19670843,3465,-6436,-91,207.9,-386.16,-5.46,0,0,0,0,0,0,0,0,0,0,0,1,B53D260A8AFE20062E0727FE37015FFF8E50260AD6FD2906B90697FE28008AFF4E63260A7DFD5A053706F0FECAFF63FF890DDCE6A5FF200000184048
2026-09-12T15:45:09.5760621+00:00,9773,170292750,Connected,-1,24,-584,1177,1657,-2.7964275,5.6359506,7.9343843,-158,-3,-221,-0.19304305,-0.0036653746,-0.27001593,3471,-6445,-90,208.26,-386.69998,-5.4,0,0,0,0,0,0,0,0,0,0,0,1,0E76260AB8FD9904790662FFFDFF23FFCE88260A49FD2E05E106C5FF41001EFFA79B260AC7FC4B055A07120085FF07FF8F0DD3E6A6FF200000184048
2026-09-12T15:45:09.5926829+00:00,9775,170321600,Connected,-1,24,-670,1386,1387,-3.2082303,6.6367273,6.6415157,229,-589,-574,0.27979025,-0.7196352,-0.7013083,3484,-6474,-92,209.04,-388.44,-5.52,0,0,0,0,0,0,1,0,0,0,0,0,C0E6260A62FD6A056B05E500B3FDC2FD80F9260A50FDC505CD051001D6FD1FFE400C270AF0FCCF05AA05F000DCFDA0FE9C0DB6E6A4FF200000180248
2026-09-12T15:45:09.6093362+00:00,9776,170336000,Connected,-1,24,-806,1461,1326,-3.8594532,6.9958572,6.349423,165,-549,-271,0.20159559,-0.67076355,-0.3311055,3490,-6492,-93,209.4,-389.52,-5.58,0,0,0,0,0,0,1,0,0,0,0,0,001F270ADAFCB5052E05A500DBFDF1FEC031270AFAFC65052205700035FE15FF9944270A00FD67052805550086FE36FFA20DA4E6A3FF200000180248
2026-09-12T15:45:09.6426717+00:00,9777,170350425,Connected,-1,24,-771,1424,1350,-3.691859,6.8186865,6.4643445,54,-353,-155,0.06597674,-0.43129238,-0.18937768,3492,-6498,-94,209.51999,-389.88,-5.64,0,0,0,0,0,0,1,0,0,0,0,0,5957270AFDFC9005460536009FFE65FF196A270ACEFC5D0518050700B5FE9BFFD97C270A33FCFC045705D2FF08FFB1FFA40D9EE6A2FF200000180248
2026-09-12T15:45:09.6595348+00:00,9779,170379250,Connected,-1,24,-1037,1437,1395,-4.9655743,6.8809357,6.679823,-277,-234,193,-0.33843625,-0.28589922,0.23580576,3500,-6517,-96,210,-391.02,-5.7599998,0,0,0,0,0,0,1,0,0,0,0,0,F2C7270AF3FB9D057305EBFE16FFC100B2DA270AC5FB8405930513FF40FF0D018BED270AEDFB960596054EFF6DFF2F01AC0D8BE6A0FF200000180248
2026-09-12T15:45:09.6761296+00:00,9780,170393675,Connected,-1,24,-789,1540,1225,-3.7780502,7.374141,5.865794,-95,-126,370,-0.11607019,-0.15394573,0.45206285,3498,-6528,-94,209.87999,-391.68,-5.64,0,0,0,0,0,0,1,0,0,0,0,0,4B00280AEBFC0406C904A1FF82FF72010B13280AA1FCEE053D061700FCFFFE01CB25280AD7FBDE046D06590003007602AA0D80E6A2FF200000180248
2026-09-12T15:45:09.6928039+00:00,9781,170408150,Connected,-1,24,-938,1187,1601,-4.4915223,5.683835,7.666234,144,-60,591,0.17593798,-0.07330749,0.7220788,3496,-6532,-93,209.76,-391.91998,-5.58,0,0,0,0,0,0,1,0,0,0,0,0,D638280A56FCA30441069000C4FF4F02644B280A9DFC03059B05F600C3FFF601245E280AE0FC1C051A0695010300C501A80D7CE6A3FF200000180248
2026-09-12T15:45:09.7094935+00:00,9782,170422775,Connected,-1,24,-836,1306,1742,-4.003105,6.253655,8.341399,535,53,444,0.65365845,0.06475495,0.5424754,3494,-6534,-91,209.64,-392.03998,-5.46,0,0,0,0,0,0,1,0,0,0,0,0,F771280ABCFC1A05CE0617023500BC01BD83280AEAFC1005A40661022400AD017D96280A20FDEE041F06B40243008201A60D7AE6A5FF200000180248
2026-09-12T15:45:09.7261325+00:00,9783,170436925,Connected,-1,24,-586,1277,1755,-2.8060043,6.114791,8.403648,775,172,321,0.9468884,0.21014814,0.39219508,3490,-6533,-90,209.4,-391.97998,-5.4,0,0,0,0,0,0,1,0,0,0,0,0,3DA9280AB6FDFD04DB060703AC004101FDBB280A63FDC404AE06190312011001D6CE280A67FDC50464062303F700E800A20D7BE6A6FF200000180248
2026-09-12T15:45:09.7427920+00:00,9785,170465750,Connected,-1,24,-794,1274,1547,-3.8019924,6.1004257,7.40766,622,-87,197,0.75995433,-0.10629586,0.24069293,3482,-6524,-90,208.92,-391.44,-5.4,0,0,0,0,0,0,0,0,0,0,0,1,D619290AE6FCFA040B066E02A9FFC500AF2C290AC7FCDE043006F9014DFFCB006F3F290A9CFC7A0416065F0180FF7A009A0D84E6A6FF200000184048
2026-09-12T15:45:09.7594916+00:00,9786,170480175,Connected,-1,24,-879,1048,1415,-4.209007,5.0182467,6.775591,226,-41,-26,0.27612486,-0.05009345,-0.03176658,3479,-6519,-91,208.73999,-391.13998,-5.46,0,0,0,0,0,0,0,0,0,0,0,1,2F52290A91FC18048705E200D7FFE6FFEF64290AE9FC4A047B05BD00FBFF57FFC877290A33FDC504CC05CD001A0000FF970D89E6A5FF200000184048
2026-09-12T15:45:09.7761352+00:00,9787,170494600,Connected,-1,24,-708,1282,1459,-3.3901896,6.1387334,6.9862804,233,80,-300,0.28467742,0.09774332,-0.36653745,3475,-6512,-94,208.5,-390.72,-5.64,0,0,0,0,0,0,1,0,0,0,0,0,888A290A3CFD0205B305E9005000D4FE489D290A19FDEE0457050301F200BDFE08B0290AF4FC0F05240527018C01B2FE930D90E6A2FF200000180248
2026-09-12T15:45:09.7927960+00:00,9788,170509000,Connected,-1,24,-713,1374,1222,-3.4141316,6.579266,5.851429,347,541,-338,0.42396164,0.6609892,-0.41296554,3474,-6505,-97,208.44,-390.3,-5.8199997,0,0,0,0,0,0,1,0,0,0,0,0,C8C2290A37FD5E05C6045B011D02AEFEA1D5290AF8FC7905E2047F01B502D5FE61E8290A97FC6C05D1046A01F00202FF920D97E69FFF200000180248
2026-09-12T15:45:09.8094697+00:00,9789,170523425,Connected,-1,24,-951,1371,1205,-4.5537715,6.564901,5.770026,308,775,-241,0.37631178,0.9468884,-0.29445174,3473,-6494,-102,208.37999,-389.63998,-6.12,0,0,0,0,0,0,1,0,0,0,0,0,21FB290A49FC5B05B504340107030FFFE10D2A0A43FC99058D04DC00FC020EFFBA202A0A46FCE70593047200D8022FFF910DA2E69AFF200000180248
2026-09-12T15:45:09.8261254+00:00,9791,170552275,Connected,-1,24,-930,1411,1136,-4.453215,6.7564373,5.439626,-254,335,20,-0.31033504,0.40930015,0.02443583,3476,-6473,-112,208.56,-388.38,-6.72,0,0,0,0,0,0,1,0,0,0,0,0,D36B2A0A5EFC8305700402FF4F011400937E2A0A8AFC84059404C6FED7003A0053912A0AA6FC7305A704A3FE54006300940DB7E690FF200000180248
2026-09-12T15:45:09.8428019+00:00,9792,170566900,Connected,-1,24,-846,1365,1196,-4.050989,6.5361705,5.7269306,-353,-38,125,-0.43129238,-0.046428077,0.15272394,3478,-6468,-115,208.68,-388.08,-6.8999996,0,0,0,0,0,0,1,0,0,0,0,0,F4A42A0AB2FC5505AC049FFEDAFF7D00D3B62A0AC1FC3C05AB04BAFE7BFF8100ACC92A0ACCFC30059D04E2FE46FF8000960DBCE68DFF200000180248
2026-09-12T15:45:09.8594634+00:00,9793,170581100,Connected,-1,24,-823,1320,1181,-3.940856,6.3206925,5.6551046,-248,-197,129,-0.3030043,-0.24069293,0.1576111,3477,-6463,-119,208.62,-387.78,-7.14,0,0,0,0,0,0,1,0,0,0,0,0,6CDC2A0AC9FC28059D0408FF3BFF81002CEF2A0ABEFC2705D10422FF49FF8900EC012B0AABFC2105050528FF5EFF9D00950DC1E689FF200000180248
2026-09-12T15:45:09.8761360+00:00,9794,170595525,Connected,-1,24,-852,1319,1317,-4.0797195,6.315904,6.3063273,-216,-155,189,-0.26390696,-0.18937768,0.23091859,3479,-6456,-125,208.73999,-387.36,-7.5,0,0,0,0,0,0,1,0,0,0,0,0,C5142B0AACFC2705250528FF65FFBD0085272B0AB8FC260542052DFF58FFE600453A2B0AD3FC2205640537FF52FF1501970DC8E683FF200000180248
2026-09-12T15:45:09.8927936+00:00,9796,170624350,Connected,-1,24,-907,1200,1482,-4.343082,5.746084,7.0964136,-180,-301,457,-0.21992247,-0.36775923,0.5583587,3483,-6453,-130,208.98,-387.18,-7.7999997,0,0,0,0,0,0,0,0,0,0,0,0,5E852B0A75FCB004CA054CFFD3FEC9011E982B0A4CFCBE04A2054CFFDEFECE01DEAA2B0A43FCBC04200635FF0BFFB9019B0DCBE67EFF200000180048
2026-09-12T15:45:09.9263597+00:00,9797,170638775,Connected,-1,24,-1004,1155,1605,-4.807557,5.530606,7.6853876,-232,-332,424,-0.28345564,-0.40563476,0.5180396,3484,-6453,-132,209.04,-387.18,-7.9199996,0,0,0,0,0,0,0,0,0,0,0,1,B7BD2B0A14FC8304450618FFB4FEA80177D02B0A57FC62041F0606FF43FE970137E32B0A70FC30042706F0FE24FE62019C0DCBE67CFF200000184048
2026-09-12T15:45:09.9428176+00:00,9798,170653175,Connected,-1,24,-867,1074,1621,-4.1515455,5.142745,7.762002,-287,-526,276,-0.35065416,-0.64266235,0.33721444,3484,-6452,-130,209.04,-387.12,-7.7999997,0,0,0,0,0,0,0,0,0,0,0,1,F7F52B0A9DFC32045506E1FEF2FD1401D0082C0AE4FC46045F06D8FEA4FDC500901B2C0A26FD63044C06DBFE5FFD7E009C0DCCE67EFF200000184048
2026-09-12T15:45:09.9594681+00:00,9799,170667600,Connected,-1,24,-699,1156,1615,-3.347094,5.535394,7.7332716,-280,-725,63,-0.3421016,-0.8857988,0.076972865,3484,-6454,-129,209.04,-387.24,-7.74,0,0,0,0,0,0,0,0,0,0,0,1,502E2C0A45FD84044F06E8FE2BFD3F0010412C0A4BFDA9047B06FAFEF8FC0900D0532C0A60FDC204930610FF96FCE2FF9C0DCAE67FFF200000184048
2026-09-12T15:45:09.9761372+00:00,9801,170696575,Connected,-1,24,179,1383,1007,0.8571242,6.622362,4.8219223,-313,-149,-161,-0.38242075,-0.18204693,-0.19670843,3475,-6462,-119,208.5,-387.72,-7.14,0,0,0,0,0,0,0,0,0,0,0,1,7F9F2C0AB3006705EF03C7FE6BFF5FFFA9B12C0A0BFF4B04E504D2FE720201FF82C42C0A8EFCD7030A061AFF8A03C7FE930DC2E689FF200000184048
2026-09-12T15:45:09.9927999+00:00,9802,170710850,Connected,-1,24,-1214,999,1742,-5.813122,4.783615,8.341399,-121,529,-288,-0.14783677,0.6463277,-0.35187596,3471,-6467,-111,208.26,-388.02,-6.66,0,0,0,0,0,0,0,0,0,0,0,1,42D72C0A42FBE703CE0687FF1102E0FE02EA2C0A61FB68042807D4FF7BFF3DFFC2FC2C0A51FCC8044D07B4FF49FD97FF8F0DBDE691FF200000184048
2026-09-12T15:45:10.0095083+00:00,9803,170725250,Connected,-1,24,-716,1258,1917,-3.4284968,6.0238113,9.179369,-206,-1025,-41,-0.25168905,-1.2523363,-0.05009345,3468,-6470,-108,208.08,-388.19998,-6.48,0,0,0,0,0,0,0,0,0,0,0,1,820F2D0A34FDEA047D0732FFFFFBD7FF5B222D0AD3FD2C0528068CFE6FFB02001B352D0A67FE4C05D80421FEE7FBF9FF8C0DBAE694FF200000184048
2026-09-12T15:45:10.0261393+00:00,9804,170739675,Connected,-1,24,-299,1384,1082,-1.4317327,6.6271505,5.1810527,-520,-693,-57,-0.6353316,-0.8467015,-0.06964211,3465,-6473,-103,207.9,-388.38,-6.18,0,0,0,0,0,0,0,0,0,0,0,1,DB472D0AD5FE68053A04F8FD4BFDC7FF9B5A2D0A9AFE8C055504DFFD29FF86FF746D2D0AEAFD3D05FC04BFFDB80081FF890DB7E699FF200000184048
2026-09-12T15:45:10.0428043+00:00,9805,170754100,Connected,-1,24,-944,1253,1646,-4.5202527,5.9998693,7.881712,-604,399,-53,-0.73796207,0.4874948,-0.06475495,3459,-6484,-96,207.54,-389.03998,-5.7599998,0,0,0,0,0,0,0,0,0,0,0,1,34802D0A50FCE5046E06A4FD8F01CBFFF4922D0AE9FA6F046F078DFDC5004900B4A52D0AA9FAA5034707B6FD04FFD500830DACE6A0FF200000184048
2026-09-12T15:45:10.0594845+00:00,9807,170782925,Connected,-1,24,-652,1373,1720,-3.122039,6.5744777,8.236053,134,-1130,111,0.16372006,-1.3806244,0.13561885,3446,-6500,-82,206.76,-390,-4.92,0,0,0,0,0,0,0,1,0,0,0,0,CDF02D0A74FD5D05B806860096FB6F008D032E0A7BFD6705C106B90036FB7D004D162E0A92FD1806F705CE0045FBA600760D9CE6AEFF200000180448
2026-09-12T15:45:10.0761547+00:00,9808,170797350,Connected,-1,24,-495,1444,1467,-2.3702598,6.9144545,7.0245876,204,-1067,224,0.24924546,-1.3036516,0.27368128,3439,-6505,-77,206.34,-390.3,-4.62,0,0,0,0,0,0,0,1,0,0,0,0,26292E0A11FEA405BB05CC00D5FBE000E63B2E0A17FE82052D05C70086FC1E01A64E2E0AF6FD89053F05D40031FD31016F0D97E6B3FF200000180448
2026-09-12T15:45:10.0927981+00:00,9809,170811750,Connected,-1,24,-500,1391,1430,-2.3942018,6.6606693,6.847417,183,-540,295,0.22358784,-0.6597674,0.36042848,3429,-6516,-66,205.73999,-390.96,-3.9599998,0,0,0,0,0,0,0,1,0,0,0,0,66612E0A0CFE6F059605B700E4FD270126742E0AE5FD3305D605810087FE1C01FF862E0ABFFDFD04C9055600D5FE1001650D8CE6BEFF200000180448
2026-09-12T15:45:10.1094700+00:00,9810,170826175,Connected,-1,24,-616,1283,1409,-2.9496565,6.143522,6.7468605,91,-245,227,0.111183025,-0.2993389,0.27734667,3424,-6521,-62,205.44,-391.25998,-3.72,0,0,0,0,0,0,0,1,0,0,0,0,BF992E0A98FD030581055B000BFFE3007FAC2E0A56FD080576058B0039FF8C003FBF2E0A4FFD3105CB05B2004EFF3000600D87E6C2FF200000180448
2026-09-12T15:45:10.1261362+00:00,9811,170840575,Connected,-1,24,-648,1390,1514,-3.1028855,6.655881,7.249643,155,-150,-18,0.18937768,-0.18326873,-0.021992248,3415,-6531,-57,204.9,-391.86,-3.4199998,0,0,0,0,0,0,0,1,0,0,0,0,FFD12E0A78FD6E05EA059B006AFFEEFFD8E42E0A94FDA50515065200A8FFD1FF98F72E0AAFFDB4052906FCFFE4FFE0FF570D7DE6C7FF200000180448
2026-09-12T15:45:10.1429240+00:00,9812,170855000,Connected,-1,24,-600,1434,1597,-2.873042,6.8665705,7.6470804,-65,7,11,-0.07941645,0.00855254,0.0134397065,3411,-6533,-53,204.65999,-391.97998,-3.1799998,0,0,0,0,0,0,0,1,0,0,0,0,580A2F0AA8FD9A053D06BFFF07000B00181D2F0A91FD84057406A6FF160038000A302F0A8AFD6E059F06A6FF0E005500530D7BE6CBFF200000180448
2026-09-12T15:45:10.1594646+00:00,9814,170883825,Connected,-1,24,-562,1300,1660,-2.6910827,6.2249246,7.9487495,109,146,29,0.13317527,0.17838156,0.035431955,3399,-6539,-43,203.94,-392.34,-2.58,0,0,0,0,0,0,0,1,0,0,0,0,F17A2F0ACEFD14057C066D0092001D00CA8D2F0AC9FD2905B306DE000601FAFF8AA02F0AB8FD4105F1064D016301D8FF470D75E6D5FF200000180448
2026-09-12T15:45:10.1761284+00:00,9815,170898250,Connected,-1,24,-603,1368,1800,-2.8874073,6.5505357,8.619126,421,416,-60,0.5143742,0.50826526,-0.07330749,3397,-6541,-41,203.81999,-392.46,-2.46,0,0,0,0,0,0,0,1,0,0,0,0,4AB32F0AA5FD58050807A501A001C4FF0AC62F0A95FD5A05EE06DB01D901B8FFE3D82F0AA0FD5705C306F4011C02B0FF450D73E6D7FF200000180448
2026-09-12T15:45:10.2094582+00:00,9817,170927075,Connected,-1,24,-613,1294,1451,-2.9352913,6.196194,6.9479733,396,979,-24,0.48382944,1.1961339,-0.029322997,3389,-6538,-36,203.34,-392.28,-2.1599998,0,0,0,0,0,0,0,0,0,0,0,1,E323300A9BFD0E05AB058C01D303E8FFBC36300A58FDB904E5059901E0030E007C49300A1EFD56040806A7019F0339003D0D76E6DCFF200000184048
2026-09-12T15:45:10.2261352+00:00,9818,170941500,Connected,-1,24,-767,1129,1575,-3.6727054,5.4061074,7.541735,452,758,89,0.5522497,0.92611796,0.10873944,3389,-6530,-38,203.34,-391.8,-2.28,0,0,0,0,0,0,0,0,0,0,0,1,3C5C300A01FD69042706C401F6025900FC6E300AD4FC7F048806D30134025B00BC81300A98FCA504D506CB0175013D003D0D7EE6DAFF200000184048
2026-09-12T15:45:10.2428297+00:00,9819,170955925,Connected,-1,24,-633,1750,1551,-3.0310593,8.379706,7.4268136,391,232,-21,0.47772047,0.28345564,-0.025657622,3391,-6526,-41,203.45999,-391.56,-2.46,0,0,0,0,0,0,0,0,0,0,0,1,9594300A87FDD6060F068701E800EBFF55A7300A1DFD9E0665068000C7010EFF15BA300ADCFBEC048E0789FF0202DFFE3F0D82E6D7FF200000184048
2026-09-12T15:45:10.2594615+00:00,9820,170970325,Connected,-1,24,-1147,1032,1922,-5.4922986,4.9416323,9.203311,-176,0,-121,-0.2150353,0,-0.14783677,3395,-6521,-48,203.7,-391.25998,-2.8799999,0,0,0,0,0,0,0,0,0,0,0,1,D5CC300A85FB0804820750FF000087FFAEDF300AD8FB8404D5069CFF53FD3D006EF2300A6CFC76051306FEFFA3FB6900430D87E6D0FF200000184048
2026-09-12T15:45:10.2761334+00:00,9821,170984750,Connected,-1,24,-746,1492,1439,-3.572149,7.144298,6.8905125,59,-1280,56,0.0720857,-1.5638931,0.06842032,3397,-6517,-50,203.81999,-391.02,-3,0,0,0,0,0,0,0,1,0,0,0,0,2E05310A16FDD4059F053B0000FB3800EE17310A92FDE90562053C000BFB1900AE2A310A17FE8906ED042900BCFB2E00450D8BE6CEFF200000180448
2026-09-12T15:45:10.2928336+00:00,9823,171013750,Connected,-1,24,-750,1343,1294,-3.5913026,6.4308257,6.196194,31,-283,194,0.037875537,-0.345767,0.23702756,3400,-6505,-55,204,-390.3,-3.3,0,0,0,0,0,0,0,1,0,0,0,0,7676310A12FD3F050E051F00E5FEC200A088310A9EFD55054305FAFF5CFFA000609B310AFBFD51054E05AEFFFFFF9800480D97E6C9FF200000180448
2026-09-12T15:45:10.3094636+00:00,9824,171028000,Connected,-1,24,-511,1339,1362,-2.4468741,6.411672,6.5218053,-139,156,170,-0.16982901,0.19059947,0.20770456,3399,-6502,-56,203.94,-390.12,-3.36,0,0,0,0,0,0,0,1,0,0,0,0,20AE310A01FE3B05520575FF9C00AA00E0C0310AF9FD2D05610567FF0001CA00A0D3310AE8FD1205A40569FF4A01E600470D9AE6C8FF200000180448
2026-09-12T15:45:10.3261303+00:00,9825,171042425,Connected,-1,24,-554,1265,1528,-2.6527755,6.05733,7.3166804,-163,386,234,-0.19915201,0.47161153,0.28589922,3398,-6496,-60,203.87999,-389.75998,-3.6,0,0,0,0,0,0,0,1,0,0,0,0,79E6310AD6FDF104F8055DFF8201EA0039F9310AE6FDB40440064CFF9D01DA00F90B320AE7FD9004840652FF9801C600460DA0E6C4FF200000180448
2026-09-12T15:45:10.3428008+00:00,9826,171056825,Connected,-1,24,-563,1210,1742,-2.695871,5.793968,8.341399,-133,349,181,-0.16249827,0.42640522,0.22114426,3400,-6492,-62,204,-389.52,-3.72,0,0,0,0,0,0,0,1,0,0,0,0,B91E320ACDFDBA04CE067BFF5D01B5009231320AAAFDDD040C07A3FFF600AA005244320AABFDCC041E07ABFF92009E00480DA4E6C2FF200000180448
2026-09-12T15:45:10.3594640+00:00,9827,171071250,Connected,-1,24,-599,1130,1775,-2.8682537,5.410896,8.499416,-107,96,150,-0.13073169,0.11729199,0.18326873,3404,-6483,-64,204.23999,-388.97998,-3.84,0,0,0,0,0,0,0,1,0,0,0,0,1257320AA9FD6A04EF0695FF60009600D269320A95FD51049B068EFF3100A300927C320A93FDBF045006A6FFF8FFBF004C0DADE6C0FF200000180448
2026-09-12T15:45:10.3761290+00:00,9829,171100075,Connected,-1,24,-681,2877,1497,-3.2609026,13.776237,7.16824,-758,540,64,-0.92611796,0.6597674,0.078194655,3401,-6483,-65,204.06,-388.97998,-3.8999999,0,0,0,0,0,0,0,0,0,0,0,1,ABC7320A57FD3D0BD9050AFD1C02400084DA320A7BFC090824066AFB4D036C0044ED320ADFFCDC05A40594FA0B032501490DADE6BFFF200000184048
2026-09-12T15:45:10.3929204+00:00,9830,171114500,Connected,-1,24,-432,653,688,-2.0685902,3.1268275,3.2944214,-1393,976,452,-1.7019556,1.1924685,0.5522497,3401,-6483,-64,204.06,-388.97998,-3.84,0,0,0,0,0,0,0,0,0,0,0,1,0400330A50FE8D02B0028FFAD003C401C412330A85FD280213025BFB8605FC018425330A65FDBF023D03D6FC7E07A901490DADE6C0FF200000184048
2026-09-12T15:45:10.4113274+00:00,9831,171128900,Connected,-1,24,-475,653,1415,-2.2744915,3.1268275,6.775591,-439,2125,314,-0.53636646,2.596307,0.38364252,3402,-6480,-63,204.12,-388.8,-3.78,0,0,0,0,0,0,0,0,0,0,0,1,4438330A25FE8D02870549FE4D083A011D4B330A17FD180383072FFF8C071901DD5D330A04FCCA03560864FFA40502014A0DB0E6C1FF200000184048
2026-09-12T15:45:10.4429710+00:00,9832,171143325,Connected,-1,24,-963,1088,2001,-4.6112323,5.209783,9.581595,-224,911,239,-0.27368128,1.113052,0.29200816,3404,-6480,-63,204.23999,-388.8,-3.78,0,0,0,0,0,0,0,0,0,0,0,1,9D70330A3DFC4004D10720FF8F03EF005D83330A17FD1F04CD06B3FEF101F7003696330A3AFD6104B10662FEF10008014C0DB0E6C1FF200000184048
2026-09-12T15:45:10.4596128+00:00,9835,171186575,Connected,-1,24,-709,1194,1609,-3.394978,5.717354,7.704541,-478,-622,277,-0.5840163,-0.75995433,0.33843625,3417,-6483,-63,205.01999,-388.97998,-3.78,0,0,0,0,0,0,0,0,0,0,0,1,8F19340A3BFDAA04490622FE92FD15014F2C340A63FD82043D0638FE28FD2F010F3F340A49FD3D04430643FEE0FC3E01590DADE6C1FF200000184048
2026-09-12T15:45:10.5096126+00:00,9836,171201000,Connected,-1,24,-763,1034,1633,-3.6535518,4.951209,7.819463,-434,-847,304,-0.5302575,-1.0348574,0.37142462,3419,-6488,-62,205.14,-389.28,-3.72,0,0,0,0,0,0,0,0,0,0,0,1,E851340A05FD0A0461064EFEB1FC3001A864340AFBFCEB036A065EFE61FCFF006877340AF4FCC70365066BFE05FCA5005B0DA8E6C2FF200000184048
2026-09-12T15:45:10.5262151+00:00,9839,171244250,Connected,-1,24,-318,1260,1488,-1.5227122,6.033388,7.1251445,-216,-1158,-311,-0.26390696,-1.4148345,-0.37997717,3412,-6506,-55,204.72,-390.36,-3.3,0,0,0,0,0,0,0,0,0,0,0,1,DAFA340AC2FEEC04D00528FF7AFBC9FE9A0D350AC6FE01059905A7FFF4FBF7FE5A20350A56FE5705C1050F0043FC32FF540D96E6C9FF200000184048
2026-09-12T15:45:10.5428710+00:00,9840,171258650,Connected,-1,24,-601,1350,1534,-2.8778305,6.4643445,7.345411,34,-977,-196,0.04154091,-1.1936903,-0.23947114,3408,-6515,-51,204.48,-390.9,-3.06,0,0,0,0,0,0,0,0,0,0,0,1,1A33350AA7FD4605FE0522002FFC3CFFF345350A74FDAB04F305FBFF14FC02FFB358350ABBFD08045E05CFFF34FCDFFE500D8DE6CDFF200000184048
2026-09-12T15:45:10.5595525+00:00,9841,171273075,Connected,-1,24,-452,942,1297,-2.1643584,4.510676,6.2105594,-26,-836,-269,-0.03176658,-1.0214177,-0.32866192,3403,-6521,-47,204.18,-391.25998,-2.82,0,0,0,0,0,0,0,0,0,0,0,1,736B350A3CFEAE031105E6FFBCFCF3FE337E350A6CFEF3033F053D0098FD2CFFF390350AFCFD9204A805950061FE6CFF4B0D87E6D1FF200000184048
2026-09-12T15:45:10.5762030+00:00,9842,171287500,Connected,-1,24,-566,1276,1516,-2.7102363,6.1100025,7.2592196,201,-302,-130,0.24558009,-0.36898103,-0.1588329,3392,-6529,-41,203.51999,-391.74,-2.46,0,0,0,0,0,0,0,0,0,0,0,1,CCA3350ACAFDFC04EC05C900D2FE7EFF8CB6350AFFFD0005FD05E1005AFF70FF4CC9350A17FEE1042706F400050071FF400D7FE6D7FF200000184048
2026-09-12T15:45:10.5928939+00:00,9843,171301900,Connected,-1,24,-532,1253,1682,-2.5474305,5.9998693,8.054094,269,113,-112,0.32866192,0.13806243,-0.13684064,3386,-6535,-36,203.15999,-392.1,-2.1599998,0,0,0,0,0,0,0,0,0,1,0,0,0CDC350AECFDE50492060D01710090FFE5EE350AE8FDF204850614017400C0FFA501360AEDFD4905E80615019800D6FF3A0D79E6DCFF200000181048
2026-09-12T15:45:10.6095436+00:00,9845,171330750,Connected,-1,24,-630,1262,1852,-3.016694,6.042965,8.868123,94,48,25,0.1148484,0.058645993,0.030544788,3370,-6547,-27,202.2,-392.81998,-1.62,0,0,0,0,0,0,0,0,0,1,0,0,BE4C360A8AFDEE043C075E00300019007E5F360A9AFDF2042F076100F6FF16003E72360ABDFD040544075B00DBFF10002A0D6DE6E5FF200000181048
2026-09-12T15:45:10.6262104+00:00,9846,171345150,Connected,-1,24,-552,1304,1880,-2.6431987,6.244078,9.002198,75,-69,28,0.09163436,-0.08430361,0.03421016,3366,-6550,-24,201.95999,-393,-1.4399999,0,0,0,0,0,0,0,0,0,1,0,0,FE84360AD8FD180558074B00BBFF1C00D797360AE1FD190568073F0095FF3C0097AA360ACBFDFE04690740006EFF6000260D6AE6E8FF200000181048
2026-09-12T15:45:10.6430775+00:00,9847,171359575,Connected,-1,24,-593,1247,1885,-2.8395233,5.971139,9.02614,80,-176,111,0.09774332,-0.2150353,0.13561885,3361,-6555,-19,201.65999,-393.3,-1.14,0,0,0,0,0,0,0,0,0,1,0,0,57BD360AAFFDDF045D07500050FF6F0017D0360AB0FDD8045F07640049FF6800D7E2360AD7FDF50460076E005FFF5D00210D65E6EDFF200000181048
2026-09-12T15:45:10.6597332+00:00,9848,171374000,Connected,-1,24,-524,1295,1904,-2.5091233,6.2009826,9.11712,114,-119,96,0.13928422,-0.1453932,0.11729199,3358,-6556,-17,201.48,-393.36,-1.02,0,0,0,0,0,0,0,0,0,0,0,0,B0F5360AF4FD0F057007720089FF60007008370AF9FD34058A078100C9FF6D00301B370A6DFEE805580792004D0075001E0D64E6EFFF200000180048
2026-09-12T15:45:10.6764291+00:00,9850,171402825,Connected,-1,24,-797,1042,1781,-3.8163576,4.9895163,8.528147,395,-112,-59,0.48260763,-0.13684064,-0.0720857,3353,-6556,-17,201.18,-393.36,-1.02,0,0,0,0,0,0,0,0,0,0,0,1,4966370AE3FC1204F5068B0190FFC5FF0979370A24FEFB02E506100244FF8DFFC98B370A73FE46038A067602CBFED9FF190D64E6EFFF200000184048
2026-09-12T15:45:10.7097274+00:00,9851,171417250,Connected,-1,24,-468,985,1677,-2.2409728,4.7165775,8.030152,658,-300,16,0.8039388,-0.36653745,0.019548664,3350,-6554,-17,201,-393.24,-1.02,0,0,0,0,0,0,0,0,0,0,0,1,A29E370A2CFED9038D069202D4FE100062B1370A69FE4A03F705870273FF060022C4370AE0FDC803EF05C502F8FFEDFF160D66E6EFFF200000184048
2026-09-12T15:45:10.7263959+00:00,9852,171431650,Connected,-1,24,-733,1306,1642,-3.5098996,6.253655,7.8625584,812,-98,-73,0.9920947,-0.11973557,-0.08919078,3350,-6554,-17,201,-393.24,-1.02,0,0,0,0,0,0,0,0,0,0,0,1,E2D6370A23FD1A056A062C039EFFB7FFBBE9370A1EFD8806A1065203B0FE4CFF7BFC370AACFDAE06AE06FA0279FEB5FE160D66E6EFFF200000184048
2026-09-12T15:45:10.7430621+00:00,9854,171460650,Connected,-1,24,-541,1362,1257,-2.5905263,6.5218053,6.019023,782,-580,-133,0.95544094,-0.7086391,-0.16249827,3349,-6551,-17,200.94,-393.06,-1.02,0,0,0,0,0,0,0,0,0,0,0,1,2A48380AE3FD5205E9040E03BCFD7BFF545A380AC2FD6405D2047703FCFDC4FF146D380A9DFD3105D70498035DFED8FF150D69E6EFFF200000184048
2026-09-12T15:45:10.7597415+00:00,9855,171474900,Connected,-1,24,-629,1212,1113,-3.0119057,5.803545,5.329493,899,-311,-55,1.0983906,-0.37997717,-0.06719853,3349,-6545,-18,200.94,-392.69998,-1.0799999,0,0,0,0,0,0,0,0,0,0,0,1,D47F380A8BFDBC0459048303C9FEC9FFAD92380A89FD7204B60381035BFF9AFF6DA5380A9DFDB204C7039D0312004EFF150D6FE6EEFF200000184048
2026-09-12T15:45:10.7763936+00:00,9856,171489325,Connected,-1,24,-696,1243,1263,-3.3327289,5.9519854,6.0477533,932,177,-248,1.1387097,0.2162571,-0.3030043,3347,-6534,-21,200.81999,-392.03998,-1.26,0,0,0,0,0,0,0,0,0,1,0,0,2DB8380A48FDDB04EF04A403B10008FFEDCA380A30FE170627048403B300F2FEADDD380A17FE3D060C05FF022301EDFE130D7AE6EBFF200000181048
2026-09-12T15:45:10.7930566+00:00,9857,171503750,Connected,-1,24,-460,1529,1372,-2.2026656,7.321469,6.5696893,572,364,-249,0.69886476,0.4447321,-0.30422607,3346,-6525,-23,200.76,-391.5,-1.38,0,0,0,0,0,0,0,0,0,1,0,0,86F0380A34FEF9055C053C026C0107FF4603390A2FFE930588057D01430141FF0616390A4EFE6A058E05CE00E70081FF120D83E6E9FF200000181048
2026-09-12T15:45:10.8097293+00:00,9858,171518150,Connected,-1,24,-449,1395,1448,-2.1499932,6.679823,6.933608,51,143,-94,0.062311366,0.17471619,-0.1148484,3343,-6510,-30,200.58,-390.6,-1.8,0,0,0,0,0,0,0,0,0,1,0,0,C628390A3FFE7305A80533008F00A2FF9F3B390A44FE7C05C20595FF2E009DFF5F4E390A67FE6805CE05F4FEE1FF8DFF0F0D92E6E2FF200000181048
2026-09-12T15:45:10.8263942+00:00,9859,171532575,Connected,-1,24,-356,1369,1476,-1.7046716,6.555324,7.067683,-404,-83,-125,-0.49360377,-0.10140869,-0.15272394,3342,-6504,-31,200.51999,-390.24,-1.86,0,0,0,0,0,0,0,0,0,1,0,0,1F61390A9CFE5905C4056CFEADFF83FFDF73390AAFFE6605E10513FEA4FF89FFB886390A8DFE81050F06ECFDAEFFA9FF0E0D98E6E1FF200000181048
2026-09-12T15:45:10.8430641+00:00,9861,171561425,Connected,-1,24,-452,1317,1768,-2.1643584,6.3063273,8.465898,-386,-4,126,-0.47161153,-0.004887166,0.15394573,3337,-6485,-38,200.22,-389.1,-2.28,0,0,0,0,0,0,0,0,0,1,0,0,D1D1390A3CFE2505E8067EFEFCFF7E0091E4390A1AFEBE04FA06C4FE1900B90051F7390AF2FD5B04EE0617FF2500E200090DABE6DAFF200000181048
2026-09-12T15:45:10.8597301+00:00,9862,171575825,Connected,-1,24,-573,979,1775,-2.743755,4.687847,8.499416,-134,46,244,-0.16372006,0.056202408,0.29811713,3337,-6475,-41,200.22,-388.5,-2.46,0,0,0,0,0,0,0,0,0,0,0,0,110A3A0AC3FDD303EF067AFF2E00F400EA1C3A0AFFFDA703F706E6FF3800ED00AA2F3A0A35FE7003170741006E00E200090DB5E6D7FF200000180048
2026-09-12T15:45:10.8764062+00:00,9863,171590250,Connected,-1,24,-393,789,1798,-1.8818425,3.7780502,8.6095495,146,172,237,0.17838156,0.21014814,0.28956458,3336,-6470,-42,200.15999,-388.19998,-2.52,0,0,0,0,0,0,0,0,0,0,0,1,6A423A0A77FE150306079200AC00ED002A553A0AE8FF76042506DB000B011B0103683A0AEBFE21056B08C000CB015201080DBAE6D6FF200000184048
2026-09-12T15:45:10.8931125+00:00,9864,171604675,Connected,-1,24,-166,1826,1886,-0.79487497,8.743625,9.030929,134,216,459,0.16372006,0.26390696,0.5608023,3335,-6461,-42,200.09999,-387.66,-2.52,0,0,0,0,0,0,0,0,0,0,0,1,C37A3A0A5AFF22075E078600D800CB01838D3A0AA8FEE2081307E2FFC100B40143A03A0AC6FDB7070707ACFE8801F400070DC3E6D6FF200000184048
2026-09-12T15:45:10.9097472+00:00,9865,171619100,Connected,-1,24,-812,1466,1822,-3.8881836,7.019799,8.724471,-624,400,62,-0.7623979,0.4887166,0.07575107,3334,-6457,-43,200.04,-387.41998,-2.58,0,0,0,0,0,0,0,0,0,0,0,1,1CB33A0AD4FCBA051E0790FD90013E00DCC53A0AA4FDBC046D06C3FCBE00EBFF9CD83A0A46FE2F043F0641FC6800F9FF060DC7E6D5FF200000184048
2026-09-12T15:45:10.9264087+00:00,9867,171647925,Connected,-1,24,-403,1107,1605,-1.9297266,5.3007627,7.6853876,-926,-183,107,-1.1313789,-0.22358784,0.13073169,3337,-6459,-41,200.22,-387.53998,-2.46,0,0,0,0,0,0,0,0,0,0,0,1,B5233B0A6DFE5304450662FC49FF6B0075363B0A16FEFC03FA059EFCDEFF3F0035493B0A2EFE0204EB0508FD7C001000090DC5E6D7FF200000184048
2026-09-12T15:45:10.9431929+00:00,9868,171662325,Connected,-1,24,-381,1066,1538,-1.8243817,5.104438,7.3645644,-601,177,22,-0.7342967,0.2162571,0.026879413,3338,-6463,-40,200.28,-387.78,-2.3999999,0,0,0,0,0,0,0,0,0,0,0,1,F55B3B0A83FE2A040206A7FDB1001600B56E3B0A5BFE56042E065CFEA1003B008E813B0A27FE49044A06FBFE760044000A0DC1E6D8FF200000184048
2026-09-12T15:45:10.9598531+00:00,9869,171676750,Connected,-1,24,-556,945,1571,-2.6623523,4.525041,7.5225816,-134,90,38,-0.16372006,0.109961234,0.046428077,3337,-6471,-34,200.22,-388.25998,-2.04,0,0,0,0,0,0,0,0,0,0,0,1,4E943B0AD4FDB10323067AFF5A0026000EA73B0AA8FD09044306DBFF7700CAFFCEB93B0AE8FD4504510605009D0054FF090DB9E6DEFF200000184048
2026-09-12T15:45:10.9765461+00:00,9870,171691175,Connected,-1,24,-505,1106,1554,-2.4181437,5.2959743,7.441179,23,164,-256,0.028101204,0.2003738,-0.31277862,3339,-6473,-34,200.34,-388.38,-2.04,0,0,0,0,0,0,0,0,0,0,0,1,A7CC3B0A07FE520412061700A40000FF67DF3B0A8DFD580456062C008E00CCFE27F23B0AE4FD1105520640005900A6FE0B0DB7E6DEFF200000184048
2026-09-12T15:45:11.0098348+00:00,9872,171720000,Connected,-1,24,-612,1433,1554,-2.930503,6.861782,7.441179,135,-231,-46,0.16494185,-0.28223383,-0.056202408,3342,-6485,-33,200.51999,-389.1,-1.9799999,0,0,0,0,0,0,0,0,0,0,0,1,403D3C0A9CFD99051206870019FFD2FF00503C0AB5FDAB0508069700F2FE1100D9623C0A8BFD9405F3059300F5FE30000E0DABE6DFFF200000184048
2026-09-12T15:45:11.0264944+00:00,9873,171734425,Connected,-1,24,-851,1438,1766,-4.074931,6.885724,8.456321,127,-324,69,0.15516752,-0.39586043,0.08430361,3340,-6490,-33,200.4,-389.4,-1.9799999,0,0,0,0,0,0,0,0,0,0,1,0,99753C0AADFC9E05E6067F00BCFE450059883C0A37FE79051C05330077FD4300199B3C0ABEFDA504E304E9FF7AFED3FF0C0DA6E6DFFF200000182048
2026-09-12T15:45:11.0431218+00:00,9874,171749100,Connected,-1,24,-498,1317,1468,-2.384625,6.3063273,7.029376,-83,-26,-141,-0.10140869,-0.03176658,-0.17227261,3342,-6493,-32,200.51999,-389.58,-1.92,0,0,0,0,0,0,0,0,0,0,1,0,ECAE3C0A0EFE2505BC05ADFFE6FF73FFB2C03C0A3AFE99053306AEFF4800A1FF72D33C0AF5FDC9056D06B1FF3E00FFFF0E0DA3E6E0FF200000182048
2026-09-12T15:45:11.0598541+00:00,9875,171764075,Connected,-1,24,-579,1454,1693,-2.7724855,6.9623384,8.106767,-94,39,41,-0.1148484,0.047649868,0.05009345,3343,-6498,-32,200.58,-389.88,-1.92,0,0,0,0,0,0,0,0,0,0,1,0,6BE93C0ABDFDAE059D06A2FF270029000BF93C0ABDFDAA05E8068BFF40003400B20B3D0AC7FD94052F0784FF49004D000F0D9EE6E0FF200000182048
2026-09-12T15:45:11.0764614+00:00,9877,171792075,Connected,-1,24,-616,1296,1850,-2.9496565,6.205771,8.858546,128,-23,158,0.15638931,-0.028101204,0.19304305,3343,-6506,-32,200.58,-390.36,-1.92,0,0,0,0,0,0,0,0,0,0,1,0,CB563D0A98FD10053A078000E9FF9E00A4693D0A8CFD200527079100CCFF9600647C3D0A8AFD3405150785009FFF94000F0D96E6E0FF200000182048
2026-09-12T15:45:11.0931326+00:00,9878,171806500,Connected,-1,24,-732,1465,1900,-3.5051112,7.015011,9.097966,83,-188,142,0.10140869,-0.2296968,0.1734944,3342,-6510,-33,200.51999,-390.6,-1.9799999,0,0,0,0,0,0,0,0,0,0,1,0,248F3D0A24FDB9056C07530044FF8E00E4A13D0A55FD75052207E4FF6DFE4C00BDB43D0A9FFD1705CA0666FF5CFE08000E0D92E6DFFF200000182048
2026-09-12T15:45:11.1098065+00:00,9879,171820925,Connected,-1,24,-534,1343,1722,-2.5570073,6.4308257,8.24563,-241,-351,50,-0.29445174,-0.4288488,0.061089575,3341,-6510,-33,200.45999,-390.6,-1.9799999,0,0,0,0,0,0,0,0,0,0,0,0,7DC73D0AEAFD3F05BA060FFFA1FE32003DDA3D0A16FE6C058506EEFEEFFEA100FDEC3D0A7DFEA705CF05F3FEA6FF10010D0D92E6DFFF200000180048
2026-09-12T15:45:11.1264601+00:00,9880,171835350,Connected,-1,24,-721,1350,1873,-3.4524388,6.4643445,8.968679,-259,228,287,-0.316444,0.27856845,0.35065416,3341,-6512,-35,200.45999,-390.72,-2.1,0,0,0,0,0,0,0,0,0,0,0,1,D6FF3D0A2FFD46055107FDFEE4001F0196123E0A61FD02054A0716FF9C001A0156253E0A82FDE304C10644FF0B0030010D0D90E6DDFF200000184048
2026-09-12T15:45:11.1431336+00:00,9881,171849750,Connected,-1,24,-623,1236,1660,-2.9831753,5.9184666,7.9487495,-160,21,280,-0.19548663,0.025657622,0.3421016,3339,-6513,-34,200.34,-390.78,-2.04,0,0,0,0,0,0,0,0,0,0,0,1,16383E0A91FDD4047C0660FF15001801D64A3E0A84FDBD045C0669FF6800C700AF5D3E0AB0FC5C036A0660FFA00043000B0D8FE6DEFF200000184048
2026-09-12T15:45:11.1597924+00:00,9883,171878575,Connected,-1,24,-268,1271,1507,-1.283292,6.0860605,7.216124,388,-514,-59,0.4740551,-0.62800086,-0.0720857,3334,-6511,-34,200.04,-390.66,-2.04,0,0,0,0,0,0,0,0,0,0,0,1,AFA83E0AF4FEF704E3058401FEFDC5FF88BB3E0A94FEBC047705D501F4FDD9FF48CE3E0A6BFE2504E204060261FECEFF060D91E6DEFF200000184048
2026-09-12T15:45:11.1764547+00:00,9884,171893000,Connected,-1,24,-411,1064,1280,-1.9680338,5.094861,6.129156,594,-265,-62,0.7257441,-0.32377476,-0.07575107,3333,-6511,-33,199.98,-390.66,-1.9799999,0,0,0,0,0,0,0,0,0,0,0,1,08E13E0A65FE280400055202F7FEC2FFC8F33E0A4CFE7404F204BA027CFFCEFFA1063F0AFAFD8E04B8044F03D5FFF8FF050D91E6DFFF200000184048
2026-09-12T15:45:11.1931388+00:00,9885,171907475,Connected,-1,24,-577,1237,1256,-2.7629087,5.923255,6.0142345,1041,-22,56,1.2718849,-0.026879413,0.06842032,3330,-6509,-35,199.8,-390.53998,-2.1,0,0,0,0,0,0,0,0,0,0,0,1,93193F0ABFFDD504E8041104EAFF3800212C3F0AAAFD60052205CA04F7FF8700E13E3F0A79FDCC05AA055C055300E400020D93E6DDFF200000184048
2026-09-12T15:45:11.2264599+00:00,9888,171950675,Connected,-1,24,-437,1554,1685,-2.0925324,7.441179,8.0684595,507,157,341,0.6194483,0.19182126,0.4166309,3324,-6487,-42,199.44,-389.22,-2.52,0,0,0,0,0,0,0,0,0,0,1,0,53C23F0A4BFE12069506FB019D00550113D53F0A62FE0306C006570153004A01D3E73F0A52FEE1050807DB0013004101FC0CA9E6D6FF200000182048
2026-09-12T15:45:11.2431509+00:00,9889,171965075,Connected,-1,24,-451,1457,1798,-2.15957,6.9767036,8.6095495,151,-72,315,0.18449052,-0.08796899,0.38486433,3321,-6472,-48,199.26,-388.31998,-2.8799999,0,0,0,0,0,0,0,0,0,0,1,0,93FA3F0A3DFEB10506079700B8FF3B016C0D400A39FE8605E206920063FF30012C20400A4CFE8305B306B8002FFF2701F90CB8E6D0FF200000182048
2026-09-12T15:45:11.2597848+00:00,9890,171979500,Connected,-1,24,-404,1435,1659,-1.934515,6.871359,7.943961,229,-246,303,0.27979025,-0.3005607,0.3702028,3318,-6465,-51,199.08,-387.9,-3.06,0,0,0,0,0,0,0,0,0,0,1,0,EC32400A6CFE9B057B06E5000AFF2F01AC45400A98FEB4053406FD00FEFE40018558400AA5FEAA05F805FB001AFF5201F60CBFE6CDFF200000182048
2026-09-12T15:45:11.2931258+00:00,9891,171993925,Connected,-1,24,-342,1424,1466,-1.6376339,6.8186865,7.019799,241,-185,359,0.29445174,-0.22603142,0.43862316,3313,-6450,-57,198.78,-387,-3.4199998,0,0,0,0,0,0,0,0,0,0,1,0,456B400AAAFE9005BA05F10047FF6701057E400AA7FE8D057D05E80076FF7E01C590400A7BFE81053605E300B3FF8C01F10CCEE6C7FF200000182048
2026-09-12T15:45:11.3098112+00:00,9893,172022750,Connected,-1,24,-631,1105,1618,-3.0214825,5.291186,7.747637,448,545,228,0.54736257,0.6658764,0.27856845,3306,-6423,-67,198.36,-385.38,-4.02,0,0,0,0,0,0,0,0,0,0,0,1,DEDB400A89FD51045206C0012102E4009EEE400AA0FAEF0312085B02E200E2005E01410ABAFAA3032408EC025CFEC300EA0CE9E6BDFF200000184048
2026-09-12T15:45:11.3264529+00:00,9894,172037675,Connected,-1,24,-878,1225,1969,-4.2042184,5.865794,9.428367,865,-972,177,1.0568496,-1.1875813,0.2162571,3304,-6413,-69,198.23999,-384.78,-4.14,0,0,0,0,0,0,0,0,0,0,0,1,2B16410A92FCC904B107610334FCB100F726410AD9FE4806AB06B7032EFBDD00B739410A3C00A7063105F10312FB3C01E80CF3E6BBFF200000184048
2026-09-12T15:45:11.3431211+00:00,9895,172051700,Connected,-1,24,175,1592,813,0.8379706,7.6231384,3.892972,1101,-1117,401,1.3451924,-1.3647411,0.48993838,3301,-6394,-78,198.06,-383.63998,-4.68,0,0,0,0,0,0,0,0,0,0,0,1,F44C410AAF0038062D034D04A3FB9101505F410A6000DD055902D104D6FCB6011072410ADCFF9005A10235053CFE9901E50C06E7B2FF200000184048
2026-09-12T15:45:11.3597878+00:00,9896,172066000,Connected,-1,24,-143,1394,906,-0.6847417,6.6750345,4.3382936,1347,-149,318,1.6457531,-0.18204693,0.3885297,3298,-6384,-81,197.87999,-383.03998,-4.8599997,0,0,0,0,0,0,0,0,0,0,0,1,D084410A71FF72058A0343056BFF3E01A997410A34FF72055B04F9043300BE0069AA410A26FF910509057E049C002D00E20C10E7AFFF200000184048
2026-09-12T15:45:11.3764576+00:00,9897,172080425,Connected,-1,24,-192,1463,1365,-0.91937345,7.005434,6.5361705,1024,190,-93,1.2511145,0.23214038,-0.11362661,3295,-6375,-83,197.7,-382.5,-4.98,0,0,0,0,0,0,0,0,0,0,0,1,29BD410A40FFB70555050004BE00A3FFE9CF410A33FFC4050E05A703BD0025FFA9E2410A09FFB1058004AB03E000AFFEDF0C19E7ADFF200000184048
2026-09-12T15:45:11.3931228+00:00,9899,172109250,Connected,-1,24,-291,1625,1202,-1.3934253,7.7811556,5.755661,1511,841,-575,1.8461269,1.0275266,-0.7025301,3289,-6347,-95,197.34,-380.81998,-5.7,0,0,0,0,0,0,0,0,0,0,0,1,C22D420ADDFE5906B204E7054903C1FD8240420A54FE9B06D704DE051A0404FE4253420AEEFDCA0679057105E10455FED90C35E7A1FF200000184048
2026-09-12T15:45:11.4098032+00:00,9900,172123675,Connected,-1,24,-542,1821,1574,-2.5953147,8.719683,7.536947,1179,1372,-335,1.4404922,1.6762979,-0.40930015,3289,-6327,-106,197.34,-379.62,-6.3599997,0,0,0,0,0,0,0,0,0,0,0,1,1B66420AE2FD1D0726069B045C05B1FEDB78420A24FE7C0759068503740525FF9B8B420A51FE9B07630683022505B1FFD90C49E796FF200000184048
2026-09-12T15:45:11.4264464+00:00,9901,172138075,Connected,-1,24,-420,1906,1609,-2.0111294,9.126697,7.704541,478,1105,62,0.5840163,1.3500797,0.07575107,3291,-6317,-112,197.45999,-379.02,-6.72,0,0,0,0,0,0,0,0,0,0,0,1,5B9E420A5CFE72074906DE0151043E001BB1420A96FE2507EE05BD014B03BA00F4C3420A0AFFEC068B050402DB021D01DB0C53E790FF200000184048
2026-09-12T15:45:11.4431179+00:00,9902,172152500,Connected,-1,24,-165,1730,1380,-0.79008657,8.283937,6.6079965,629,832,363,0.7685068,1.0165305,0.44351032,3295,-6294,-127,197.7,-377.63998,-7.62,0,0,0,0,0,0,0,0,0,0,0,1,B4D6420A5BFFC2066405750240036B0174E9420A6FFF6A06D504FC021404A50134FC420A22FF2406B904A003FB04BD01DF0C6AE781FF200000184048
2026-09-12T15:45:11.4598026+00:00,9903,172166925,Connected,-1,24,-359,1489,1095,-1.7190368,7.129933,5.243302,1073,1469,428,1.3109822,1.7948117,0.52292675,3299,-6284,-138,197.94,-377.03998,-8.28,0,0,0,0,0,0,0,0,0,0,0,1,0D0F430A99FED10547043104BD05AC01CD21430A1DFEC0056C049804610666018D34430ACDFDC0058A04BB04C3060E01E30C74E776FF200000184048
2026-09-12T15:45:11.4764807+00:00,9905,172195750,Connected,-1,24,-595,1651,1267,-2.8491,7.905654,6.066907,1246,1501,104,1.5223522,1.833909,0.12706631,3309,-6246,-167,198.54,-374.75998,-10.0199995,0,0,0,0,0,0,0,0,0,0,0,1,A67F430AADFD7306F304DE04DD0568006692430AEBFD6E06B604CF045F053C003FA5430A47FE8E06F803B70480050D00ED0C9AE759FF200000184048
2026-09-12T15:45:11.5098417+00:00,9906,172210175,Connected,-1,24,-390,1645,802,-1.8674773,7.8769236,3.8402996,1233,1582,-27,1.5064689,1.9328741,-0.03298837,3321,-6215,-191,199.26,-372.9,-11.46,0,0,0,0,0,0,0,0,0,0,0,1,FFB7430A7AFE6D062203D1042E06E5FFBFCA430A69FE36067C0227053007BAFF7FDD430A10FE22066A029B054D0883FFF90CB9E741FF200000184048
2026-09-12T15:45:11.5431353+00:00,9909,172253425,Connected,-1,24,-761,1514,852,-3.643975,7.249643,4.0797195,2394,2655,-527,2.9249687,3.2438564,-0.6438841,3353,-6159,-259,201.18,-369.53998,-15.54,0,0,0,0,0,0,0,0,0,0,0,1,F160440A07FDEA0554035A095F0AF1FDB173440A17FDCB05B202CB092D0A68FD7186440A64FD21067F02180AB30AEEFC190DF1E7FDFE200000184048
2026-09-12T15:45:11.5598393+00:00,9910,172267825,Connected,-1,24,-633,1685,605,-3.0310593,8.0684595,2.896984,2656,2902,-853,3.245078,3.5456388,-1.0421882,3361,-6144,-281,201.65999,-368.63998,-16.859999,0,0,0,0,0,0,0,0,0,0,0,1,3199440A87FD95065D02600A560BABFC0AAC440AA5FD12070002A30AC10B92FCCABE440A94FD57078801D10ADA0BA9FC210D00E8E7FE200000184048
2026-09-12T15:45:11.5764592+00:00,9911,172282250,Connected,-1,24,-710,1886,169,-3.3997664,9.030929,0.80924016,2784,3058,-789,3.4014676,3.7362385,-0.9639935,3378,-6114,-329,202.68,-366.84,-19.74,0,0,0,0,0,0,0,0,0,0,0,1,8AD1440A3AFD5E07A900E00AF20BEBFC4AE4440A0AFD68077800BE0A990C3DFD23F7440AE2FC7C077A00A40A960D9BFD320D1EE8B7FE200000184048
2026-09-12T15:45:11.5931484+00:00,9912,172296675,Connected,-1,24,-885,1989,222,-4.237737,9.524135,1.0630256,2731,3667,-498,3.3367126,4.4803095,-0.60845214,3386,-6098,-358,203.15999,-365.88,-21.48,0,0,0,0,0,0,0,0,0,0,0,1,E309450A8BFCC507DE00AB0A530E0EFEA31C450A46FCE1074501AE0A120E9EFE632F450A17FC90070901930A150D2AFF3A0D2EE89AFE200000184048
2026-09-12T15:45:11.6097804+00:00,9913,172311100,Connected,-1,24,-1074,1841,27,-5.142745,8.815451,0.12928689,2637,3225,-130,3.2218642,3.9402776,-0.1588329,3400,-6063,-419,204,-363.78,-25.14,0,0,0,0,0,0,0,0,0,0,0,1,3C42450ACEFB31071B004D0A990C7EFFFC54450ADBFBFE069BFF0E0A400D6FFFBC67450A38FCE50623FF1C0A430E46FF480D51E85DFE200000184048
2026-09-12T15:45:11.6264798+00:00,9915,172339925,Connected,-1,24,-755,1690,-1012,-3.6152446,8.0924015,-4.8458643,3337,4954,-263,4.0771184,6.052755,-0.32133117,3415,-6011,-533,204.9,-360.66,-31.98,0,0,0,0,0,0,0,0,0,0,0,1,D5B2450A0DFD9A060CFC090D5A13F9FE95C5450AA6FC4E0618FB7A0EF115E5FE55D8450A54FCBC062AFB47104A18EEFE570D85E8EBFD200000184048
2026-09-12T15:45:11.6431240+00:00,9916,172354350,Connected,-1,24,-960,1844,-1247,-4.596867,8.829816,-5.971139,4662,6688,-250,5.695992,8.171342,-0.30544788,3420,-5992,-578,205.2,-359.52,-34.68,0,0,0,0,0,0,0,0,0,0,0,1,2EEB450A40FC340721FB3612201A06FFEEFD450A36FC5907D1FAFD13DB1B23FFC710460A1AFCA507CFFA6815D11D42FF5C0D98E8BEFD200000184048
2026-09-12T15:45:11.6598525+00:00,9917,172368750,Connected,-1,24,-944,2044,-1495,-4.5202527,9.787497,-7.1586633,5780,8041,-193,7.061955,9.824426,-0.23580576,3411,-5960,-683,204.65999,-357.6,-40.98,0,0,0,0,0,0,0,0,0,0,0,1,6E23460A50FCFC0729FA9416691F3FFF2E36460A23FC3E08E2F9841771215EFF0749460A11FC7A0825FA3D18EA2296FF530DB8E855FD200000184048
2026-09-12T15:45:11.6764581+00:00,9918,172383175,Connected,-1,24,-930,2157,-1554,-4.453215,10.328587,-7.441179,6284,9176,-54,7.6777377,11.211159,-0.06597674,3403,-5943,-742,204.18,-356.58,-44.52,0,0,0,0,0,0,0,0,0,0,0,1,C75B460A5EFC6D08EEF98C18D823CAFF876E460A78FC360845F97518C424DFFF4781460A57FC2C08F6F81318F42501004B0DC9E81AFD200000184048
2026-09-12T15:45:11.6931294+00:00,9919,172397575,Connected,-1,24,-923,2135,-1841,-4.4196963,10.223241,-8.815451,6031,9936,82,7.3686247,12.13972,0.1001869,3388,-5930,-803,203.28,-355.8,-48.18,0,0,0,0,0,0,0,0,0,0,0,1,0794460A65FC5708CFF88F17D0265200E0A6460A53FC500817F90C170B27AA00A0B9460A14FCCF07CCF97E163F26C8003C0DD6E8DDFC200000184048
2026-09-12T15:45:11.7098275+00:00,9921,172426425,Connected,-1,24,-579,1508,-709,-2.7724855,7.2209125,-3.394978,3735,7328,-221,4.563391,8.953288,-0.27001593,3308,-5913,-995,198.48,-354.78,-59.699997,0,0,0,0,0,0,0,0,0,0,0,1,B904470ABDFDE4053BFD970EA01C23FF7917470AEAFE0505ACFCC60BB81989FE392A470A4700E203F0FA48093817EBFDEC0CE7E81DFC200000184048
2026-09-12T15:45:11.7264477+00:00,9922,172440825,Connected,-1,24,332,687,-1845,1.5897499,3.289633,-8.834604,1926,5613,-732,2.3531704,6.857916,-0.89435136,3230,-5914,-1113,193.8,-354.84,-66.78,0,0,0,0,0,0,0,0,0,0,0,1,F93C470A4C01AF02CBF88607ED1524FDD24F470AD201B90108F7C706FA1538FC9262470AFA014501AEF52307FA1641FB9E0CE6E8A7FB200000184048
2026-09-12T15:45:11.7431617+00:00,9923,172455250,Connected,-1,24,467,348,-2676,2.2361844,1.6663644,-12.813767,2170,6217,-1421,2.6512876,7.5958776,-1.7361658,3188,-5918,-1168,191.28,-355.08,-70.08,0,0,0,0,0,0,0,0,0,0,0,1,5275470AD3015C018CF57A08491873FA1288470A6F017A02BEF61B0AFE1816FAD29A470AC500090462F8420BEF1829FA740CE2E870FB200000184048
2026-09-12T15:45:11.7597796+00:00,9924,172469675,Connected,-1,24,17,1319,-1615,0.08140286,6.315904,-7.7332716,2968,6260,-1438,3.6262772,7.6484146,-1.7569362,3091,-5936,-1270,185.45999,-356.16,-76.2,0,0,0,0,0,0,0,0,0,0,0,1,ABAD470A11002705B1F9980B741862FA6BC0470ABCFFD305D5FA300BB117B2FA2BD3470AADFFEC05B2FB3A0A4A1620FB130CD0E80AFB200000184048
2026-09-12T15:45:11.7764511+00:00,9925,172484075,Connected,-1,24,-47,1507,-1030,-0.22505496,7.216124,-4.9320555,2274,5208,-1137,2.778354,6.36309,-1.389177,3039,-5951,-1317,182.34,-357.06,-79.02,0,0,0,0,0,0,0,0,0,0,0,1,EBE5470AD1FFE305FAFBE20858148FFBABF8470A3000D105CFFB5D075B12E8FB840B480ABC008F05B0FBF005AE102BFCDF0BC1E8DBFA200000184048
2026-09-12T15:45:11.7931148+00:00,9927,172512925,Connected,-1,24,840,897,-1552,4.0222588,4.295198,-7.431602,1074,3937,-841,1.312204,4.810193,-1.0275266,2874,-6000,-1424,172.44,-360,-85.439995,0,0,0,0,0,0,0,0,0,0,0,1,9D56480A48038103F0F93204610FB7FC5D69480AA0037A035DF901042F10D6FC1D7C480AC1036D03DBF8BC037C11EFFC3A0B90E870FA200000184048
2026-09-12T15:45:11.8097905+00:00,9928,172527325,Connected,-1,24,973,890,-1761,4.6591167,4.261679,-8.432379,889,4832,-772,1.0861726,5.9036965,-0.94322306,2819,-6020,-1447,169.14,-361.19998,-86.82,0,0,0,0,0,0,0,0,0,0,0,1,DD8E480ACD037A031FF97903E012FCFC9DA1480AD1039F0380F92F03FB130BFD76B4480ACA03AB03E9F9D3029A1417FD030B7CE859FA200000184048
2026-09-12T15:45:11.8431139+00:00,9929,172541750,Connected,-1,24,955,885,-1493,4.572925,4.237737,-7.1490865,597,5371,-772,0.7294095,6.562242,-0.94322306,2713,-6062,-1472,162.78,-363.72,-88.32,0,0,0,0,0,0,0,0,0,0,0,1,36C7480ABB0375032BFA5502FB14FCFCF6D9480A7003500368FAE101F014B3FCB6EC480A31033103B9FA98016E1441FC990A52E840FA200000184048
2026-09-12T15:45:11.8597832+00:00,9931,172570575,Connected,-1,24,938,643,-1492,4.4915223,3.0789435,-7.144298,536,4292,-1719,0.6548802,5.243929,-2.1002595,2573,-6122,-1455,154.37999,-367.31998,-87.299995,0,0,0,0,0,0,0,0,0,0,0,1,CF37490AAA0383022CFA1802C41049F98F4A490AE303C40240FA8D023110C8F8685D490A1D0457036DFAD1020B0F98F80D0A16E851FA200000184048
2026-09-12T15:45:11.8765549+00:00,9932,172585000,Connected,-1,24,1151,1078,-1393,5.511452,5.161899,-6.670246,715,3417,-1920,0.87358093,4.1748614,-2.3458397,2534,-6138,-1442,152.04,-368.28,-86.52,0,0,0,0,0,0,0,0,0,0,0,1,2870490A7F0436048FFACB02590D80F8E882490AA904000509FB9902C80B38F8A895490AC1047D05DBFB3202200AE9F7E60906E85EFA200000184048
2026-09-12T15:45:11.8931117+00:00,9933,172599400,Connected,-1,24,1365,1388,-1209,6.5361705,6.646304,-5.78918,425,2144,-2106,0.51926136,2.619521,-2.573093,2465,-6163,-1411,147.9,-369.78,-84.659996,0,0,0,0,0,0,0,0,0,0,0,1,68A8490A55056C0547FBA9016008C6F741BB490A2805070588FB49015907C7F701CE490A38059704ABFB08017C06A5F7A109EDE77DFA200000184048
2026-09-12T15:45:11.9098060+00:00,9934,172613825,Connected,-1,24,1138,1151,-972,5.449203,5.511452,-4.654328,225,1475,-2217,0.2749031,1.8021425,-2.7087116,2433,-6170,-1393,145.98,-370.19998,-83.58,0,0,0,0,0,0,0,0,0,0,0,1,C1E0490A72047F0434FCE100C30557F781F3490AC70318059FFD93009F04FDF65A064A0A170498053EFDEAFF5803A3F68109E6E78FFA200000184048
2026-09-12T15:45:11.9264845+00:00,9935,172628250,Connected,-1,24,1178,1515,-687,5.6407394,7.2544312,-3.289633,-165,552,-2415,-0.20159559,0.6744289,-2.9506264,2380,-6181,-1352,142.8,-370.86,-81.119995,0,0,0,0,0,0,0,0,0,0,0,1,1A194A0A9A04EB0551FD5BFF280291F6DA2B4A0AA005A1052CFBF5FE3A01E1F69A3E4A0AA7046D056FFBC4FEBA0153F74C09DBE7B8FA200000184048
2026-09-12T15:45:11.9431176+00:00,9937,172657075,Connected,-1,24,1178,1432,-1114,5.6407394,6.8569937,-5.3342814,-501,653,-2052,-0.6121175,0.79782987,-2.507116,2325,-6178,-1284,139.5,-370.68,-77.04,0,0,0,0,0,0,0,0,0,0,0,1,B3894A0A9A049805A6FB0BFE8D02FCF7A59C4A0A4A04A8058BFCAEFDD80238F84CAF4A0A2104F905CCFC0BFD11038BF81509DEE7FCFA200000184048
2026-09-12T15:45:11.9597850+00:00,9938,172671500,Connected,-1,24,948,1580,-959,4.5394063,7.565677,-4.5920787,-915,772,-1845,-1.1179392,0.94322306,-2.2542052,2310,-6174,-1261,138.59999,-370.44,-75.659996,0,0,0,0,0,0,0,0,0,0,0,1,0CC24A0AB4032C0641FC6DFC0403CBF8CCD44A0A6E03560645FCEBFBBD02EEF88CE74A0AC503750620FC75FB2C0206F90609E2E713FB200000184048
2026-09-12T15:45:11.9764541+00:00,9939,172685900,Connected,-1,24,1030,1641,-1115,4.9320555,7.85777,-5.33907,-1228,499,-1724,-1.5003599,0.609674,-2.1063685,2297,-6169,-1237,137.81999,-370.13998,-74.22,0,0,0,0,0,0,0,0,0,0,0,1,4CFA4A0A06046906A5FB34FBF30144F9250D4B0AD6033E06F1FB56FB0B02B4F9E51F4B0AFF0325063CFC9AFBF4012DFAF908E7E72BFB200000184048
2026-09-12T15:45:11.9931173+00:00,9940,172700325,Connected,-1,24,1024,1563,-1081,4.903325,7.4842744,-5.1762643,-1056,536,-1397,-1.2902118,0.6548802,-1.7068427,2282,-6152,-1192,136.92,-369.12,-71.52,0,0,0,0,0,0,0,0,0,0,0,1,A5324B0A00041B06C7FBE0FB18028BFA65454B0AC103460680FD0EFC4C02D0FA3E584B0A7503720687FEDAFB8A011BFBEA08F8E758FB200000184048
2026-09-12T15:45:12.0097920+00:00,9941,172714750,Connected,-1,24,873,1640,-500,4.1802764,7.8529816,-2.3942018,-1145,159,-1192,-1.3989513,0.19426484,-1.4563755,2279,-6140,-1172,136.73999,-368.4,-70.32,0,0,0,0,0,0,0,0,0,0,0,1,FE6A4B0A690368060CFE87FB9F0058FBBE7D4B0A5903620685FE5FFBC1FF81FB7E904B0AA9035706E2FD3FFBB9FEA5FBE70804E86CFB200000184048
2026-09-12T15:45:12.0264695+00:00,9943,172743575,Connected,-1,24,806,1729,-698,3.8594532,8.279149,-3.3423057,-1195,-848,-1053,-1.4600408,-1.0360792,-1.2865465,2280,-6100,-1122,136.8,-366,-67.32,0,0,0,0,0,0,0,0,0,0,0,1,97DB4B0A2603C10646FD55FBB0FCE3FB57EE4B0A4A03D3064CFC7EFBDDFBC9FB30014C0A8203DB0636FCE7FBF6FAAEFBE8082CE89EFB200000184048
2026-09-12T15:45:12.0431185+00:00,9944,172758000,Connected,-1,24,993,1771,-895,4.7548847,8.480263,-4.285621,-953,-1624,-1115,-1.1643673,-1.9841894,-1.3622975,2288,-6071,-1092,137.28,-364.25998,-65.52,0,0,0,0,0,0,0,0,0,0,0,1,F0134C0AE103EB0681FC47FCA8F9A5FBB0264C0A69046F07E3FC47FC69F8CCFB70394C0ABB048F07EDFBEFFBCDF721FCF00849E8BCFB200000184048
2026-09-12T15:45:12.0765333+00:00,9945,172772425,Connected,-1,24,1237,1877,-1194,5.923255,8.987833,-5.717354,-1141,-2005,-893,-1.3940641,-2.449692,-1.0910598,2296,-6058,-1080,137.76,-363.47998,-64.799995,0,0,0,0,0,0,0,0,0,0,0,1,494C4C0AD504550756FB8BFB2BF883FC095F4C0ACE04110701FB41FBF9F814FDC9714C0A7104F3065CFB13FB37FADAFDF80856E8C8FB200000184048
2026-09-12T15:45:12.0931176+00:00,9947,172801400,Connected,-1,24,537,1773,-992,2.5713725,8.48984,-4.7500963,-1454,-536,-148,-1.7764848,-0.6548802,-0.18082514,2317,-6020,-1050,139.02,-361.19998,-63,0,0,0,0,0,0,0,0,0,0,0,1,78BD4C0A1902ED0620FC52FAE8FD6CFFA2CF4C0A420200071CFC6FFA1EFE50FF62E24C0AC902FE0621FCA9FA4BFE35FF0D097CE8E6FB200000184048
2026-09-12T15:45:12.1097804+00:00,9949,172830075,Connected,-1,24,929,1897,-800,4.4484267,9.083601,-3.8307228,-1392,-193,-243,-1.7007338,-0.23580576,-0.29689533,2337,-5986,-1020,140.22,-359.16,-61.199997,0,0,0,0,0,0,0,0,0,0,0,1,7B2D4D0AA1036907E0FC90FA3FFF0DFF54404D0A1A044107E0FC6EFA6EFF35FF14534D0A6E04EA06B0FC8AFAADFF70FF21099EE804FC200000184048
2026-09-12T15:45:12.1431182+00:00,9950,172844500,Connected,-1,24,1105,1705,-783,5.291186,8.1642275,-3.7493198,-1303,81,-88,-1.5919943,0.09896511,-0.10751765,2345,-5976,-1009,140.7,-358.56,-60.539997,0,0,0,0,0,0,0,0,0,0,0,1,D4654D0A5104A906F1FCE9FA5100A8FF94784D0AE303B10667FD5BFB1B01CDFF548B4D0A2503D906D9FDC3FBAF01D9FF2909A8E80FFC200000184048
2026-09-12T15:45:12.1597871+00:00,9951,172858925,Connected,-1,24,637,1738,-482,3.0502129,8.322245,-2.3080103,-1008,479,-56,-1.2315658,0.5852381,-0.06842032,2356,-5963,-995,141.36,-357.78,-59.699997,0,0,0,0,0,0,0,0,0,0,0,1,2D9E4D0A7D02CA061EFE10FCDF01C8FFEDB04D0A280279061AFE33FCBF01ACFFADC34D0A4E023306F1FD51FC5E0190FF3409B5E81DFC200000184048
2026-09-12T15:45:12.1764664+00:00,9953,172887750,Connected,-1,24,771,1849,-546,3.691859,8.853758,-2.6144683,-843,183,-203,-1.0299702,0.22358784,-0.24802367,2371,-5947,-967,142.26,-356.81998,-58.02,0,0,0,0,0,0,0,0,0,0,0,1,C60E4E0A03033907DEFDB5FCB70035FF86214E0A37030107A1FDACFCBE0059FF46344E0A5B03DA0689FDB7FCE9008AFF4309C5E839FC200000184048
2026-09-12T15:45:12.1931123+00:00,9954,172902175,Connected,-1,24,820,1915,-588,3.9264908,9.169792,-2.815581,-801,328,-61,-0.978655,0.4007476,-0.07452928,2373,-5942,-958,142.37999,-356.52,-57.48,0,0,0,0,0,1,0,0,0,0,0,0,1F474E0A34037B07B4FDDFFC4801C3FFDF594E0AD602F90789FD13FD8A0109009F6C4E0A3402A50AC6FC76FD4D014B004509CAE842FC200000180148
2026-09-12T15:45:12.2097732+00:00,9955,172916575,Connected,-1,24,657,919,-571,3.145981,4.4005427,-2.7341783,-460,-58,81,-0.56202406,-0.07086391,0.09896511,2376,-5937,-937,142.56,-356.22,-56.219997,0,0,0,0,0,1,0,0,0,0,0,0,5F7F4E0A91029703C5FD34FEC6FF510038924E0ADF02B504D100A8FE9AFF5300F8A44E0A41034606DAFFA5FD270181004809CFE857FC200000180148
2026-09-12T15:45:12.2264822+00:00,9956,172931000,Connected,-1,24,707,1894,-377,3.3854012,9.069236,-1.8052281,-545,546,138,-0.6658764,0.66709816,0.16860722,2375,-5938,-926,142.5,-356.28,-55.559998,0,0,0,0,0,1,0,0,0,0,0,0,B8B74E0AC302660787FEDFFD22028A0078CA4E0AB402420705FFA7FE62018E0038DD4E0AE002D20669FF0EFF3C008B004709CEE862FC200000180148
2026-09-12T15:45:12.2432127+00:00,9957,172945425,Connected,-1,24,770,1690,-263,3.6870706,8.0924015,-1.2593501,-282,-40,107,-0.34454522,-0.04887166,0.13073169,2373,-5940,-902,142.37999,-356.4,-54.12,0,0,0,0,0,1,0,0,0,0,0,0,11F04E0A02039A06F9FEE6FED8FF6B00D1024F0AF802A60666FE9FFEB5FF1E0091154F0A0903BC0655FE93FE4FFFBFFF4509CCE87AFC200000180148
2026-09-12T15:45:12.2597720+00:00,9959,172974250,Connected,-1,24,701,1751,-239,3.3566709,8.384495,-1.1444284,-334,-721,-311,-0.40807837,-0.88091165,-0.37997717,2376,-5941,-884,142.56,-356.46,-53.039997,0,0,0,0,0,1,0,0,0,0,0,0,AA604F0ABD02D70611FFB2FE2FFDC9FE6A734F0A0003F2060DFFEFFEA7FC95FE2A864F0A5303ED06FDFE3EFF34FC7FFE4809CBE88CFC200000180148
2026-09-12T15:45:12.2764445+00:00,9960,172988675,Connected,-1,24,864,1783,-306,4.1371803,8.537724,-1.4652514,-125,-1031,-371,-0.15272394,-1.259667,-0.45328465,2375,-5943,-871,142.5,-356.58,-52.26,0,0,0,0,0,1,0,0,0,0,0,0,03994F0A6003F706CEFE83FFF9FB8DFEC3AB4F0A320318077AFEB0FFF4FBA8FE83BE4F0A4B031F071EFEBAFF07FCB7FE4709C9E899FC200000180148
2026-09-12T15:45:12.2931345+00:00,9961,173003075,Connected,-1,24,887,1797,-627,4.247314,8.604761,-3.0023289,-79,-985,-314,-0.09652153,-1.2034646,-0.38364252,2375,-5944,-866,142.5,-356.63998,-51.96,0,0,0,0,0,1,0,0,0,0,0,0,43D14F0A770305078DFDB1FF27FCC6FE03E44F0A4303030724FDC0FF62FCDFFEDCF64F0AA3023F060EFDE6FF79FCF6FE4709C8E89EFC200000180148
2026-09-12T15:45:12.3097880+00:00,9962,173017500,Connected,-1,24,695,1796,-649,3.3279405,8.599973,-3.107674,-29,-879,-291,-0.035431955,-1.0739547,-0.35554132,2375,-5944,-866,142.5,-356.63998,-51.96,0,0,0,0,0,0,0,0,0,0,0,0,9C09500AB702040777FDE3FF91FCDDFE5C1C500AC902120851FD76FFE9FCBAFE1C2F500ADA02DE0724FDFFFE09FDC7FE4709C8E89EFC200000180048
2026-09-12T15:45:12.3264783+00:00,9963,173031900,Connected,-1,24,701,1925,-682,3.3566709,9.217676,-3.265691,-326,-857,-265,-0.39830402,-1.0470753,-0.32377476,2375,-5944,-866,142.5,-356.63998,-51.96,0,0,0,0,0,0,0,0,0,0,0,1,DC41500ABD02850756FDBAFEA7FCF7FEB554500AF102ED069EFD92FE27FC1AFF7567500A5A031E0554FE83FE3FFC28FF4709C8E89EFC200000184048
2026-09-12T15:45:12.3431395+00:00,9964,173046325,Connected,-1,24,838,1947,-257,4.012682,9.323022,-1.2306197,-375,-665,-192,-0.4581718,-0.81249136,-0.23458397,2379,-5939,-858,142.73999,-356.34,-51.48,0,0,0,0,0,0,0,0,0,0,0,1,357A500A46039B07FFFE89FE67FD40FFF58C500A6C02BC08FDFC48FE21FE51FFB59F500A2C025B079EFC4EFF07FD56FF4B09CDE8A6FC200000184048
2026-09-12T15:45:12.3597737+00:00,9965,173060750,Connected,-1,24,717,1500,-244,3.4332852,7.1826053,-1.1683705,83,-1036,-103,0.10140869,-1.265776,-0.12584452,2380,-5938,-856,142.8,-356.28,-51.36,0,0,0,0,0,0,0,0,0,0,0,1,8EB2500ACD02DC050CFF5300F4FB99FF4EC5500ADD028A0522FF6C0041FCDFFF0ED8500A9B02300623FE660086FD05004C09CEE8A8FC200000184048
2026-09-12T15:45:12.3764548+00:00,9966,173075150,Connected,-1,24,774,1689,-516,3.7062242,8.087613,-2.4708161,202,-341,21,0.24680188,-0.4166309,0.025657622,2385,-5934,-856,143.09999,-356.03998,-51.36,0,0,0,0,0,0,0,0,0,0,0,1,CEEA500A06039906FCFDCA00ABFE1500A7FD500A7F033806A6FE820195FF49006710510A26031F0627FF2A023E00B2005109D2E8A8FC200000184048
2026-09-12T15:45:12.3931067+00:00,9967,173089575,Connected,-1,24,700,1693,-192,3.3518825,8.106767,-0.91937345,641,211,244,0.7831684,0.25779802,0.29811713,2388,-5932,-855,143.28,-355.91998,-51.3,0,0,0,0,0,0,0,0,0,0,0,1,2723510ABC029D0640FF8102D300F400E735510AA002C606FEFE7A025A01E400A748510ACB02B106B9FE4D02A701AF005409D4E8A9FC200000184048
2026-09-12T15:45:12.4098072+00:00,9969,173118400,Connected,-1,24,739,1515,-917,3.53863,7.2544312,-4.390966,239,90,7,0.29200816,0.109961234,0.00855254,2395,-5926,-859,143.7,-355.56,-51.539997,0,0,0,0,0,1,0,0,0,0,0,0,C093510AE302EB056BFCEF005A00070099A6510AC303150518006F017CFFCDFF59B9510A7903810695FFD2FF4001F6FF5B09DAE8A5FC200000180148
2026-09-12T15:45:12.4264387+00:00,9970,173132825,Connected,-1,24,752,2012,-620,3.6008794,9.634268,-2.96881,-241,692,-7,-0.29445174,0.8454797,-0.00855254,2400,-5926,-861,144,-355.56,-51.66,0,0,0,0,0,1,0,0,0,0,0,0,19CC510AF002DC0794FD0FFFB402F9FFD9DE510ACF02D7077BFD4EFF95020F00B2F1510AEE02830727FEBDFF720147006009DAE8A3FC200000180148
2026-09-12T15:45:12.4431075+00:00,9971,173147250,Connected,-1,24,734,1864,-436,3.514688,8.925584,-2.087744,-18,179,111,-0.021992248,0.21870068,0.13561885,2405,-5921,-865,144.3,-355.25998,-51.899998,0,0,0,0,0,1,0,0,0,0,0,0,7204520ADE0248074CFEEEFFB3006F003217520AB0020C0731FEE9FF85005B00F229520AAD0203070FFEF7FF3B001F006509DFE89FFC200000180148
2026-09-12T15:45:12.4597736+00:00,9972,173161650,Connected,-1,24,699,1822,-446,3.347094,8.724471,-2.135628,31,-55,-20,0.037875537,-0.06719853,-0.02443583,2408,-5919,-867,144.48,-355.13998,-52.02,0,0,0,0,0,1,0,0,0,0,0,0,B23C520ABB021E0742FE1F00C9FFECFF8B4F520AB1023E0778FE35006CFFC7FF4B62520A8F02440764FE340008FF9EFF6809E1E89DFC200000180148
2026-09-12T15:45:12.4764495+00:00,9973,173176075,Connected,-1,24,649,1848,-448,3.107674,8.848969,-2.1452048,60,-375,-158,0.07330749,-0.4581718,-0.19304305,2410,-5914,-872,144.59999,-354.84,-52.32,0,0,0,0,0,1,0,0,0,0,0,0,0B75520A8902380740FE3C0089FE62FFCB87520AC3024E073FFE5600FAFD22FFA49A520A02037E0730FE6F005EFDF7FE6A09E6E898FC200000180148
2026-09-12T15:45:12.4931047+00:00,9975,173204925,Connected,-1,24,607,1919,-446,2.906561,9.188946,-2.135628,55,-1257,-407,0.06719853,-1.5357919,-0.49726912,2413,-5912,-878,144.78,-354.72,-52.68,0,0,0,0,0,0,0,0,0,0,0,0,BDE5520A5F027F0742FE370017FB69FE7DF8520A2E02960767FE06007CFA26FE3D0B530AE9019A07B1FEC1FFB4F9E2FD6D09E8E892FC200000180048
2026-09-12T15:45:12.5097752+00:00,9976,173219325,Connected,-1,24,418,1736,-183,2.0015526,8.312668,-0.8762778,-162,-1883,-628,-0.19793022,-2.3006334,-0.76728505,2414,-5912,-881,144.84,-354.72,-52.86,0,0,0,0,0,0,0,0,0,0,0,1,FD1D530AA201C80649FF5EFFA5F88CFDBD30530A0E023F04D400D6FEAAF711FD9643530AB101F609CCFFBAFD6AF78CFC6E09E8E88FFC200000184048
2026-09-12T15:45:12.5264456+00:00,9977,173233750,Connected,-1,24,313,2313,-670,1.4987702,11.075577,-3.2082303,-863,-2470,-1081,-1.054406,-3.017825,-1.3207566,2419,-5909,-887,145.14,-354.53998,-53.219997,0,0,0,0,0,0,0,0,0,0,0,1,5656530A3901090962FDA1FC5AF6C7FB1669530A1502B107BBFD72FD5EF3F8FAD67B530ACE02AB066FFFCBFDD1F0A0FA7309EBE889FC200000184048
2026-09-12T15:45:12.5431995+00:00,9978,173248150,Connected,-1,24,742,1702,39,3.5529952,8.149862,0.18674773,-707,-4173,-1423,-0.8638066,-5.098536,-1.7386093,2425,-5905,-892,145.5,-354.3,-53.52,0,0,0,0,0,0,0,0,0,0,0,1,968E530AE602A60627003DFDB3EF71FA6FA1530AA902F606040065FC88EF38FA2FB4530A76023307D600C4FB2BEFEDF97909EFE884FC200000184048
2026-09-12T15:45:12.5597800+00:00,9979,173262575,Connected,-1,24,759,1962,733,3.6343982,9.394848,3.5098996,-1233,-4777,-1590,-1.5064689,-5.836498,-1.9426485,2441,-5893,-905,146.45999,-353.58,-54.3,0,0,0,0,0,0,0,0,0,0,0,1,EFC6530AF702AA07DD022FFB57EDCAF9AFD9530AFB01AA07430239FADAEAECF988EC530A89016F07270220F968E9DCF98909FBE877FC200000184048
2026-09-12T15:45:12.5764600+00:00,9981,173291425,Connected,-1,24,18,1969,-184,0.08619126,9.428367,-0.8810662,-2844,-6909,-2058,-3.474775,-8.441358,-2.514447,2467,-5871,-917,148.02,-352.25998,-55.02,0,0,0,0,0,0,0,0,0,0,0,1,A137540A1200B10748FFE4F403E5F6F7614A540A1E009407DDFEA2F48EE379F7215D540A180032076AFED7F4A0E20FF7A30911E96BFC200000184048
2026-09-12T15:45:12.5931208+00:00,9982,173305825,Connected,-1,24,25,1749,-537,0.11971009,8.374918,-2.5713725,-2664,-7622,-2374,-3.2548525,-9.312494,-2.900533,2508,-5844,-931,150.48,-350.63998,-55.86,0,0,0,0,0,0,0,0,0,0,0,1,E16F540A1900D506E7FD98F53AE2BAF6BA82540AEAFFBD0680FDB6F631E289F67A95540A79FFB70647FDF4F744E260F6CC092CE95DFC200000184048
2026-09-12T15:45:12.6097804+00:00,9983,173320250,Connected,-1,24,-234,1795,-669,-1.1204864,8.595184,-3.2034419,-1797,-7564,-2502,-2.1955593,-9.241631,-3.0569222,2535,-5830,-935,152.09999,-349.8,-56.1,0,0,0,0,0,0,0,0,0,0,0,1,3AA8540A16FF030763FDFBF874E23AF6FABA540ADBFE7907DCFD34F9B2E227F6BACD540AABFEBA072EFEABF892E23AF6E7093AE959FC200000184048
2026-09-12T15:45:12.6431624+00:00,9985,173349075,Connected,-1,24,-834,2092,-402,-3.9935284,10.01734,-1.9249382,-2651,-8537,-2148,-3.2389693,-10.430434,-2.624408,2640,-5783,-942,158.4,-346.97998,-56.52,0,0,0,0,0,0,0,0,0,0,0,1,D318550ABEFC2C086EFEA5F5A7DE9CF7AC2B550A40FC12085DFE2DF5E6DD03F86C3E550ACCFBE3074DFEF3F48EDD5AF8500A69E952FC200000184048
2026-09-12T15:45:12.6597838+00:00,9986,173363500,Connected,-1,24,-1143,1976,-418,-5.473145,9.461885,-2.0015526,-2822,-8713,-1907,-3.4478955,-10.64547,-2.3299563,2726,-5753,-935,163.56,-345.18,-56.1,0,0,0,0,0,0,0,0,0,0,0,1,2C51550A89FBB8075EFEFAF4F7DD8DF8EC63550A6CFB88079FFE40F5FFDE90F8AC76550A58FB6E07F6FEACF5E7DF66F8A60A87E959FC200000184048
2026-09-12T15:45:12.6764907+00:00,9987,173377925,Connected,-1,24,-1286,1907,-109,-6.157887,9.131485,-0.521936,-2506,-7996,-2038,-3.0618095,-9.769444,-2.490011,2774,-5741,-924,166.44,-344.46,-55.44,0,0,0,0,0,0,0,0,0,0,0,1,8589550AFAFA730793FF36F6C4E00AF8459C550AB0FA44072F00BBF66AE17BF705AF550A21FAD006D30009F778E1BCF6D60A93E964FC200000184048
2026-09-12T15:45:12.6930988+00:00,9988,173392625,Connected,-1,24,-1591,1727,382,-7.61835,8.269572,1.8291701,-2266,-8010,-2590,-2.7685795,-9.78655,-3.16444,2874,-5721,-889,172.44,-343.25998,-53.34,0,0,0,0,0,0,0,0,0,0,0,1,F1C2550AC9F9BF067E0126F7B6E0E2F585D4550A6DF9CF06210224F70DDF07F55EE7550A1DF9E9060E03ECF69EDC49F43A0BA7E987FC200000184048
2026-09-12T15:45:12.7097658+00:00,9989,173406750,Connected,-1,24,-1741,1818,1118,-8.336611,8.7053175,5.353435,-2452,-9990,-3102,-2.9958327,-12.205697,-3.789997,2925,-5717,-865,175.5,-343.02,-51.899998,0,0,0,0,0,0,0,0,0,0,0,1,1EFA550A33F91A075E046CF6FAD8E2F3DE0C560AADF9650726059FF557D400F49E1F560AD4FA8F071D069EF482CFB6F46D0BABE99FFC200000184048
2026-09-12T15:45:12.7264392+00:00,9991,173435575,Connected,-1,24,454,2377,990,2.1739352,11.382035,4.7405195,-4087,-13221,-1310,-4.9934616,-16.153305,-1.6005468,3079,-5740,-743,184.73999,-344.4,-44.579998,0,0,0,0,0,0,0,0,0,0,0,1,B76A560AC6014909DE0309F05BCCE2FA777D560AA2024F092F02BBEF99D016FD3790560A85024109280135F0B9D484FF070C94E919FD200000184048
2026-09-12T15:45:12.7431027+00:00,9992,173450000,Connected,-1,24,543,2274,157,2.6001031,10.888829,0.7517793,-3736,-10156,511,-4.564613,-12.408514,0.62433547,3120,-5758,-690,187.2,-345.47998,-41.399998,0,0,0,0,0,0,0,0,0,0,0,1,10A3560A1F02E2089D0068F154D8FF01D0B5560ABA017C086B0024F3ADDB250490C8560A4C01230847002DF53FDFB005300C82E94EFD200000184048
2026-09-12T15:45:12.7597669+00:00,9993,173464400,Connected,-1,24,166,1942,160,0.79487497,9.299079,0.7661445,-2218,-7353,1670,-2.7099335,-8.983833,2.0403917,3178,-5807,-569,190.68,-348.41998,-34.14,0,0,0,0,0,0,0,0,0,0,0,1,50DB560AA6009607A00056F747E3860610EE560ABEFFEB06F4005EF97AE79506E900570AAAFDDB0546013AFB54ECC8056A0C51E9C7FD200000184048
2026-09-12T15:45:12.7764427+00:00,9994,173478825,Connected,-1,24,-1081,1302,524,-5.1762643,6.2345014,2.5091233,-824,-3619,975,-1.0067562,-4.4216633,1.1912467,3195,-5835,-506,191.7,-350.1,-30.359999,0,0,0,0,0,0,0,0,0,0,0,1,A913570AC7FB16050C02C8FCDDF1CF036926570ACFFAFD042804DDFD82F7FB002939570A5BFB1E052A0740FEF7FBFFFD7B0C35E906FE200000184048
2026-09-12T15:45:12.7930999+00:00,9995,173493250,Connected,-1,24,-989,1199,2242,-4.735731,5.741296,10.7356,-456,-613,-1151,-0.5571369,-0.7489582,-1.406282,3220,-5896,-382,193.2,-353.75998,-22.92,0,0,0,0,0,0,0,0,0,0,0,1,024C570A23FCAF04C20838FE9BFD81FBC25E570A36FD2404B5088BFE35FC24FA8271570AFEFE610496083BFFEAF9DCF9940CF8E882FE200000184048
2026-09-12T15:45:12.8097746+00:00,9997,173522075,Connected,-1,24,1104,1885,1958,5.2863975,9.02614,9.375694,-339,-1427,-1108,-0.4141873,-1.7434964,-1.353745,3228,-5991,-209,193.68,-359.46,-12.54,0,0,0,0,0,0,0,0,0,0,0,1,9BBC570A50045D07A607ADFE6DFAACFB5BCF570AC50323071307FEFDBBFA2CFC1BE2570A8E031B07F0069CFD96FADFFC9C0C99E82FFF200000184048
2026-09-12T15:45:12.8264434+00:00,9998,173536475,Connected,-1,24,924,1913,1737,4.4244847,9.160215,8.317456,-643,-1500,-582,-0.7856119,-1.8326873,-0.71108264,3223,-6022,-156,193.37999,-361.31998,-9.36,0,0,0,0,0,0,0,0,0,0,0,1,DBF4570A9C037907C9067DFD24FABAFDB407580A5803F207380672FDA4F992FE741A580AF7024E08B70550FD41F924FF970C7AE864FF200000184048
2026-09-12T15:45:12.8600007+00:00,10000,173565325,Connected,-1,24,621,1990,1241,2.9735985,9.528923,5.9424086,-1003,-2142,-264,-1.2254568,-2.6170774,-0.32255295,3186,-6112,-14,191.15999,-366.72,-0.84,0,0,0,0,0,0,0,0,0,0,0,1,8D65580A6D02C607D90415FCA2F7F8FE4D78580AE4018707DF0401FC8BF7ACFE0D8B580A45013907270503FC4EF75CFE720C20E8F2FF200000184048
2026-09-12T15:45:12.8764478+00:00,10002,173594150,Connected,-1,24,123,1673,1429,0.58897364,8.010999,6.8426285,-694,-2227,-842,-0.8479233,-2.7209296,-1.0287484,3118,-6180,80,187.08,-370.8,4.7999997,0,0,0,0,0,0,0,0,0,0,0,1,26D6580A7B00890695054AFD4DF7B6FCE6E8580A4100A3067205FEFDFEF66FFCA6FB580AF7FF5106D304D9FE68F61BFC2E0CDCE75000200000184048
2026-09-12T15:45:12.8931101+00:00,10003,173608575,Connected,-1,24,-66,1481,1196,-0.31603462,7.091625,5.7269306,-53,-2521,-1134,-0.06475495,-3.0801363,-1.3855115,3096,-6195,100,185.76,-371.69998,6,0,0,0,0,0,0,0,0,0,0,0,1,7F0E590ABEFFC905AC04CBFF27F692FB3F21590A4400A1059804AA005EF6EBFAFF33590AE00096057204740116F76AFA180CCDE76400200000184048
2026-09-12T15:45:12.9264352+00:00,10004,173622975,Connected,-1,24,169,1389,1071,0.80924016,6.6510925,5.12838,564,-2036,-1508,0.68909043,-2.4875674,-1.8424616,3068,-6216,121,184.08,-372.96,7.2599998,0,0,0,0,0,0,0,0,0,0,0,1,BF46590AA9006D052F0434020CF81CFA9859590A16001C058A030103E0F8CCF9586C590A1300F004F902DC03B4F958F9FC0BB8E77900200000184048
2026-09-12T15:45:12.9431255+00:00,10005,173637400,Connected,-1,24,134,1226,565,0.641646,5.8705826,2.705448,1205,-1300,-1833,1.4722588,-1.588329,-2.239544,3057,-6224,127,183.42,-373.44,7.62,0,0,0,0,0,0,0,0,0,0,0,1,187F590A8600CA043502B504ECFAD7F8D891590ADF00BA0423027205E3FC63F898A4590ABD00C1047F03D60545FF04F8F10BB0E77F00200000184048
2026-09-12T15:45:12.9597828+00:00,10007,173666275,Connected,-1,24,136,1846,788,0.6512229,8.839393,3.7732618,1006,-70,-1937,1.2291223,-0.0855254,-2.36661,3032,-6232,140,181.92,-373.91998,8.4,0,0,0,0,0,0,0,0,0,0,0,1,E3EF590A880036071403EE03BAFF6FF88A025A0A3F01B3077F038D03DAFEC9F84A155A0AE201BA07D403C202BEFE44F9D80BA8E78C00200000184048
2026-09-12T15:45:12.9765166+00:00,10008,173680650,Connected,-1,24,551,1910,940,2.6384103,9.14585,4.501099,438,-203,-1552,0.5351447,-0.24802367,-1.8962204,3018,-6231,145,181.08,-373.86,8.7,0,0,0,0,0,0,0,0,0,0,0,1,0A285A0A27027607AC03B60135FFF0F9CA3A5A0A2B023F079403C300F5FFC9FAA34D5A0A03021A078D030E00C400BEFBCA0BA9E79100200000184048
2026-09-12T15:45:12.9931287+00:00,10009,173695075,Connected,-1,24,451,1773,916,2.15957,8.48984,4.3861775,-93,427,-842,-0.11362661,0.521705,-1.0287484,3012,-6229,148,180.72,-373.74,8.88,0,0,0,0,0,0,0,0,0,0,0,1,63605A0AC301ED069403A3FFAB01B6FC23735A0A6901A106C90384FFB90290FDFC855A0AEC0022067F04ABFFB6033BFEC40BABE79400200000184048
2026-09-12T15:45:13.0097781+00:00,10010,173709500,Connected,-1,24,137,1460,1272,0.6560113,6.991069,6.090849,5,1074,-379,0.0061089573,1.312204,-0.46305898,3006,-6224,151,180.36,-373.44,9.059999,0,0,0,0,0,0,0,0,0,0,0,1,BC985A0A8900B405F8040500320485FE7CAB5A0A34006D055505700098046EFE3CBE5A0ADDFF3A05D605DA00FD0431FEBE0BB0E79700200000184048
2026-09-12T15:45:13.0265099+00:00,10011,173723900,Connected,-1,24,-107,1292,1601,-0.51235914,6.1866174,7.666234,329,1310,-546,0.4019694,1.6005468,-0.66709816,3008,-6217,150,180.48,-373.02,9,0,0,0,0,0,0,0,0,0,0,0,1,FCD05A0A95FF0C05410649011E05DEFDD5E35A0A7CFF1605C706B401F30479FD95F65A0A89FF1905220700026D041EFDC00BB7E79600200000184048
2026-09-12T15:45:13.0431103+00:00,10013,173752750,Connected,-1,24,7,1297,1682,0.033518825,6.2105594,8.054094,551,312,-893,0.6732071,0.38119894,-1.0910598,3023,-6191,149,181.37999,-371.46,8.94,0,0,0,0,0,0,0,0,0,0,0,1,AE415B0A0700110592062702380183FC6E545B0A19003B05EF05190278007EFC2E675B0A5E00DE053D05E801FFFF83FCCF0BD1E79500200000184048
2026-09-12T15:45:13.0598013+00:00,10014,173767150,Connected,-1,24,126,1644,1270,0.60333884,7.872135,6.081272,369,-14,-848,0.45084107,-0.01710508,-1.0360792,3033,-6181,147,181.98,-370.86,8.82,0,0,0,0,0,0,0,0,0,0,0,1,EE795B0A7E006C06F6047101F2FFB0FCAE8C5B0A430086062C05C800190038FD879F5B0A240014068A05360005000EFED90BDBE79300200000184048
2026-09-12T15:45:13.0764312+00:00,10015,173781575,Connected,-1,24,65,1459,1499,0.31124622,6.9862804,7.177817,-35,-99,-263,-0.0427627,-0.12095736,-0.32133117,3051,-6163,149,183.06,-369.78,8.94,0,0,0,0,0,0,0,0,0,0,0,1,47B25B0A4100B305DB05DDFF9DFFF9FE07C55B0A6900C005CB05A4FFEAFEBAFFC7D75B0A5600BA05B00564FF80FE4B00EB0BEDE79500200000184048
2026-09-12T15:45:13.0931220+00:00,10016,173795975,Connected,-1,24,23,1420,1439,0.110133275,6.799533,6.8905125,-209,-397,169,-0.25535443,-0.4850512,0.20648277,3061,-6155,152,183.65999,-369.3,9.12,0,0,0,0,0,0,0,0,0,0,0,1,87EA5B0A17008C059F052FFF73FEA90060FD5B0AECFF7C0583051BFF78FED30020105C0AFFFF830559051AFF72FED800F50BF5E79800200000184048
2026-09-12T15:45:13.1100275+00:00,10018,173824825,Connected,-1,24,-24,1316,1504,-0.11492168,6.301539,7.201759,-161,-352,313,-0.19670843,-0.4300706,0.38242075,3081,-6144,168,184.86,-368.63998,10.08,0,0,0,0,0,0,0,0,0,0,0,1,395B5C0AE8FF2405E0055FFFA0FE3901F96D5C0A210091055E0570FF03FF1B01B9805C0A6500F405AC049AFF5CFF0701090C00E8A800200000184048
2026-09-12T15:45:13.1431127+00:00,10020,173854000,Connected,-1,24,73,1462,1355,0.34955344,7.0006456,6.4882865,-61,-4,415,-0.07452928,-0.004887166,0.5070435,3093,-6139,188,185.58,-368.34,11.28,0,0,0,0,0,0,0,0,0,0,0,1,30CD5C0A4900B6054B05C3FFFCFF9F0192DE5C0A7400F005E80498FFD8FFA00152F15C0A98000806CA0485FFAEFF8901150C05E8BC00200000184048
2026-09-12T15:45:13.1597829+00:00,10021,173868075,Connected,-1,24,170,1535,1233,0.81402856,7.350199,5.9041014,-128,-113,361,-0.15638931,-0.13806243,0.44106674,3096,-6139,196,185.76,-368.34,11.759999,0,0,0,0,0,0,0,0,0,0,0,1,2B045D0AAA00FF05D10480FF8FFF6901EB165D0AA1000306EA047BFF7DFF4D01AB295D0A87001606EB0467FF6DFF3501180C05E8C400200000184048
2026-09-12T15:45:13.1764421+00:00,10022,173882475,Connected,-1,24,113,1586,1252,0.5410896,7.5944076,5.995081,-195,-141,282,-0.23824935,-0.17227261,0.34454522,3097,-6140,212,185.81999,-368.4,12.719999,0,0,0,0,0,0,0,0,0,0,0,1,6B3C5D0A71003206E4043DFF73FF1A01444F5D0A63005106E3040AFF84FFF50004625D0A51006406FA04D4FEA6FFC300190C04E8D400200000184048
2026-09-12T15:45:13.1931097+00:00,10023,173896900,Connected,-1,24,79,1644,1279,0.37828386,7.872135,6.1243677,-354,-52,129,-0.4325142,-0.06353316,0.1576111,3095,-6143,221,185.7,-368.58,13.259999,0,0,0,0,0,0,0,0,0,0,0,1,C4745D0A4F006C06FF049EFECCFF810084875D0A41008106FB046DFE0B002E005D9A5D0A3500A506010540FE6900C7FF170C01E8DD00200000184048
2026-09-12T15:45:13.2097679+00:00,10024,173911325,Connected,-1,24,90,1781,1293,0.4309563,8.528147,6.191406,-486,219,-177,-0.59379065,0.26757234,-0.2162571,3091,-6153,242,185.45999,-369.18,14.5199995,0,0,0,0,0,0,0,0,0,0,0,1,1DAD5D0A5A00F5060D051AFEDB004FFFDDBF5D0A61006E076205EEFD8101C9FE9DD25D0A3600F107EE05BBFD5F0239FE130CF7E7F200200000184048
2026-09-12T15:45:13.2264300+00:00,10025,173925725,Connected,-1,24,16,2147,1708,0.076614454,10.280702,8.178593,-611,837,-596,-0.7465146,1.0226395,-0.72818774,3087,-6159,256,185.22,-369.53998,15.36,0,0,0,0,0,0,0,0,0,0,0,1,5DE55D0A10006308AC069DFD4503ACFD36F85D0A0600D7084907B8FDD0033CFDF60A5E0ACDFF3909BA071DFEE103FDFC0F0CF1E70001200000184048
2026-09-12T15:45:13.2430991+00:00,10026,173940150,Connected,-1,24,-123,2354,2021,-0.58897364,11.271901,9.677363,-321,930,-805,-0.39219508,1.1362661,-0.98354214,3084,-6173,279,185.04,-370.38,16.74,0,0,0,0,0,0,0,0,0,0,0,1,B61D5E0A85FF3209E507BFFEA203DBFC76305E0A56FFE908AA0793FF1803CDFC4F435E0A3FFF7D08420779007002CEFC0C0CE3E71701200000184048
2026-09-12T15:45:13.2597615+00:00,10027,173954575,Connected,-1,24,-179,2072,1729,-0.8571242,9.921572,8.279149,348,472,-810,0.42518345,0.5766856,-0.9896511,3084,-6181,289,185.04,-370.86,17.34,0,0,0,0,0,0,0,0,0,0,0,1,0F565E0A4DFF1808C1065C01D801D6FCCF685E0A86FFDF077B0615027C01E7FC8F7B5E0A98FF8407C1059E0246010FFD0C0CDBE72101200000184048
2026-09-12T15:45:13.2764362+00:00,10029,173983400,Connected,-1,24,-457,1637,1047,-2.1883004,7.8386164,5.0134583,1073,616,-760,1.3109822,0.75262356,-0.9285615,3090,-6195,312,185.4,-371.69998,18.72,0,0,0,0,0,0,0,0,0,0,0,1,A8C65E0A37FE650617043104680208FD68D95E0A20FE42061E043904430384FC28EC5E0A48FE2D0628041A042104FBFB120CCDE73801200000184048
2026-09-12T15:45:13.2931615+00:00,10030,173997825,Connected,-1,24,-343,1574,1053,-1.6424223,7.536947,5.0421886,992,1227,-1135,1.2120172,1.4991381,-1.3867333,3104,-6201,317,186.23999,-372.06,19.02,0,0,0,0,0,0,0,0,0,0,0,1,01FF5E0AA9FE26061D04E003CB0491FBF3115F0A11FF42060504A4034D055FFB81245F0A41FF43060A046903B10565FB200CC7E73D01200000184048
2026-09-12T15:45:13.3097719+00:00,10031,174012225,Connected,-1,24,-174,1601,1051,-0.8331822,7.666234,5.032612,823,1517,-1136,1.0055344,1.8534577,-1.3879552,3113,-6203,314,186.78,-372.18,18.84,0,0,0,0,0,0,0,0,0,0,0,1,41375F0A52FF41061B043703ED0590FB1A4A5F0A3FFF470645040B031406CAFBDA5C5F0A30FF52068304DB02150606FC290CC5E73A01200000184048
2026-09-12T15:45:13.3264407+00:00,10032,174026650,Connected,-1,24,-224,1621,1221,-1.0726024,7.762002,5.8466406,673,1512,-960,0.8222657,1.8473487,-1.1729199,3123,-6204,310,187.37999,-372.24,18.6,0,0,0,0,0,0,0,0,0,0,0,1,9A6F5F0A20FF5506C504A102E80540FC5A825F0A1BFF5706FF045E02840573FC33955F0A0EFF3C0618051F02F904A1FC330CC4E73601200000184048
2026-09-12T15:45:13.3430996+00:00,10033,174041075,Connected,-1,24,-226,1619,1269,-1.0821792,7.752425,6.0764837,493,1091,-814,0.6023432,1.3329746,-0.99453825,3150,-6201,301,189,-372.06,18.06,0,0,0,0,0,0,0,0,0,0,0,1,F3A75F0A1EFF5306F504ED014304D2FCB3BA5F0A1FFF7B06E704BD019C030BFD73CD5F0A09FFBE06F6048501F70241FD4E0CC7E72D01200000184048
2026-09-12T15:45:13.3597694+00:00,10035,174069900,Connected,-1,24,-192,1911,1237,-0.91937345,9.150639,5.923255,19,471,-491,0.023214038,0.5754638,-0.59989965,3200,-6188,278,192,-371.28,16.68,0,0,0,0,0,0,0,0,0,0,0,1,8C18600A40FF7707D5041300D70115FE652B600A5FFF68079004D5FFE40150FE253E600A5BFF44078204AFFFEC0192FE800CD4E71601200000184048
2026-09-12T15:45:13.3765371+00:00,10036,174084325,Connected,-1,24,-234,1800,1162,-1.1204864,8.619126,5.5641246,-115,522,-307,-0.14050601,0.6377752,-0.37508997,3217,-6183,267,193.01999,-370.97998,16.02,0,0,0,0,0,0,0,0,0,0,0,1,E550600A16FF08078A048DFF0A02CDFEA563600AF8FEEE069E0471FFF001F8FE6576600AEBFEEF0698044DFFA40126FF910CD9E70B01200000184048
2026-09-12T15:45:13.3930972+00:00,10037,174098750,Connected,-1,24,-360,1766,1153,-1.7238252,8.456321,5.521029,-217,355,-187,-0.26512876,0.43373597,-0.228475,3250,-6173,246,195,-370.38,14.759999,0,0,0,0,0,0,0,0,0,0,0,1,3E89600A98FEE606810427FF630145FFFE9B600A55FED70661040AFF39013EFFBEAE600A42FEC1063E04F7FE2B011BFFB20CE3E7F600200000184048
2026-09-12T15:45:13.4264364+00:00,10039,174127575,Connected,-1,24,-366,1736,1077,-1.7525556,8.312668,5.1571107,-161,355,-325,-0.19670843,0.43373597,-0.39708224,3298,-6160,217,197.87999,-369.6,13.0199995,0,0,0,0,0,0,0,0,0,0,0,1,D7F9600A92FEC80635045FFF6301BBFE970C610A63FECE06660484FF6C01CDFE571F610A19FEE506AC049AFF7001EAFEE20CF0E7D900200000184048
2026-09-12T15:45:13.4431010+00:00,10040,174142000,Connected,-1,24,-532,1786,1246,-2.5474305,8.552089,5.9663506,-98,356,-255,-0.11973557,0.43495777,-0.31155682,3313,-6159,209,198.78,-369.53998,12.54,0,0,0,0,0,0,0,0,0,0,0,1,3032610AECFDFA06DE049EFF640101FFF044610AE1FD0D07F50495FF530112FFB057610AFEFD1407EF048FFF3C0120FFF10CF1E7D100200000184048
2026-09-12T15:45:13.4597935+00:00,10041,174156750,Connected,-1,24,-498,1806,1234,-2.384625,8.647857,5.90889,-110,284,-210,-0.13439706,0.3469888,-0.2565762,3339,-6158,195,200.34,-369.47998,11.7,0,0,0,0,0,0,0,0,0,0,0,1,CE6B610A0EFE0E07D20492FF1C012EFF307D610A30FE0807AB04A3FFF7003CFFF08F610A3DFEFC068404BDFFC8004BFF0B0DF2E7C300200000184048
2026-09-12T15:45:13.4764826+00:00,10042,174170825,Connected,-1,24,-465,1778,1148,-2.2266076,8.513782,5.497087,-31,160,-170,-0.037875537,0.19548663,-0.20770456,3351,-6160,192,201.06,-369.6,11.5199995,0,0,0,0,0,0,0,0,0,0,0,1,C9A2610A2FFEF2067C04E1FFA00056FF89B5610A17FEEA06850406007C0058FF49C8610A19FE050780042300600052FF170DF0E7C000200000184048
2026-09-12T15:45:13.4931102+00:00,10043,174185225,Connected,-1,24,-494,1781,1166,-2.3654714,8.528147,5.583278,48,93,-180,0.058645993,0.11362661,-0.21992247,3361,-6161,191,201.65999,-369.66,11.46,0,0,0,0,0,0,0,0,0,0,0,1,09DB610A12FEF5068E0430005D004CFFC9ED610A06FEEE069704300058004DFFA200620A0EFEE106950428004A0058FF210DEFE7BF00200000184048
2026-09-12T15:45:13.5098242+00:00,10045,174214050,Connected,-1,24,-469,1688,1106,-2.2457612,8.082825,5.2959743,19,42,-98,0.023214038,0.051315244,-0.11973557,3383,-6169,189,202.98,-370.13998,11.34,0,0,0,0,0,0,0,0,0,0,0,1,A24B620A2BFE9806520413002A009EFF7B5E620A1EFE8E064B041A003900A8FF3B71620A10FE8F0648041E004800AEFF370DE7E7BD00200000184048
2026-09-12T15:45:13.5431237+00:00,10047,174242900,Connected,-1,24,-505,1655,1069,-2.4181437,7.9248075,5.118803,37,123,-104,0.045206286,0.15028036,-0.12706631,3395,-6179,185,203.7,-370.74,11.099999,0,0,0,0,0,0,0,0,0,0,0,1,54BC620A07FE77062D0425007B0098FF14CF620A26FE8506270424008A008CFFD4E1620A33FE910625041F00960087FF430DDDE7B900200000184048
2026-09-12T15:45:13.5597805+00:00,10048,174257325,Connected,-1,24,-460,1681,1067,-2.2026656,8.049306,5.109226,22,144,-122,0.026879413,0.17593798,-0.14905857,3402,-6184,177,204.12,-371.03998,10.62,0,0,0,0,0,0,0,0,0,0,0,1,ADF4620A34FE91062B041600900086FF6D07630A33FE870621040A007D0083FF2D1A630A25FE710618040100710077FF4A0DD8E7B100200000184048
2026-09-12T15:45:13.5764350+00:00,10049,174271725,Connected,-1,24,-494,1641,1021,-2.3654714,7.85777,4.88896,-4,116,-158,-0.004887166,0.14172782,-0.19304305,3402,-6186,176,204.12,-371.16,10.559999,0,0,0,0,0,0,0,0,0,0,0,1,ED2C630A12FE6906FD03FCFF740062FFAD3F630AF9FD6B060104F8FF870045FF8652630AEAFD7A060704F8FF9B002EFF4A0DD6E7B000200000184048
2026-09-12T15:45:13.5931197+00:00,10051,174300550,Connected,-1,24,-562,1690,1117,-2.6910827,8.0924015,5.3486466,-70,124,-224,-0.0855254,0.15150215,-0.27368128,3412,-6189,168,204.72,-371.34,10.08,0,0,0,0,0,0,0,0,0,0,0,1,869D630ACEFD9A065D04BAFF7C0020FF5FB0630AD0FD940654049BFF6D002BFF1FC3630ACFFD9206510484FF650034FF540DD3E7A800200000184048
2026-09-12T15:45:13.6097777+00:00,10052,174314975,Connected,-1,24,-562,1681,1108,-2.6910827,8.049306,5.305551,-136,97,-197,-0.16616364,0.11851378,-0.24069293,3413,-6188,165,204.78,-371.28,9.9,0,0,0,0,0,0,0,0,0,0,0,1,DFD5630ACEFD9106540478FF61003BFF9FE8630AC0FD9B06670474FF5D0040FF78FB630AB7FDAD067D0477FF5F004DFF550DD4E7A500200000184048
2026-09-12T15:45:13.6264435+00:00,10053,174329400,Connected,-1,24,-599,1728,1168,-2.8682537,8.274361,5.592855,-132,91,-158,-0.16127647,0.111183025,-0.19304305,3417,-6191,166,205.01999,-371.46,9.96,0,0,0,0,0,0,0,0,0,0,0,1,380E640AA9FDC00690047CFF5B0062FFF820640AAAFDC706A00481FF4D007DFFB833640AAEFDCE06B10484FF3600A0FF590DD1E7A600200000184048
2026-09-12T15:45:13.6431298+00:00,10054,174343800,Connected,-1,24,-597,1743,1209,-2.858677,8.346188,5.78918,-124,28,-57,-0.15150215,0.03421016,-0.06964211,3418,-6191,165,205.08,-371.46,9.9,0,0,0,0,0,0,0,0,0,0,0,1,7846640AABFDCF06B90484FF1C00C7FF5159640AB0FDCF06BA0484FFFFFFEFFF116C640AB3FDC506AB0486FFE2FF10005A0DD1E7A500200000184048
2026-09-12T15:45:13.6600883+00:00,10056,174372650,Connected,-1,24,-596,1675,1102,-2.8538885,8.020576,5.2768207,-83,-38,46,-0.10140869,-0.046428077,0.056202408,3424,-6200,162,205.44,-372,9.719999,0,0,0,0,0,0,0,0,0,0,0,1,2AB7640AACFD8B064E04ADFFDAFF2E00EAC9640AAAFD91063C04B9FFF3FF1E00AADC640AB2FD96063704C8FF11000600600DC8E7A200200000184048
2026-09-12T15:45:13.6766158+00:00,10057,174387050,Connected,-1,24,-576,1699,1089,-2.7581203,8.135497,5.2145715,-48,50,-17,-0.058645993,0.061089575,-0.020770455,3428,-6204,161,205.68,-372.24,9.66,0,0,0,0,0,0,0,0,0,0,0,1,6AEF640AC0FDA3064104D0FF3200EFFF4302650AD9FDAC064204D2FF5300DFFF0315650AE0FDB9064D04D4FF6D00DCFF640DC4E7A100200000184048
2026-09-12T15:45:13.7099371+00:00,10058,174401475,Connected,-1,24,-545,1725,1106,-2.60968,8.259995,5.2959743,-45,121,-31,-0.054980617,0.14783677,-0.037875537,3430,-6206,161,205.79999,-372.36,9.66,0,0,0,0,0,0,0,0,0,0,0,1,C327650ADFFDBD065204D3FF7900E1FF833A650ADBFDB2065804CFFF7B00E6FF434D650AD4FDA4065A04CBFF6F00E9FF660DC2E7A100200000184048
2026-09-12T15:45:13.7275839+00:00,10059,174415875,Connected,-1,24,-550,1688,1112,-2.633622,8.082825,5.3247046,-61,89,-28,-0.07452928,0.10873944,-0.03421016,3436,-6210,164,206.15999,-372.6,9.84,0,0,0,0,0,0,0,0,0,0,0,1,0360650ADAFD98065804C3FF5900E4FFDC72650ADBFD8E066204B9FF4500DDFF9C85650AD2FD89066D04B0FF3B00D3FF6C0DBEE7A400200000184048
2026-09-12T15:45:13.7433216+00:00,10061,174444725,Connected,-1,24,-570,1672,1186,-2.72939,8.00621,5.6790466,-102,17,-48,-0.12462273,0.020770455,-0.058645993,3444,-6217,171,206.64,-373.02,10.26,0,0,0,0,0,0,0,0,0,0,0,1,B5D0650AC6FD8806A2049AFF1100D0FF8EE3650ABDFD8306A60492FF0400D5FF35F6650ABCFD7D0699048DFFF8FFD9FF740DB7E7AB00200000184048
2026-09-12T15:45:13.7599556+00:00,10062,174459125,Connected,-1,24,-584,1659,1172,-2.7964275,7.943961,5.6120086,-113,-10,-35,-0.13806243,-0.012217915,-0.0427627,3446,-6219,172,206.76,-373.13998,10.32,0,0,0,0,0,0,0,0,0,0,0,1,F508660AB8FD7B0694048FFFF6FFDDFFCE1B660AB0FD8506940498FFF7FFE3FF8E2E660A9EFD85068C04A9FFFCFFECFF760DB5E7AC00200000184048
2026-09-12T15:45:13.7766182+00:00,10063,174473550,Connected,-1,24,-621,1671,1155,-2.9735985,8.001422,5.530606,-66,4,-10,-0.08063824,0.004887166,-0.012217915,3448,-6223,175,206.87999,-373.38,10.5,0,0,0,0,0,0,0,0,0,0,0,1,4E41660A93FD87068304BEFF0400F6FF0E54660A91FD82068604D1FF1400FDFFCE66660A95FD7E068F04DFFF2800FFFF780DB1E7AF00200000184048
2026-09-12T15:45:13.7932959+00:00,10064,174487950,Connected,-1,24,-619,1663,1197,-2.9640217,7.9631147,5.731719,-27,57,0,-0.03298837,0.06964211,0,3450,-6225,176,207,-373.5,10.559999,0,0,0,0,0,0,0,0,0,0,0,1,8E79660A95FD7F06AD04E5FF39000000678C660A9CFD7B06CA04DCFF36000500279F660AA9FD7406CB04C7FF240007007A0DAFE7B000200000184048
2026-09-12T15:45:13.8099579+00:00,10065,174502375,Connected,-1,24,-576,1640,1202,-2.7581203,7.8529816,5.755661,-74,15,7,-0.09041257,0.018326873,0.00855254,3450,-6228,176,207,-373.68,10.559999,0,0,0,0,0,0,0,0,0,0,0,1,E7B1660AC0FD6806B204B6FF0F000700A7C4660AD2FD5E069004A9FFFFFF040067D7660AD8FD5D068204A3FFEFFFFDFF7A0DACE7B000200000184048
2026-09-12T15:45:13.8266242+00:00,10067,174531200,Connected,-1,24,-555,1614,1142,-2.657564,7.728483,5.4683566,-109,-61,-53,-0.13317527,-0.07452928,-0.06475495,3454,-6231,178,207.23999,-373.86,10.679999,0,0,0,0,0,0,0,0,0,0,0,1,8022670AD5FD4E06760493FFC3FFCBFF4035670AD2FD500670048BFFC8FFBBFF1948670AD3FD53066F0481FFCDFFAFFF7E0DA9E7B200200000184048
2026-09-12T15:45:13.8432924+00:00,10068,174545625,Connected,-1,24,-557,1619,1134,-2.6671407,7.752425,5.4300494,-134,-50,-88,-0.16372006,-0.061089575,-0.10751765,3455,-6234,180,207.29999,-374.03998,10.8,0,0,0,0,0,0,0,0,0,0,0,1,D95A670AD3FD53066E047AFFCEFFA8FF996D670AE5FD5A06760477FFCFFFA2FF5980670AE2FD5F06840478FFD7FFA0FF7F0DA6E7B400200000184048
2026-09-12T15:45:13.8599635+00:00,10069,174560025,Connected,-1,24,-546,1638,1170,-2.6144683,7.843405,5.602432,-130,-29,-94,-0.1588329,-0.035431955,-0.1148484,3456,-6238,179,207.36,-374.28,10.74,0,0,0,0,0,0,0,0,0,0,0,1,1993670ADEFD660692047EFFE3FFA2FFF2A5670ACFFD6F06A10488FFECFFA9FFB2B8670ABEFD76069C0493FFE9FFB2FF800DA2E7B300200000184048
2026-09-12T15:45:13.8766572+00:00,10070,174574450,Connected,-1,24,-580,1652,1165,-2.777274,7.9104424,5.57849,-99,-27,-72,-0.12095736,-0.03298837,-0.08796899,3455,-6240,181,207.29999,-374.4,10.86,0,0,0,0,0,0,0,0,0,0,0,1,72CB670ABCFD74068D049DFFE5FFB8FF32DE670ABEFD76067D04A7FFECFFB9FFF2F0670AC4FD77067204B2FFFEFFBCFF7F0DA0E7B500200000184048
2026-09-12T15:45:13.8932963+00:00,10071,174588850,Connected,-1,24,-561,1644,1138,-2.6862943,7.872135,5.449203,-67,16,-60,-0.08186003,0.019548664,-0.07330749,3455,-6240,181,207.29999,-374.4,10.86,0,0,0,0,0,0,0,0,0,0,0,1,B203680ACFFD6C067204BDFF1000C4FF8B16680AC5FD5A067804C7FF1900CFFF4B29680AC8FD44067704D1FF1B00D8FF7F0DA0E7B500200000184048
2026-09-12T15:45:13.9099868+00:00,10073,174617700,Connected,-1,24,-569,1637,1139,-2.7246015,7.8386164,5.4539914,-80,43,-77,-0.09774332,0.052537035,-0.094077945,3456,-6243,182,207.36,-374.58,10.92,0,0,0,0,0,0,0,0,0,0,0,1,6474680AC7FD65067304B0FF2B00B3FF2487680ACCFD790685049FFF35009CFFE499680ACAFD8806900494FF39008BFF800D9DE7B600200000184048
2026-09-12T15:45:13.9266201+00:00,10074,174632100,Connected,-1,24,-572,1690,1177,-2.7389667,8.0924015,5.6359506,-115,52,-126,-0.14050601,0.06353316,-0.15394573,3454,-6245,182,207.23999,-374.69998,10.92,0,0,0,0,0,0,0,0,0,0,0,1,A4AC680AC4FD9A0699048DFF340082FF64BF680AC1FD9606A50488FF2A007FFF3DD2680ABCFD9006AB0484FF1F0080FF7E0D9BE7B600200000184048
2026-09-12T15:45:13.9432773+00:00,10075,174646525,Connected,-1,24,-591,1670,1195,-2.8299465,7.9966335,5.722142,-127,14,-123,-0.15516752,0.01710508,-0.15028036,3454,-6247,183,207.23999,-374.81998,10.98,0,0,0,0,0,0,0,0,0,0,0,1,FDE4680AB1FD8606AB0481FF0E0085FFBDF7680AA7FD73069F0481FF02008AFF7D0A690A8DFD6E069C0483FF07008FFF7E0D99E7B700200000184048
2026-09-12T15:45:13.9599570+00:00,10076,174660950,Connected,-1,24,-641,1652,1190,-3.0693667,7.9104424,5.6982,-122,21,-109,-0.14905857,0.025657622,-0.13317527,3454,-6252,185,207.23999,-375.12,11.099999,0,0,0,0,0,0,0,0,0,0,0,1,561D690A7FFD7406A60486FF150093FF1630690A7FFD8006B00489FF1E009BFFD642690A89FD8206AF048FFF2200A9FF7E0D94E7B900200000184048
2026-09-12T15:45:13.9766358+00:00,10077,174675350,Connected,-1,24,-624,1666,1197,-2.9879637,7.97748,5.731719,-104,36,-73,-0.12706631,0.043984495,-0.08919078,3456,-6259,188,207.36,-375.53998,11.28,0,0,0,0,0,0,0,0,0,0,0,1,9655690A90FD8206AD0498FF2400B7FF5668690A8DFD8706AB04A4FF2300C6FF2F7B690A88FD8006B004B3FF2100D3FF800D8DE7BC00200000184048
2026-09-12T15:45:13.9932900+00:00,10078,174689775,Connected,-1,24,-648,1664,1203,-3.1028855,7.967903,5.7604494,-61,32,-33,-0.07452928,0.039097328,-0.04031912,3456,-6263,191,207.36,-375.78,11.46,0,0,0,0,0,0,0,0,0,0,0,1,EF8D690A78FD8006B304C3FF2000DFFFAFA0690A72FD8306B904CEFF1C00E8FF6FB3690A6DFD7C06C004D5FF1700EEFF800D89E7BF00200000184048
